#include <stdint.h>

#include <stddef.h>

const size_t sub_0007_model_data_size = 16656;

__attribute__((aligned(16))) const uint8_t sub_0007_model_data[16656] = {
0x00, 0x00, 0x00, 0x00, 0x00, 0x00, 0x00, 0x00, 0x00, 0x00, 0x00, 0x00, 0x00, 0x00, 0x00, 0x00, 
0x00, 0x00, 0x00, 0x00, 0x00, 0x00, 0x00, 0x00, 0x00, 0x00, 0x00, 0x00, 0x00, 0x00, 0x00, 0x00, 
0x00, 0x00, 0x00, 0x00, 0x00, 0x00, 0x00, 0x00, 0x00, 0x00, 0x00, 0x00, 0x00, 0x00, 0x00, 0x00, 
0x00, 0x00, 0x00, 0x00, 0x00, 0x00, 0x00, 0x00, 0x00, 0x00, 0x00, 0x00, 0x00, 0x00, 0x00, 0x00, 
0x00, 0x00, 0x00, 0x00, 0x00, 0x00, 0x00, 0x00, 0x00, 0x00, 0x00, 0x00, 0x00, 0x00, 0x00, 0x00, 
0x00, 0x00, 0x00, 0x00, 0x00, 0x00, 0x00, 0x00, 0x00, 0x00, 0x00, 0x00, 0x00, 0x00, 0x00, 0x00, 
0x00, 0x00, 0x00, 0x00, 0x00, 0x00, 0x00, 0x00, 0x00, 0x00, 0x00, 0x00, 0x00, 0x00, 0x00, 0x00, 
0x00, 0x00, 0x00, 0x00, 0x00, 0x00, 0x00, 0x00, 0x00, 0x00, 0x00, 0x00, 0x00, 0x00, 0x00, 0x00, 
0x00, 0x00, 0x00, 0x00, 0x00, 0x00, 0x00, 0x00, 0x00, 0x00, 0x00, 0x00, 0x00, 0x00, 0x00, 0x00, 
0x00, 0x00, 0x00, 0x00, 0x00, 0x00, 0x00, 0x00, 0x00, 0x00, 0x00, 0x00, 0x00, 0x00, 0x00, 0x00, 
0x00, 0x00, 0x00, 0x00, 0x00, 0x00, 0x00, 0x00, 0x00, 0x00, 0x00, 0x00, 0x00, 0x00, 0x00, 0x00, 
0x00, 0x00, 0x00, 0x00, 0x00, 0x00, 0x00, 0x00, 0x00, 0x00, 0x00, 0x00, 0x00, 0x00, 0x00, 0x00, 
0x00, 0x00, 0x00, 0x00, 0x00, 0x00, 0x00, 0x00, 0x00, 0x00, 0x00, 0x00, 0x00, 0x00, 0x00, 0x00, 
0x00, 0x00, 0x00, 0x00, 0x00, 0x00, 0x00, 0x00, 0x00, 0x00, 0x00, 0x00, 0x00, 0x00, 0x00, 0x00, 
0x00, 0x00, 0x00, 0x00, 0x00, 0x00, 0x00, 0x00, 0x00, 0x00, 0x00, 0x00, 0x00, 0x00, 0x00, 0x00, 
0x00, 0x00, 0x00, 0x00, 0x00, 0x00, 0x00, 0x00, 0x00, 0x00, 0x00, 0x00, 0x00, 0x00, 0x00, 0x00, 
0x00, 0x00, 0x00, 0x00, 0x00, 0x00, 0x00, 0x00, 0x00, 0x00, 0x00, 0x00, 0x00, 0x00, 0x00, 0x00, 
0x00, 0x00, 0x00, 0x00, 0x00, 0x00, 0x00, 0x00, 0x00, 0x00, 0x00, 0x00, 0x00, 0x00, 0x00, 0x00, 
0x00, 0x00, 0x00, 0x00, 0x00, 0x00, 0x00, 0x00, 0x00, 0x00, 0x00, 0x00, 0x00, 0x00, 0x00, 0x00, 
0x00, 0x00, 0x00, 0x00, 0x00, 0x00, 0x00, 0x00, 0x00, 0x00, 0x00, 0x00, 0x00, 0x00, 0x00, 0x00, 
0x00, 0x00, 0x00, 0x00, 0x00, 0x00, 0x00, 0x00, 0x00, 0x00, 0x00, 0x00, 0x00, 0x00, 0x00, 0x00, 
0x00, 0x00, 0x00, 0x00, 0x00, 0x00, 0x00, 0x00, 0x00, 0x00, 0x00, 0x00, 0x00, 0x00, 0x00, 0x00, 
0x00, 0x00, 0x00, 0x00, 0x00, 0x00, 0x00, 0x00, 0x00, 0x00, 0x00, 0x00, 0x00, 0x00, 0x00, 0x00, 
0x00, 0x00, 0x00, 0x00, 0x00, 0x00, 0x00, 0x00, 0x00, 0x00, 0x00, 0x00, 0x00, 0x00, 0x00, 0x00, 
0x00, 0x00, 0x00, 0x00, 0x00, 0x00, 0x00, 0x00, 0x00, 0x00, 0x00, 0x00, 0x00, 0x00, 0x00, 0x00, 
0x00, 0x00, 0x00, 0x00, 0x00, 0x00, 0x00, 0x00, 0x00, 0x00, 0x00, 0x00, 0x00, 0x00, 0x00, 0x00, 
0x00, 0x00, 0x00, 0x00, 0x00, 0x00, 0x00, 0x00, 0x00, 0x00, 0x00, 0x00, 0x00, 0x00, 0x00, 0x00, 
0x00, 0x00, 0x00, 0x00, 0x00, 0x00, 0x00, 0x00, 0x00, 0x00, 0x00, 0x00, 0x00, 0x00, 0x00, 0x00, 
0x00, 0x00, 0x00, 0x00, 0x00, 0x00, 0x00, 0x00, 0x00, 0x00, 0x00, 0x00, 0x00, 0x00, 0x00, 0x00, 
0x00, 0x00, 0x00, 0x00, 0x00, 0x00, 0x00, 0x00, 0x00, 0x00, 0x00, 0x00, 0x00, 0x00, 0x00, 0x00, 
0x00, 0x00, 0x00, 0x00, 0x00, 0x00, 0x00, 0x00, 0x00, 0x00, 0x00, 0x00, 0x00, 0x00, 0x00, 0x00, 
0x00, 0x00, 0x00, 0x00, 0x00, 0x00, 0x00, 0x00, 0x00, 0x00, 0x00, 0x00, 0x00, 0x00, 0x00, 0x00, 
0x00, 0x00, 0x00, 0x00, 0x00, 0x00, 0x00, 0x00, 0x00, 0x00, 0x00, 0x00, 0x00, 0x00, 0x00, 0x00, 
0x00, 0x00, 0x00, 0x00, 0x00, 0x00, 0x00, 0x00, 0x00, 0x00, 0x00, 0x00, 0x00, 0x00, 0x00, 0x00, 
0x00, 0x00, 0x00, 0x00, 0x00, 0x00, 0x00, 0x00, 0x00, 0x00, 0x00, 0x00, 0x00, 0x00, 0x00, 0x00, 
0x00, 0x00, 0x00, 0x00, 0x00, 0x00, 0x00, 0x00, 0x00, 0x00, 0x00, 0x00, 0x00, 0x00, 0x00, 0x00, 
0x00, 0x00, 0x00, 0x00, 0x00, 0x00, 0x00, 0x00, 0x00, 0x00, 0x00, 0x00, 0x00, 0x00, 0x00, 0x00, 
0x00, 0x00, 0x00, 0x00, 0x00, 0x00, 0x00, 0x00, 0x00, 0x00, 0x00, 0x00, 0x00, 0x00, 0x00, 0x00, 
0x00, 0x00, 0x00, 0x00, 0x00, 0x00, 0x00, 0x00, 0x00, 0x00, 0x00, 0x00, 0x00, 0x00, 0x00, 0x00, 
0x00, 0x00, 0x00, 0x00, 0x00, 0x00, 0x00, 0x00, 0x00, 0x00, 0x00, 0x00, 0x00, 0x00, 0x00, 0x00, 
0x00, 0x00, 0x00, 0x00, 0x00, 0x00, 0x00, 0x00, 0x00, 0x00, 0x00, 0x00, 0x00, 0x00, 0x00, 0x00, 
0x00, 0x00, 0x00, 0x00, 0x00, 0x00, 0x00, 0x00, 0x00, 0x00, 0x00, 0x00, 0x00, 0x00, 0x00, 0x00, 
0x00, 0x00, 0x00, 0x00, 0x00, 0x00, 0x00, 0x00, 0x00, 0x00, 0x00, 0x00, 0x00, 0x00, 0x00, 0x00, 
0x00, 0x00, 0x00, 0x00, 0x00, 0x00, 0x00, 0x00, 0x00, 0x00, 0x00, 0x00, 0x00, 0x00, 0x00, 0x00, 
0x00, 0x00, 0x00, 0x00, 0x00, 0x00, 0x00, 0x00, 0x00, 0x00, 0x00, 0x00, 0x00, 0x00, 0x00, 0x00, 
0x00, 0x00, 0x00, 0x00, 0x00, 0x00, 0x00, 0x00, 0x00, 0x00, 0x00, 0x00, 0x00, 0x00, 0x00, 0x00, 
0x00, 0x00, 0x00, 0x00, 0x00, 0x00, 0x00, 0x00, 0x00, 0x00, 0x00, 0x00, 0x00, 0x00, 0x00, 0x00, 
0x00, 0x00, 0x00, 0x00, 0x00, 0x00, 0x00, 0x00, 0x00, 0x00, 0x00, 0x00, 0x00, 0x00, 0x00, 0x00, 
0x00, 0x00, 0x00, 0x00, 0x00, 0x00, 0x00, 0x00, 0x00, 0x00, 0x00, 0x00, 0x00, 0x00, 0x00, 0x00, 
0x00, 0x00, 0x00, 0x00, 0x00, 0x00, 0x00, 0x00, 0x00, 0x00, 0x00, 0x00, 0x00, 0x00, 0x00, 0x00, 
0x00, 0x00, 0x00, 0x00, 0x00, 0x00, 0x00, 0x00, 0x00, 0x00, 0x00, 0x00, 0x00, 0x00, 0x00, 0x00, 
0x00, 0x00, 0x00, 0x00, 0x00, 0x00, 0x00, 0x00, 0x00, 0x00, 0x00, 0x00, 0x00, 0x00, 0x00, 0x00, 
0x00, 0x00, 0x00, 0x00, 0x00, 0x00, 0x00, 0x00, 0x00, 0x00, 0x00, 0x00, 0x00, 0x00, 0x00, 0x00, 
0x00, 0x00, 0x00, 0x00, 0x00, 0x00, 0x00, 0x00, 0x00, 0x00, 0x00, 0x00, 0x00, 0x00, 0x00, 0x00, 
0x00, 0x00, 0x00, 0x00, 0x00, 0x00, 0x00, 0x00, 0x00, 0x00, 0x00, 0x00, 0x00, 0x00, 0x00, 0x00, 
0x00, 0x00, 0x00, 0x00, 0x00, 0x00, 0x00, 0x00, 0x00, 0x00, 0x00, 0x00, 0x00, 0x00, 0x00, 0x00, 
0x00, 0x00, 0x00, 0x00, 0x00, 0x00, 0x00, 0x00, 0x00, 0x00, 0x00, 0x00, 0x00, 0x00, 0x00, 0x00, 
0x00, 0x00, 0x00, 0x00, 0x00, 0x00, 0x00, 0x00, 0x00, 0x00, 0x00, 0x00, 0x00, 0x00, 0x00, 0x00, 
0x00, 0x00, 0x00, 0x00, 0x00, 0x00, 0x00, 0x00, 0x00, 0x00, 0x00, 0x00, 0x00, 0x00, 0x00, 0x00, 
0x00, 0x00, 0x00, 0x00, 0x00, 0x00, 0x00, 0x00, 0x00, 0x00, 0x00, 0x00, 0x00, 0x00, 0x00, 0x00, 
0x00, 0x00, 0x00, 0x00, 0x00, 0x00, 0x00, 0x00, 0x00, 0x00, 0x00, 0x00, 0x00, 0x00, 0x00, 0x00, 
0x00, 0x00, 0x00, 0x00, 0x00, 0x00, 0x00, 0x00, 0x00, 0x00, 0x00, 0x00, 0x00, 0x00, 0x00, 0x00, 
0x00, 0x00, 0x00, 0x00, 0x00, 0x00, 0x00, 0x00, 0x00, 0x00, 0x00, 0x00, 0x00, 0x00, 0x00, 0x00, 
0x00, 0x00, 0x00, 0x00, 0x00, 0x00, 0x00, 0x00, 0x00, 0x00, 0x00, 0x00, 0x00, 0x00, 0x00, 0x00, 
0x00, 0x00, 0x00, 0x00, 0x00, 0x00, 0x00, 0x00, 0x00, 0x00, 0x00, 0x00, 0x00, 0x00, 0x00, 0x00, 
0x00, 0x00, 0x00, 0x00, 0x00, 0x00, 0x00, 0x00, 0x00, 0x00, 0x00, 0x00, 0x00, 0x00, 0x00, 0x00, 
0x00, 0x00, 0x00, 0x00, 0x00, 0x00, 0x00, 0x00, 0x00, 0x00, 0x00, 0x00, 0x00, 0x00, 0x00, 0x00, 
0x00, 0x00, 0x00, 0x00, 0x00, 0x00, 0x00, 0x00, 0x00, 0x00, 0x00, 0x00, 0x00, 0x00, 0x00, 0x00, 
0x00, 0x00, 0x00, 0x00, 0x00, 0x00, 0x00, 0x00, 0x00, 0x00, 0x00, 0x00, 0x00, 0x00, 0x00, 0x00, 
0x00, 0x00, 0x00, 0x00, 0x00, 0x00, 0x00, 0x00, 0x00, 0x00, 0x00, 0x00, 0x00, 0x00, 0x00, 0x00, 
0x00, 0x00, 0x00, 0x00, 0x00, 0x00, 0x00, 0x00, 0x00, 0x00, 0x00, 0x00, 0x00, 0x00, 0x00, 0x00, 
0x00, 0x00, 0x00, 0x00, 0x00, 0x00, 0x00, 0x00, 0x00, 0x00, 0x00, 0x00, 0x00, 0x00, 0x00, 0x00, 
0x00, 0x00, 0x00, 0x00, 0x00, 0x00, 0x00, 0x00, 0x00, 0x00, 0x00, 0x00, 0x00, 0x00, 0x00, 0x00, 
0x00, 0x00, 0x00, 0x00, 0x00, 0x00, 0x00, 0x00, 0x00, 0x00, 0x00, 0x00, 0x00, 0x00, 0x00, 0x00, 
0x00, 0x00, 0x00, 0x00, 0x00, 0x00, 0x00, 0x00, 0x00, 0x00, 0x00, 0x00, 0x00, 0x00, 0x00, 0x00, 
0x00, 0x00, 0x00, 0x00, 0x00, 0x00, 0x00, 0x00, 0x00, 0x00, 0x00, 0x00, 0x00, 0x00, 0x00, 0x00, 
0x00, 0x00, 0x00, 0x00, 0x00, 0x00, 0x00, 0x00, 0x00, 0x00, 0x00, 0x00, 0x00, 0x00, 0x00, 0x00, 
0x00, 0x00, 0x00, 0x00, 0x00, 0x00, 0x00, 0x00, 0x00, 0x00, 0x00, 0x00, 0x00, 0x00, 0x00, 0x00, 
0x00, 0x00, 0x00, 0x00, 0x00, 0x00, 0x00, 0x00, 0x00, 0x00, 0x00, 0x00, 0x00, 0x00, 0x00, 0x00, 
0x00, 0x00, 0x00, 0x00, 0x00, 0x00, 0x00, 0x00, 0x00, 0x00, 0x00, 0x00, 0x00, 0x00, 0x00, 0x00, 
0x00, 0x00, 0x00, 0x00, 0x00, 0x00, 0x00, 0x00, 0x00, 0x00, 0x00, 0x00, 0x00, 0x00, 0x00, 0x00, 
0x00, 0x00, 0x00, 0x00, 0x00, 0x00, 0x00, 0x00, 0x00, 0x00, 0x00, 0x00, 0x00, 0x00, 0x00, 0x00, 
0x00, 0x00, 0x00, 0x00, 0x00, 0x00, 0x00, 0x00, 0x00, 0x00, 0x00, 0x00, 0x00, 0x00, 0x00, 0x00, 
0x00, 0x00, 0x00, 0x00, 0x00, 0x00, 0x00, 0x00, 0x00, 0x00, 0x00, 0x00, 0x00, 0x00, 0x00, 0x00, 
0x00, 0x00, 0x00, 0x00, 0x00, 0x00, 0x00, 0x00, 0x00, 0x00, 0x00, 0x00, 0x00, 0x00, 0x00, 0x00, 
0x00, 0x00, 0x00, 0x00, 0x00, 0x00, 0x00, 0x00, 0x00, 0x00, 0x00, 0x00, 0x00, 0x00, 0x00, 0x00, 
0x00, 0x00, 0x00, 0x00, 0x00, 0x00, 0x00, 0x00, 0x00, 0x00, 0x00, 0x00, 0x00, 0x00, 0x00, 0x00, 
0x00, 0x00, 0x00, 0x00, 0x00, 0x00, 0x00, 0x00, 0x00, 0x00, 0x00, 0x00, 0x00, 0x00, 0x00, 0x00, 
0x00, 0x00, 0x00, 0x00, 0x00, 0x00, 0x00, 0x00, 0x00, 0x00, 0x00, 0x00, 0x00, 0x00, 0x00, 0x00, 
0x00, 0x00, 0x00, 0x00, 0x00, 0x00, 0x00, 0x00, 0x00, 0x00, 0x00, 0x00, 0x00, 0x00, 0x00, 0x00, 
0x00, 0x00, 0x00, 0x00, 0x00, 0x00, 0x00, 0x00, 0x00, 0x00, 0x00, 0x00, 0x00, 0x00, 0x00, 0x00, 
0x00, 0x00, 0x00, 0x00, 0x00, 0x00, 0x00, 0x00, 0x00, 0x00, 0x00, 0x00, 0x00, 0x00, 0x00, 0x00, 
0x00, 0x00, 0x00, 0x00, 0x00, 0x00, 0x00, 0x00, 0x00, 0x00, 0x00, 0x00, 0x00, 0x00, 0x00, 0x00, 
0x00, 0x00, 0x00, 0x00, 0x00, 0x00, 0x00, 0x00, 0x00, 0x00, 0x00, 0x00, 0x00, 0x00, 0x00, 0x00, 
0x00, 0x00, 0x00, 0x00, 0x00, 0x00, 0x00, 0x00, 0x00, 0x00, 0x00, 0x00, 0x00, 0x00, 0x00, 0x00, 
0x00, 0x00, 0x00, 0x00, 0x00, 0x00, 0x00, 0x00, 0x00, 0x00, 0x00, 0x00, 0x00, 0x00, 0x00, 0x00, 
0x00, 0x00, 0x00, 0x00, 0x00, 0x00, 0x00, 0x00, 0x00, 0x00, 0x00, 0x00, 0x00, 0x00, 0x00, 0x00, 
0x00, 0x00, 0x00, 0x00, 0x00, 0x00, 0x00, 0x00, 0x00, 0x00, 0x00, 0x00, 0x00, 0x00, 0x00, 0x00, 
0x00, 0x00, 0x00, 0x00, 0x00, 0x00, 0x00, 0x00, 0x00, 0x00, 0x00, 0x00, 0x00, 0x00, 0x00, 0x00, 
0x00, 0x00, 0x00, 0x00, 0x00, 0x00, 0x00, 0x00, 0x00, 0x00, 0x00, 0x00, 0x00, 0x00, 0x00, 0x00, 
0x00, 0x00, 0x00, 0x00, 0x00, 0x00, 0x00, 0x00, 0x00, 0x00, 0x00, 0x00, 0x00, 0x00, 0x00, 0x00, 
0x00, 0x00, 0x00, 0x00, 0x00, 0x00, 0x00, 0x00, 0x00, 0x00, 0x00, 0x00, 0x00, 0x00, 0x00, 0x00, 
0x00, 0x00, 0x00, 0x00, 0x00, 0x00, 0x00, 0x00, 0x00, 0x00, 0x00, 0x00, 0x00, 0x00, 0x00, 0x00, 
0x00, 0x00, 0x00, 0x00, 0x00, 0x00, 0x00, 0x00, 0x00, 0x00, 0x00, 0x00, 0x00, 0x00, 0x00, 0x00, 
0x00, 0x00, 0x00, 0x00, 0x00, 0x00, 0x00, 0x00, 0x00, 0x00, 0x00, 0x00, 0x00, 0x00, 0x00, 0x00, 
0x00, 0x00, 0x00, 0x00, 0x00, 0x00, 0x00, 0x00, 0x00, 0x00, 0x00, 0x00, 0x00, 0x00, 0x00, 0x00, 
0x00, 0x00, 0x00, 0x00, 0x00, 0x00, 0x00, 0x00, 0x00, 0x00, 0x00, 0x00, 0x00, 0x00, 0x00, 0x00, 
0x00, 0x00, 0x00, 0x00, 0x00, 0x00, 0x00, 0x00, 0x00, 0x00, 0x00, 0x00, 0x00, 0x00, 0x00, 0x00, 
0x00, 0x00, 0x00, 0x00, 0x00, 0x00, 0x00, 0x00, 0x00, 0x00, 0x00, 0x00, 0x00, 0x00, 0x00, 0x00, 
0x00, 0x00, 0x00, 0x00, 0x00, 0x00, 0x00, 0x00, 0x00, 0x00, 0x00, 0x00, 0x00, 0x00, 0x00, 0x00, 
0x00, 0x00, 0x00, 0x00, 0x00, 0x00, 0x00, 0x00, 0x00, 0x00, 0x00, 0x00, 0x00, 0x00, 0x00, 0x00, 
0x00, 0x00, 0x00, 0x00, 0x00, 0x00, 0x00, 0x00, 0x00, 0x00, 0x00, 0x00, 0x00, 0x00, 0x00, 0x00, 
0x00, 0x00, 0x00, 0x00, 0x00, 0x00, 0x00, 0x00, 0x00, 0x00, 0x00, 0x00, 0x00, 0x00, 0x00, 0x00, 
0x00, 0x00, 0x00, 0x00, 0x00, 0x00, 0x00, 0x00, 0x00, 0x00, 0x00, 0x00, 0x00, 0x00, 0x00, 0x00, 
0x00, 0x00, 0x00, 0x00, 0x00, 0x00, 0x00, 0x00, 0x00, 0x00, 0x00, 0x00, 0x00, 0x00, 0x00, 0x00, 
0x00, 0x00, 0x00, 0x00, 0x00, 0x00, 0x00, 0x00, 0x00, 0x00, 0x00, 0x00, 0x00, 0x00, 0x00, 0x00, 
0x00, 0x00, 0x00, 0x00, 0x00, 0x00, 0x00, 0x00, 0x00, 0x00, 0x00, 0x00, 0x00, 0x00, 0x00, 0x00, 
0x00, 0x00, 0x00, 0x00, 0x00, 0x00, 0x00, 0x00, 0x00, 0x00, 0x00, 0x00, 0x00, 0x00, 0x00, 0x00, 
0x00, 0x00, 0x00, 0x00, 0x00, 0x00, 0x00, 0x00, 0x00, 0x00, 0x00, 0x00, 0x00, 0x00, 0x00, 0x00, 
0x00, 0x00, 0x00, 0x00, 0x00, 0x00, 0x00, 0x00, 0x00, 0x00, 0x00, 0x00, 0x00, 0x00, 0x00, 0x00, 
0x00, 0x00, 0x00, 0x00, 0x00, 0x00, 0x00, 0x00, 0x00, 0x00, 0x00, 0x00, 0x00, 0x00, 0x00, 0x00, 
0x00, 0x00, 0x00, 0x00, 0x00, 0x00, 0x00, 0x00, 0x00, 0x00, 0x00, 0x00, 0x00, 0x00, 0x00, 0x00, 
0x00, 0x00, 0x00, 0x00, 0x00, 0x00, 0x00, 0x00, 0x00, 0x00, 0x00, 0x00, 0x00, 0x00, 0x00, 0x00, 
0x00, 0x00, 0x00, 0x00, 0x00, 0x00, 0x00, 0x00, 0x00, 0x00, 0x00, 0x00, 0x00, 0x00, 0x00, 0x00, 
0x00, 0x00, 0x00, 0x00, 0x00, 0x00, 0x00, 0x00, 0x00, 0x00, 0x00, 0x00, 0x00, 0x00, 0x00, 0x00, 
0x00, 0x00, 0x00, 0x00, 0x00, 0x00, 0x00, 0x00, 0x00, 0x00, 0x00, 0x00, 0x00, 0x00, 0x00, 0x00, 
0x00, 0x00, 0x00, 0x00, 0x00, 0x00, 0x00, 0x00, 0x00, 0x00, 0x00, 0x00, 0x00, 0x00, 0x00, 0x00, 
0x00, 0x00, 0x00, 0x00, 0x00, 0x00, 0x00, 0x00, 0x00, 0x00, 0x00, 0x00, 0x00, 0x00, 0x00, 0x00, 
0x00, 0x00, 0x00, 0x00, 0x00, 0x00, 0x00, 0x00, 0x00, 0x00, 0x00, 0x00, 0x00, 0x00, 0x00, 0x00, 
0x00, 0x00, 0x00, 0x00, 0x00, 0x00, 0x00, 0x00, 0x00, 0x00, 0x00, 0x00, 0x00, 0x00, 0x00, 0x00, 
0x00, 0x00, 0x00, 0x00, 0x00, 0x00, 0x00, 0x00, 0x00, 0x00, 0x00, 0x00, 0x00, 0x00, 0x00, 0x00, 
0x00, 0x00, 0x00, 0x00, 0x00, 0x00, 0x00, 0x00, 0x00, 0x00, 0x00, 0x00, 0x00, 0x00, 0x00, 0x00, 
0x00, 0x00, 0x00, 0x00, 0x00, 0x00, 0x00, 0x00, 0x00, 0x00, 0x00, 0x00, 0x00, 0x00, 0x00, 0x00, 
0x00, 0x00, 0x00, 0x00, 0x00, 0x00, 0x00, 0x00, 0x00, 0x00, 0x00, 0x00, 0x00, 0x00, 0x00, 0x00, 
0x00, 0x00, 0x00, 0x00, 0x00, 0x00, 0x00, 0x00, 0x00, 0x00, 0x00, 0x00, 0x00, 0x00, 0x00, 0x00, 
0x00, 0x00, 0x00, 0x00, 0x00, 0x00, 0x00, 0x00, 0x00, 0x00, 0x00, 0x00, 0x00, 0x00, 0x00, 0x00, 
0x00, 0x00, 0x00, 0x00, 0x00, 0x00, 0x00, 0x00, 0x00, 0x00, 0x00, 0x00, 0x00, 0x00, 0x00, 0x00, 
0x00, 0x00, 0x00, 0x00, 0x00, 0x00, 0x00, 0x00, 0x00, 0x00, 0x00, 0x00, 0x00, 0x00, 0x00, 0x00, 
0x00, 0x00, 0x00, 0x00, 0x00, 0x00, 0x00, 0x00, 0x00, 0x00, 0x00, 0x00, 0x00, 0x00, 0x00, 0x00, 
0x00, 0x00, 0x00, 0x00, 0x00, 0x00, 0x00, 0x00, 0x00, 0x00, 0x00, 0x00, 0x00, 0x00, 0x00, 0x00, 
0x00, 0x00, 0x00, 0x00, 0x00, 0x00, 0x00, 0x00, 0x00, 0x00, 0x00, 0x00, 0x00, 0x00, 0x00, 0x00, 
0x00, 0x00, 0x00, 0x00, 0x00, 0x00, 0x00, 0x00, 0x00, 0x00, 0x00, 0x00, 0x00, 0x00, 0x00, 0x00, 
0x00, 0x00, 0x00, 0x00, 0x00, 0x00, 0x00, 0x00, 0x00, 0x00, 0x00, 0x00, 0x00, 0x00, 0x00, 0x00, 
0x00, 0x00, 0x00, 0x00, 0x00, 0x00, 0x00, 0x00, 0x00, 0x00, 0x00, 0x00, 0x00, 0x00, 0x00, 0x00, 
0x00, 0x00, 0x00, 0x00, 0x00, 0x00, 0x00, 0x00, 0x00, 0x00, 0x00, 0x00, 0x00, 0x00, 0x00, 0x00, 
0x00, 0x00, 0x00, 0x00, 0x00, 0x00, 0x00, 0x00, 0x00, 0x00, 0x00, 0x00, 0x00, 0x00, 0x00, 0x00, 
0x00, 0x00, 0x00, 0x00, 0x00, 0x00, 0x00, 0x00, 0x00, 0x00, 0x00, 0x00, 0x00, 0x00, 0x00, 0x00, 
0x00, 0x00, 0x00, 0x00, 0x00, 0x00, 0x00, 0x00, 0x00, 0x00, 0x00, 0x00, 0x00, 0x00, 0x00, 0x00, 
0x00, 0x00, 0x00, 0x00, 0x00, 0x00, 0x00, 0x00, 0x00, 0x00, 0x00, 0x00, 0x00, 0x00, 0x00, 0x00, 
0x00, 0x00, 0x00, 0x00, 0x00, 0x00, 0x00, 0x00, 0x00, 0x00, 0x00, 0x00, 0x00, 0x00, 0x00, 0x00, 
0x00, 0x00, 0x00, 0x00, 0x00, 0x00, 0x00, 0x00, 0x00, 0x00, 0x00, 0x00, 0x00, 0x00, 0x00, 0x00, 
0x00, 0x00, 0x00, 0x00, 0x00, 0x00, 0x00, 0x00, 0x00, 0x00, 0x00, 0x00, 0x00, 0x00, 0x00, 0x00, 
0x00, 0x00, 0x00, 0x00, 0x00, 0x00, 0x00, 0x00, 0x00, 0x00, 0x00, 0x00, 0x00, 0x00, 0x00, 0x00, 
0x00, 0x00, 0x00, 0x00, 0x00, 0x00, 0x00, 0x00, 0x00, 0x00, 0x00, 0x00, 0x00, 0x00, 0x00, 0x00, 
0x00, 0x00, 0x00, 0x00, 0x00, 0x00, 0x00, 0x00, 0x00, 0x00, 0x00, 0x00, 0x00, 0x00, 0x00, 0x00, 
0x00, 0x00, 0x00, 0x00, 0x00, 0x00, 0x00, 0x00, 0x00, 0x00, 0x00, 0x00, 0x00, 0x00, 0x00, 0x00, 
0x00, 0x00, 0x00, 0x00, 0x00, 0x00, 0x00, 0x00, 0x00, 0x00, 0x00, 0x00, 0x00, 0x00, 0x00, 0x00, 
0x00, 0x00, 0x00, 0x00, 0x00, 0x00, 0x00, 0x00, 0x00, 0x00, 0x00, 0x00, 0x00, 0x00, 0x00, 0x00, 
0x00, 0x00, 0x00, 0x00, 0x00, 0x00, 0x00, 0x00, 0x00, 0x00, 0x00, 0x00, 0x00, 0x00, 0x00, 0x00, 
0x00, 0x00, 0x00, 0x00, 0x00, 0x00, 0x00, 0x00, 0x00, 0x00, 0x00, 0x00, 0x00, 0x00, 0x00, 0x00, 
0x00, 0x00, 0x00, 0x00, 0x00, 0x00, 0x00, 0x00, 0x00, 0x00, 0x00, 0x00, 0x00, 0x00, 0x00, 0x00, 
0x00, 0x00, 0x00, 0x00, 0x00, 0x00, 0x00, 0x00, 0x00, 0x00, 0x00, 0x00, 0x00, 0x00, 0x00, 0x00, 
0x00, 0x00, 0x00, 0x00, 0x00, 0x00, 0x00, 0x00, 0x00, 0x00, 0x00, 0x00, 0x00, 0x00, 0x00, 0x00, 
0x00, 0x00, 0x00, 0x00, 0x00, 0x00, 0x00, 0x00, 0x00, 0x00, 0x00, 0x00, 0x00, 0x00, 0x00, 0x00, 
0x00, 0x00, 0x00, 0x00, 0x00, 0x00, 0x00, 0x00, 0x00, 0x00, 0x00, 0x00, 0x00, 0x00, 0x00, 0x00, 
0x00, 0x00, 0x00, 0x00, 0x00, 0x00, 0x00, 0x00, 0x00, 0x00, 0x00, 0x00, 0x00, 0x00, 0x00, 0x00, 
0x00, 0x00, 0x00, 0x00, 0x00, 0x00, 0x00, 0x00, 0x00, 0x00, 0x00, 0x00, 0x00, 0x00, 0x00, 0x00, 
0x00, 0x00, 0x00, 0x00, 0x00, 0x00, 0x00, 0x00, 0x00, 0x00, 0x00, 0x00, 0x00, 0x00, 0x00, 0x00, 
0x00, 0x00, 0x00, 0x00, 0x00, 0x00, 0x00, 0x00, 0x00, 0x00, 0x00, 0x00, 0x00, 0x00, 0x00, 0x00, 
0x00, 0x00, 0x00, 0x00, 0x00, 0x00, 0x00, 0x00, 0x00, 0x00, 0x00, 0x00, 0x00, 0x00, 0x00, 0x00, 
0x00, 0x00, 0x00, 0x00, 0x00, 0x00, 0x00, 0x00, 0x00, 0x00, 0x00, 0x00, 0x00, 0x00, 0x00, 0x00, 
0x00, 0x00, 0x00, 0x00, 0x00, 0x00, 0x00, 0x00, 0x00, 0x00, 0x00, 0x00, 0x00, 0x00, 0x00, 0x00, 
0x00, 0x00, 0x00, 0x00, 0x00, 0x00, 0x00, 0x00, 0x00, 0x00, 0x00, 0x00, 0x00, 0x00, 0x00, 0x00, 
0x00, 0x00, 0x00, 0x00, 0x00, 0x00, 0x00, 0x00, 0x00, 0x00, 0x00, 0x00, 0x00, 0x00, 0x00, 0x00, 
0x00, 0x00, 0x00, 0x00, 0x00, 0x00, 0x00, 0x00, 0x00, 0x00, 0x00, 0x00, 0x00, 0x00, 0x00, 0x00, 
0x00, 0x00, 0x00, 0x00, 0x00, 0x00, 0x00, 0x00, 0x00, 0x00, 0x00, 0x00, 0x00, 0x00, 0x00, 0x00, 
0x00, 0x00, 0x00, 0x00, 0x00, 0x00, 0x00, 0x00, 0x00, 0x00, 0x00, 0x00, 0x00, 0x00, 0x00, 0x00, 
0x00, 0x00, 0x00, 0x00, 0x00, 0x00, 0x00, 0x00, 0x00, 0x00, 0x00, 0x00, 0x00, 0x00, 0x00, 0x00, 
0x00, 0x00, 0x00, 0x00, 0x00, 0x00, 0x00, 0x00, 0x00, 0x00, 0x00, 0x00, 0x00, 0x00, 0x00, 0x00, 
0x00, 0x00, 0x00, 0x00, 0x00, 0x00, 0x00, 0x00, 0x00, 0x00, 0x00, 0x00, 0x00, 0x00, 0x00, 0x00, 
0x00, 0x00, 0x00, 0x00, 0x00, 0x00, 0x00, 0x00, 0x00, 0x00, 0x00, 0x00, 0x00, 0x00, 0x00, 0x00, 
0x00, 0x00, 0x00, 0x00, 0x00, 0x00, 0x00, 0x00, 0x00, 0x00, 0x00, 0x00, 0x00, 0x00, 0x00, 0x00, 
0x00, 0x00, 0x00, 0x00, 0x00, 0x00, 0x00, 0x00, 0x00, 0x00, 0x00, 0x00, 0x00, 0x00, 0x00, 0x00, 
0x00, 0x00, 0x00, 0x00, 0x00, 0x00, 0x00, 0x00, 0x00, 0x00, 0x00, 0x00, 0x00, 0x00, 0x00, 0x00, 
0x00, 0x00, 0x00, 0x00, 0x00, 0x00, 0x00, 0x00, 0x00, 0x00, 0x00, 0x00, 0x00, 0x00, 0x00, 0x00, 
0x00, 0x00, 0x00, 0x00, 0x00, 0x00, 0x00, 0x00, 0x00, 0x00, 0x00, 0x00, 0x00, 0x00, 0x00, 0x00, 
0x00, 0x00, 0x00, 0x00, 0x00, 0x00, 0x00, 0x00, 0x00, 0x00, 0x00, 0x00, 0x00, 0x00, 0x00, 0x00, 
0x00, 0x00, 0x00, 0x00, 0x00, 0x00, 0x00, 0x00, 0x00, 0x00, 0x00, 0x00, 0x00, 0x00, 0x00, 0x00, 
0x00, 0x00, 0x00, 0x00, 0x00, 0x00, 0x00, 0x00, 0x00, 0x00, 0x00, 0x00, 0x00, 0x00, 0x00, 0x00, 
0x00, 0x00, 0x00, 0x00, 0x00, 0x00, 0x00, 0x00, 0x00, 0x00, 0x00, 0x00, 0x00, 0x00, 0x00, 0x00, 
0x00, 0x00, 0x00, 0x00, 0x00, 0x00, 0x00, 0x00, 0x00, 0x00, 0x00, 0x00, 0x00, 0x00, 0x00, 0x00, 
0x00, 0x00, 0x00, 0x00, 0x00, 0x00, 0x00, 0x00, 0x00, 0x00, 0x00, 0x00, 0x00, 0x00, 0x00, 0x00, 
0x00, 0x00, 0x00, 0x00, 0x00, 0x00, 0x00, 0x00, 0x00, 0x00, 0x00, 0x00, 0x00, 0x00, 0x00, 0x00, 
0x00, 0x00, 0x00, 0x00, 0x00, 0x00, 0x00, 0x00, 0x00, 0x00, 0x00, 0x00, 0x00, 0x00, 0x00, 0x00, 
0x00, 0x00, 0x00, 0x00, 0x00, 0x00, 0x00, 0x00, 0x00, 0x00, 0x00, 0x00, 0x00, 0x00, 0x00, 0x00, 
0x00, 0x00, 0x00, 0x00, 0x00, 0x00, 0x00, 0x00, 0x00, 0x00, 0x00, 0x00, 0x00, 0x00, 0x00, 0x00, 
0x00, 0x00, 0x00, 0x00, 0x00, 0x00, 0x00, 0x00, 0x00, 0x00, 0x00, 0x00, 0x00, 0x00, 0x00, 0x00, 
0x00, 0x00, 0x00, 0x00, 0x00, 0x00, 0x00, 0x00, 0x00, 0x00, 0x00, 0x00, 0x00, 0x00, 0x00, 0x00, 
0x00, 0x00, 0x00, 0x00, 0x00, 0x00, 0x00, 0x00, 0x00, 0x00, 0x00, 0x00, 0x00, 0x00, 0x00, 0x00, 
0x00, 0x00, 0x00, 0x00, 0x00, 0x00, 0x00, 0x00, 0x00, 0x00, 0x00, 0x00, 0x00, 0x00, 0x00, 0x00, 
0x00, 0x00, 0x00, 0x00, 0x00, 0x00, 0x00, 0x00, 0x00, 0x00, 0x00, 0x00, 0x00, 0x00, 0x00, 0x00, 
0xfd, 0x03, 0x00, 0x00, 0x00, 0x55, 0x35, 0xa6, 0x54, 0x26, 0x00, 0x08, 0x00, 0x00, 0x00, 0x76, 
0xab, 0xdc, 0x59, 0x25, 0xf3, 0xfb, 0xff, 0xff, 0xff, 0x00, 0xe3, 0x4a, 0x43, 0x25, 0x36, 0x09, 
0x00, 0x00, 0x00, 0x34, 0x6e, 0x30, 0x47, 0x26, 0x9b, 0xf9, 0xff, 0xff, 0xff, 0xad, 0xac, 0x5f, 
0x70, 0x26, 0x71, 0x10, 0x00, 0x00, 0x00, 0x10, 0x1e, 0x7b, 0x43, 0x26, 0xe5, 0xfc, 0xff, 0xff, 
0xff, 0xd8, 0x48, 0x80, 0x70, 0x26, 0x40, 0x0c, 0x00, 0x00, 0x00, 0x4c, 0x4d, 0x94, 0x50, 0x26, 
0x2f, 0x07, 0x00, 0x00, 0x00, 0x10, 0x53, 0x91, 0x53, 0x26, 0x09, 0x0b, 0x00, 0x00, 0x00, 0xcf, 
0xbc, 0x71, 0x44, 0x26, 0x12, 0x11, 0x00, 0x00, 0x00, 0x6e, 0x0f, 0x66, 0x6c, 0x26, 0x98, 0x09, 
0x00, 0x00, 0x00, 0x8f, 0xc8, 0x80, 0x4a, 0x26, 0x72, 0x08, 0x00, 0x00, 0x00, 0x89, 0x60, 0x2f, 
0x7a, 0x26, 0x8a, 0x02, 0x00, 0x00, 0x00, 0xd0, 0x26, 0x25, 0x5e, 0x27, 0x39, 0x0d, 0x00, 0x00, 
0x00, 0xf2, 0x99, 0xbd, 0x50, 0x26, 0x2e, 0x15, 0x00, 0x00, 0x00, 0x77, 0x7d, 0x4b, 0x58, 0x27, 
0xa0, 0xf5, 0xff, 0xff, 0xff, 0xe6, 0x8e, 0x63, 0x69, 0x26, 0xd3, 0xf9, 0xff, 0xff, 0xff, 0x99, 
0xe1, 0x66, 0x53, 0x25, 0xb6, 0xfa, 0xff, 0xff, 0xff, 0x27, 0xa7, 0x7d, 0x7e, 0x26, 0x2e, 0x0c, 
0x00, 0x00, 0x00, 0xed, 0xa5, 0x81, 0x5c, 0x26, 0xe5, 0x09, 0x00, 0x00, 0x00, 0x59, 0x20, 0x08, 
0x72, 0x26, 0xae, 0x0d, 0x00, 0x00, 0x00, 0xa3, 0x18, 0xbd, 0x72, 0x27, 0xf9, 0x0f, 0x00, 0x00, 
0x00, 0xe3, 0x4d, 0x30, 0x5d, 0x26, 0x37, 0x04, 0x00, 0x00, 0x00, 0xbb, 0x7f, 0x0d, 0x48, 0x26, 
0xa8, 0x11, 0x54, 0x01, 0x6c, 0xdb, 0x00, 0xf0, 0xfd, 0x0f, 0x71, 0xad, 0xdb, 0x01, 0xfc, 0x0e, 
0x00, 0x38, 0x70, 0x52, 0xbb, 0x81, 0xa3, 0xe4, 0x7f, 0xdb, 0xa1, 0x49, 0x5e, 0xfe, 0xa4, 0xc2, 
0xdf, 0x00, 0xe0, 0xfe, 0x0a, 0x8d, 0xd8, 0x58, 0xf7, 0x1b, 0xde, 0xc0, 0xf8, 0x01, 0x80, 0x37, 
0xd1, 0x4a, 0x95, 0xa3, 0xc7, 0x2f, 0x13, 0x35, 0x5e, 0xfb, 0xfe, 0x00, 0x60, 0x9c, 0x1f, 0x78, 
0x41, 0x79, 0xf3, 0xe7, 0x0d, 0x35, 0x04, 0x71, 0x28, 0xae, 0x1d, 0x01, 0xf0, 0xa1, 0xc6, 0x13, 
0xbb, 0x12, 0x60, 0x00, 0x40, 0x60, 0xdb, 0xab, 0xe1, 0x33, 0x36, 0x3d, 0x5d, 0xa3, 0xa7, 0x5c, 
0xa6, 0xd1, 0x05, 0x84, 0xe1, 0xc6, 0xcc, 0x97, 0x9d, 0x81, 0x1e, 0xcb, 0x7b, 0x01, 0xa2, 0x52, 
0x36, 0xcf, 0x68, 0x45, 0xb4, 0xde, 0x35, 0x00, 0xa0, 0xad, 0xa9, 0xd9, 0x53, 0xa4, 0xba, 0x22, 
0xa1, 0x58, 0xf8, 0x2e, 0x33, 0x0e, 0x00, 0x54, 0x7f, 0x19, 0x66, 0x0d, 0x54, 0x96, 0xbb, 0xfa, 
0xdf, 0x00, 0x00, 0x30, 0xb0, 0x5e, 0x1d, 0x24, 0x00, 0xf0, 0x95, 0x24, 0xaa, 0xb8, 0x3c, 0x01, 
0xf7, 0x3c, 0x5d, 0xa3, 0xc4, 0x6a, 0x45, 0xb5, 0x9b, 0x7a, 0x00, 0x78, 0x87, 0xa7, 0x7e, 0x12, 
0xca, 0xad, 0x7b, 0xf3, 0x74, 0x2d, 0xf5, 0x10, 0x00, 0x20, 0xf8, 0xe3, 0xe3, 0xc0, 0x5f, 0x07, 
0x00, 0x25, 0x92, 0x8c, 0x53, 0xfa, 0x65, 0x9f, 0xbd, 0x5b, 0x8d, 0x17, 0x6e, 0xa9, 0x47, 0x6b, 
0xfc, 0xf7, 0xeb, 0xff, 0x77, 0x4d, 0xf4, 0x3c, 0x0e, 0xf6, 0xff, 0x7f, 0x84, 0x5d, 0xe1, 0xf5, 
0xff, 0xff, 0xff, 0xff, 0x0f, 0x70, 0xf4, 0x00, 0x80, 0x9e, 0xf6, 0x00, 0xa0, 0xd9, 0x5a, 0x97, 
0x7d, 0x23, 0xf1, 0x93, 0x1a, 0x1d, 0x2d, 0xb6, 0xed, 0x00, 0xd6, 0x05, 0x00, 0x7e, 0x25, 0xc8, 
0x41, 0xc1, 0x44, 0xbf, 0x57, 0x00, 0xd0, 0x14, 0x01, 0x3b, 0x6a, 0x90, 0x7e, 0xdb, 0x24, 0x0a, 
0x59, 0x81, 0x76, 0xed, 0x09, 0x20, 0xfa, 0x26, 0xb4, 0xad, 0x78, 0xdd, 0xfe, 0x1f, 0x6f, 0xe0, 
0x34, 0xa4, 0xcf, 0x04, 0x00, 0xf6, 0x7b, 0x97, 0xbb, 0xb2, 0x9f, 0x0a, 0x52, 0x06, 0xde, 0xe9, 
0x1d, 0x00, 0x6a, 0xa9, 0xfc, 0x28, 0xaa, 0xff, 0xdf, 0x6d, 0x2d, 0x57, 0x49, 0xd1, 0x74, 0x2c, 
0x08, 0xbc, 0xb8, 0x70, 0xf7, 0xbb, 0x7b, 0x6d, 0xb4, 0x4c, 0xf9, 0xde, 0x1b, 0x20, 0x5a, 0xdb, 
0xbb, 0x2b, 0xfb, 0xb6, 0x8f, 0xa4, 0xb9, 0xe2, 0x5f, 0x20, 0x00, 0x14, 0x11, 0xd3, 0xc8, 0x3f, 
0x07, 0x00, 0x77, 0xc3, 0x1b, 0x7f, 0x1c, 0xfd, 0xfc, 0xff, 0xbf, 0xae, 0x73, 0xcf, 0xbf, 0xfb, 
0x0b, 0xce, 0x96, 0xe6, 0xad, 0x74, 0x00, 0x70, 0x27, 0x3f, 0x4f, 0xde, 0xd6, 0xfd, 0x2f, 0x00, 
0x38, 0x7a, 0xb6, 0x92, 0xea, 0x8b, 0x3f, 0xe9, 0x5c, 0x36, 0x36, 0x25, 0x7f, 0x2d, 0x00, 0x4c, 
0x66, 0x07, 0x62, 0xb0, 0x4e, 0xad, 0xff, 0x77, 0x42, 0xa5, 0x3b, 0x18, 0x3d, 0x01, 0xe0, 0x4d, 
0x3e, 0xe4, 0xd4, 0x2a, 0x8f, 0x0d, 0xbd, 0x4b, 0x79, 0xf7, 0xf0, 0xcf, 0xfb, 0xe0, 0x8f, 0x85, 
0x55, 0x53, 0xc0, 0x9b, 0xff, 0xbf, 0x0f, 0xc1, 0xb5, 0xfd, 0xbf, 0x58, 0x8c, 0x0b, 0x72, 0xff, 
0xff, 0xff, 0xff, 0x01, 0x00, 0x0a, 0x9f, 0x3e, 0xf5, 0x00, 0xa0, 0x5a, 0xd1, 0x21, 0x14, 0x92, 
0xd5, 0x73, 0x04, 0xf0, 0xc2, 0x91, 0xd1, 0xe9, 0xee, 0x0f, 0xfc, 0xee, 0xe0, 0x38, 0x2f, 0x60, 
0xf7, 0x11, 0x00, 0xd6, 0x67, 0x91, 0xfa, 0xc9, 0xc2, 0xfd, 0xf1, 0xf2, 0xf8, 0xf5, 0x6d, 0xfc, 
0x60, 0x00, 0x70, 0xeb, 0x8e, 0x97, 0x64, 0x78, 0xdb, 0x01, 0xa0, 0x2d, 0xe2, 0x56, 0x31, 0x1b, 
0x4f, 0x4b, 0xc1, 0x13, 0x8c, 0x76, 0xa7, 0x3b, 0x02, 0x5c, 0xf0, 0x0b, 0xfc, 0x91, 0x66, 0x10, 
0x3b, 0x72, 0x01, 0xc0, 0x19, 0x4e, 0x70, 0x40, 0x64, 0x7f, 0xf9, 0xfd, 0xfc, 0x17, 0xb5, 0x6c, 
0x65, 0xef, 0x74, 0x00, 0xd0, 0xef, 0x25, 0xc6, 0xfb, 0xfe, 0x20, 0xb5, 0xae, 0x7e, 0xc6, 0x57, 
0x00, 0x08, 0x35, 0x01, 0x06, 0x71, 0x82, 0xb9, 0x00, 0xa0, 0x51, 0x14, 0x3d, 0x67, 0xad, 0xa5, 
0x65, 0x0d, 0x6a, 0x4d, 0x43, 0x44, 0xb7, 0xa7, 0x00, 0x00, 0x6c, 0x24, 0x80, 0x60, 0x68, 0x49, 
0x42, 0xa4, 0x5a, 0x00, 0xf0, 0x53, 0x58, 0x55, 0x02, 0x22, 0x58, 0x6d, 0xd9, 0x0b, 0x00, 0x77, 
0x30, 0x7c, 0xf5, 0x4f, 0xb9, 0xdf, 0x9f, 0x19, 0xb2, 0x68, 0x32, 0xb6, 0x05, 0x80, 0x11, 0x54, 
0xbe, 0x3b, 0xa4, 0x13, 0xb9, 0x9e, 0xdb, 0xd8, 0xfb, 0x01, 0x00, 0x00, 0xbc, 0x0f, 0xc7, 0x9b, 
0xb7, 0x40, 0x1e, 0x00, 0xa0, 0x04, 0xc0, 0x3f, 0x80, 0x86, 0xff, 0xff, 0xff, 0xff, 0xff, 0xff, 
0xa4, 0xff, 0xff, 0xff, 0xff, 0xac, 0x38, 0x46, 0x4c, 0x25, 0x27, 0xfc, 0xff, 0xff, 0xff, 0xe5, 
0x01, 0x65, 0x4d, 0x25, 0xe8, 0xff, 0xff, 0xff, 0xff, 0x04, 0x71, 0x99, 0x5a, 0x25, 0xf1, 0xfd, 
0xff, 0xff, 0xff, 0x0c, 0xa0, 0x11, 0x4f, 0x26, 0x10, 0xfe, 0xff, 0xff, 0xff, 0xce, 0x83, 0x15, 
0x40, 0x26, 0xa5, 0x07, 0x00, 0x00, 0x00, 0x80, 0x3f, 0x8e, 0x6e, 0x26, 0x9e, 0xfc, 0xff, 0xff, 
0xff, 0xc9, 0xac, 0x69, 0x60, 0x26, 0x0d, 0xfd, 0xff, 0xff, 0xff, 0xb5, 0xb2, 0x34, 0x40, 0x25, 
0xff, 0xed, 0xff, 0xff, 0xff, 0x32, 0xc2, 0xe8, 0x7c, 0x27, 0xbb, 0x03, 0x00, 0x00, 0x00, 0x19, 
0xa1, 0x96, 0x63, 0x26, 0x48, 0xf6, 0xff, 0xff, 0xff, 0x36, 0x31, 0xb9, 0x7e, 0x27, 0x64, 0x11, 
0x00, 0x00, 0x00, 0xf4, 0xcd, 0xfc, 0x63, 0x27, 0x76, 0xff, 0xff, 0xff, 0xff, 0x94, 0x14, 0xeb, 
0x51, 0x26, 0xf6, 0x03, 0x00, 0x00, 0x00, 0x8e, 0x39, 0x53, 0x75, 0x26, 0xba, 0x04, 0x00, 0x00, 
0x00, 0x50, 0x4e, 0x79, 0x51, 0x26, 0x45, 0x03, 0x00, 0x00, 0x00, 0xd6, 0xe8, 0xc6, 0x43, 0x25, 
0x1a, 0xfd, 0xff, 0xff, 0xff, 0xaf, 0xec, 0x97, 0x7d, 0x27, 0xd9, 0x02, 0x00, 0x00, 0x00, 0x62, 
0xca, 0xa7, 0x42, 0x26, 0xf6, 0x00, 0x00, 0x00, 0x00, 0xe9, 0x8e, 0xc9, 0x66, 0x26, 0x06, 0xfb, 
0xff, 0xff, 0xff, 0xc3, 0x13, 0x86, 0x52, 0x26, 0x86, 0xf5, 0xff, 0xff, 0xff, 0x53, 0x48, 0x2c, 
0x44, 0x26, 0x17, 0x00, 0x00, 0x00, 0x00, 0x9f, 0xe0, 0xf7, 0x42, 0x25, 0xd0, 0xff, 0xff, 0xff, 
0xff, 0xe0, 0x8e, 0x7e, 0x63, 0x26, 0xd9, 0x01, 0x00, 0x00, 0x00, 0x9a, 0xda, 0x7c, 0x6a, 0x25, 
0x88, 0x06, 0x54, 0xf2, 0xed, 0xff, 0xdf, 0x91, 0x62, 0x21, 0x51, 0xd6, 0x35, 0xe4, 0x73, 0x63, 
0x33, 0x52, 0x11, 0x01, 0xf1, 0x70, 0x00, 0xed, 0xcb, 0x6b, 0x2a, 0xfa, 0x48, 0x37, 0x87, 0x26, 
0x95, 0x14, 0xc4, 0x23, 0x93, 0xa4, 0x00, 0x80, 0x1e, 0xef, 0xe5, 0xa2, 0xc1, 0x33, 0xe9, 0x5c, 
0x03, 0xe0, 0x2d, 0x00, 0xd0, 0x87, 0x01, 0x9b, 0x14, 0x20, 0x86, 0x03, 0xd0, 0x17, 0xeb, 0x14, 
0xbb, 0xfb, 0x8e, 0xbb, 0x28, 0x7c, 0xc9, 0xfb, 0x88, 0x19, 0x00, 0xd4, 0x0b, 0x90, 0xc8, 0x5e, 
0xaf, 0x20, 0x50, 0x0d, 0x80, 0x00, 0x20, 0xa0, 0xc0, 0xd8, 0x1a, 0xf6, 0x64, 0xc7, 0x23, 0x08, 
0x14, 0x1f, 0x00, 0xc8, 0x64, 0x3c, 0x6e, 0xcc, 0xd2, 0x3d, 0xff, 0xef, 0xc7, 0xc1, 0x40, 0xd7, 
0x83, 0xd6, 0xef, 0xf2, 0xff, 0xfb, 0x0e, 0x0a, 0x6b, 0x12, 0x00, 0x00, 0x54, 0xa1, 0x14, 0xec, 
0x58, 0x08, 0xca, 0xfe, 0x7e, 0x3f, 0x20, 0x8a, 0xdb, 0xfa, 0x57, 0x9b, 0x03, 0x80, 0xff, 0x97, 
0x44, 0xf3, 0x7c, 0xb9, 0x8f, 0x39, 0xe4, 0x01, 0x02, 0xfc, 0xb2, 0x20, 0x81, 0x70, 0x1d, 0x69, 
0x04, 0x1c, 0x00, 0x09, 0xac, 0x00, 0x40, 0xb8, 0x58, 0x98, 0xc3, 0xcc, 0xb6, 0x63, 0xde, 0xb5, 
0x2b, 0x00, 0x60, 0xfa, 0x53, 0x4f, 0x2f, 0x50, 0x78, 0xff, 0xff, 0xaf, 0x0f, 0xed, 0x03, 0x49, 
0x6c, 0xd7, 0xfc, 0xff, 0xeb, 0x4d, 0x1c, 0xa2, 0x1c, 0x00, 0xec, 0x77, 0xcc, 0xd3, 0xfd, 0x04, 
0x00, 0x54, 0x2e, 0x3f, 0x6b, 0x1a, 0x6c, 0x6a, 0xa5, 0xb4, 0xaa, 0x1c, 0x00, 0xbe, 0x81, 0x3c, 
0x0e, 0x45, 0x3f, 0xde, 0x5d, 0xc5, 0x8c, 0xb7, 0xe3, 0x78, 0x00, 0xe0, 0x13, 0x01, 0xf8, 0x1d, 
0x68, 0x3d, 0x1f, 0x0b, 0xe0, 0x51, 0x91, 0xe0, 0x1d, 0x00, 0xfe, 0xae, 0x7b, 0x9d, 0xcd, 0xb5, 
0x03, 0x0e, 0x14, 0x75, 0x18, 0x00, 0x28, 0x7a, 0xeb, 0x00, 0x17, 0x7c, 0x00, 0x48, 0x34, 0x0f, 
0x00, 0x50, 0x00, 0xe0, 0xc0, 0xe0, 0xff, 0xff, 0xff, 0xff, 0xff, 0xff, 0xff, 0xff, 0xff, 0xff, 
0xd5, 0xfe, 0xff, 0xff, 0xff, 0x2c, 0x6a, 0x33, 0x4b, 0x26, 0x5b, 0x00, 0x00, 0x00, 0x00, 0x1f, 
0x65, 0xd4, 0x7e, 0x26, 0xa1, 0x09, 0x00, 0x00, 0x00, 0x2e, 0x1c, 0x54, 0x5b, 0x27, 0x2f, 0xfd, 
0xff, 0xff, 0xff, 0x54, 0xa1, 0x84, 0x45, 0x26, 0xc1, 0x02, 0x00, 0x00, 0x00, 0x18, 0xca, 0xfb, 
0x55, 0x27, 0xb6, 0xff, 0xff, 0xff, 0xff, 0x99, 0x6f, 0xea, 0x55, 0x27, 0x36, 0xff, 0xff, 0xff, 
0xff, 0x48, 0x71, 0xdf, 0x41, 0x26, 0x7d, 0x00, 0x00, 0x00, 0x00, 0xca, 0x77, 0x74, 0x73, 0x27, 
0x72, 0x07, 0x00, 0x00, 0x00, 0x1f, 0xa2, 0xf3, 0x58, 0x27, 0x78, 0x0a, 0x00, 0x00, 0x00, 0xf9, 
0x62, 0xab, 0x64, 0x27, 0xf7, 0xfd, 0xff, 0xff, 0xff, 0x9e, 0x57, 0x75, 0x58, 0x26, 0xe7, 0x0e, 
0x00, 0x00, 0x00, 0x63, 0xc0, 0xee, 0x52, 0x27, 0xe0, 0xff, 0xff, 0xff, 0xff, 0xb4, 0x4c, 0x5f, 
0x54, 0x27, 0xfd, 0x09, 0x00, 0x00, 0x00, 0x9b, 0x4e, 0x9b, 0x7e, 0x27, 0xb0, 0x02, 0x00, 0x00, 
0x00, 0x92, 0xd0, 0x09, 0x72, 0x27, 0xa2, 0x06, 0x00, 0x00, 0x00, 0x13, 0x26, 0x9a, 0x63, 0x27, 
0xc6, 0xfc, 0xff, 0xff, 0xff, 0xd7, 0x87, 0x2a, 0x42, 0x26, 0xbc, 0xff, 0xff, 0xff, 0xff, 0x8d, 
0x34, 0x3d, 0x7b, 0x27, 0x3b, 0x03, 0x00, 0x00, 0x00, 0x31, 0x6e, 0xbe, 0x43, 0x26, 0xce, 0xfd, 
0xff, 0xff, 0xff, 0xc2, 0x34, 0x6a, 0x40, 0x26, 0xc3, 0x01, 0x00, 0x00, 0x00, 0x1f, 0x6e, 0xff, 
0x65, 0x27, 0x5a, 0xfe, 0xff, 0xff, 0xff, 0x84, 0x8b, 0xca, 0x45, 0x26, 0x4f, 0x01, 0x00, 0x00, 
0x00, 0x74, 0x6d, 0xcc, 0x72, 0x27, 0x31, 0x11, 0x00, 0x00, 0x00, 0x06, 0xdc, 0x77, 0x4c, 0x27, 
0xb0, 0x11, 0x54, 0x01, 0x8c, 0x32, 0x00, 0x60, 0x40, 0xaf, 0xa5, 0xed, 0x57, 0x89, 0xf2, 0xe0, 
0xf0, 0x72, 0x10, 0xb8, 0x57, 0xb7, 0xd5, 0xb3, 0x05, 0xb6, 0x1e, 0x0c, 0x00, 0x77, 0x13, 0x24, 
0xab, 0xf3, 0x6f, 0x77, 0x70, 0x99, 0x01, 0x9f, 0x29, 0x0c, 0x00, 0xb2, 0xb3, 0x09, 0xa3, 0x7a, 
0xc5, 0xe9, 0x10, 0xa5, 0xaf, 0x6d, 0xfa, 0xa3, 0x72, 0x00, 0x38, 0xeb, 0xb1, 0x43, 0x6e, 0x58, 
0xfe, 0x1e, 0x00, 0x76, 0xce, 0xb7, 0x33, 0xe0, 0x58, 0x27, 0x0d, 0xc0, 0xfb, 0x99, 0xbc, 0x0f, 
0x00, 0x2e, 0xe3, 0x8a, 0xeb, 0xa0, 0xc4, 0x2a, 0x0e, 0x81, 0x1c, 0x01, 0x20, 0x8e, 0x3c, 0xb5, 
0xa6, 0xe4, 0xfd, 0x03, 0x30, 0x6f, 0x14, 0x19, 0xd6, 0xb0, 0x79, 0x73, 0x4e, 0xe4, 0xd9, 0xf4, 
0xc2, 0xba, 0xbf, 0x00, 0x70, 0xe7, 0x48, 0x6e, 0x68, 0x8f, 0x6a, 0x24, 0x13, 0x7d, 0x80, 0xa3, 
0x49, 0xbf, 0x04, 0xa0, 0xa4, 0x7a, 0xc8, 0x22, 0xd3, 0x55, 0xbc, 0xd7, 0x03, 0xc0, 0x01, 0x15, 
0x3c, 0x3e, 0xa4, 0x84, 0xa4, 0xfc, 0x00, 0x70, 0xc7, 0xb8, 0xb9, 0x7e, 0xb4, 0x31, 0x24, 0x3f, 
0x8e, 0x72, 0x10, 0x80, 0x5f, 0x3a, 0x00, 0xd0, 0xf9, 0x69, 0x58, 0x99, 0x43, 0x1a, 0x0f, 0x00, 
0x70, 0x4b, 0x26, 0xfb, 0x47, 0xc7, 0xfa, 0x75, 0x91, 0x63, 0x11, 0xd9, 0xf4, 0xa1, 0x86, 0x1d, 
0x00, 0xdc, 0x6a, 0x8e, 0x94, 0x1c, 0xb1, 0x87, 0xf1, 0xff, 0xd5, 0xee, 0x70, 0x27, 0xc2, 0xff, 
0x6f, 0x4b, 0x7c, 0x08, 0xa6, 0x95, 0xfe, 0xff, 0xff, 0xff, 0xff, 0x03, 0xda, 0x1f, 0x00, 0x72, 
0xea, 0x7b, 0xa2, 0x72, 0x7b, 0xb3, 0x57, 0xdd, 0x7d, 0x00, 0xd0, 0x6e, 0x34, 0xae, 0xc3, 0x62, 
0xfb, 0x1a, 0x1e, 0x00, 0xbc, 0xb0, 0x04, 0xc8, 0x95, 0xb8, 0xfd, 0x91, 0xeb, 0x35, 0x3e, 0x7e, 
0x0b, 0x00, 0xb8, 0x92, 0xb3, 0x06, 0x85, 0x5b, 0x47, 0xde, 0x9b, 0xf9, 0x3a, 0xf3, 0x86, 0x05, 
0x00, 0x21, 0x20, 0xf7, 0x2a, 0x02, 0x97, 0x6c, 0x00, 0x80, 0xb5, 0xa3, 0x0b, 0x79, 0x16, 0x8d, 
0xc8, 0xe2, 0x08, 0x00, 0x4e, 0xe2, 0x42, 0xfd, 0x75, 0xed, 0x15, 0xfd, 0x54, 0xeb, 0xa3, 0x0b, 
0x86, 0xc1, 0x90, 0xff, 0x06, 0x00, 0x3a, 0x0a, 0x93, 0xae, 0xa4, 0xd6, 0x61, 0x01, 0xa0, 0x7e, 
0x35, 0x38, 0xc0, 0x31, 0xec, 0x71, 0x03, 0x2b, 0x11, 0xf4, 0x6d, 0x93, 0x0d, 0x00, 0xe3, 0x82, 
0xc0, 0x3f, 0xea, 0x74, 0x75, 0x50, 0x00, 0x90, 0x9b, 0xfe, 0xe8, 0x71, 0xfb, 0x6e, 0x47, 0x90, 
0x93, 0x66, 0xcd, 0x52, 0xcd, 0x02, 0x44, 0x2e, 0xff, 0x06, 0x5d, 0x44, 0xbc, 0xfd, 0xe8, 0xd6, 
0xfa, 0x00, 0xf0, 0xfb, 0xac, 0x4e, 0xd8, 0x73, 0xf6, 0xee, 0xe9, 0x53, 0xe3, 0xf6, 0x5f, 0x00, 
0x6d, 0x6e, 0xf0, 0xe3, 0xe1, 0x18, 0x53, 0x8c, 0xcb, 0xac, 0x75, 0x01, 0x20, 0x84, 0x8d, 0x18, 
0xcd, 0xe2, 0xc6, 0xcf, 0x71, 0x55, 0x3c, 0xf8, 0xff, 0x40, 0x5f, 0x00, 0x44, 0xa0, 0xbd, 0xff, 
0x9f, 0x23, 0x2b, 0x0a, 0xb7, 0xdd, 0xff, 0xaf, 0x04, 0x28, 0x4a, 0xe0, 0xfc, 0xff, 0xff, 0xff, 
0x07, 0x00, 0x10, 0xfe, 0xf7, 0xea, 0x02, 0x80, 0x9f, 0xdb, 0xd5, 0xe0, 0x5e, 0x5f, 0xde, 0x43, 
0xac, 0x4b, 0x59, 0xd7, 0x03, 0xc0, 0xa7, 0x4f, 0x96, 0x7b, 0x13, 0xdf, 0x41, 0xeb, 0x67, 0x14, 
0x0e, 0x00, 0xd8, 0xb4, 0xbc, 0x74, 0xae, 0x8b, 0xf0, 0xf1, 0xb7, 0xf1, 0x3f, 0x00, 0xc4, 0xd1, 
0x6b, 0xaf, 0xe8, 0x1f, 0x79, 0x7f, 0x5f, 0x3f, 0x54, 0x0f, 0xb9, 0x43, 0x01, 0x40, 0xca, 0xa3, 
0x64, 0xe9, 0x75, 0x13, 0x00, 0xd0, 0x9d, 0xaf, 0xe1, 0x2c, 0x8c, 0xb9, 0x80, 0xd7, 0xdd, 0x37, 
0x8d, 0x4e, 0x98, 0x40, 0xfc, 0x0e, 0x00, 0xd7, 0x68, 0x7d, 0xc0, 0xf4, 0xac, 0xfe, 0x1b, 0x00, 
0x96, 0x07, 0x2e, 0xaf, 0x77, 0xfe, 0xb2, 0x7b, 0x26, 0x10, 0x45, 0xd6, 0xaa, 0x9f, 0xbc, 0xf0, 
0xd2, 0x7f, 0x00, 0xc0, 0xa6, 0xc5, 0xa7, 0x40, 0x8b, 0x5a, 0x0c, 0x00, 0xa6, 0xd6, 0x37, 0x6c, 
0x22, 0xed, 0xb7, 0xe7, 0xe8, 0x3b, 0xe1, 0x1a, 0x02, 0xa6, 0x9a, 0x01, 0xe0, 0xb8, 0x02, 0x6f, 
0xf6, 0xf5, 0xda, 0x74, 0x4a, 0x0f, 0x61, 0xd4, 0x0c, 0x17, 0x00, 0x50, 0x1e, 0x6b, 0x68, 0x76, 
0xf9, 0x3d, 0x00, 0xd8, 0x45, 0xd2, 0x08, 0xdf, 0x3a, 0x3a, 0x04, 0xfa, 0xd8, 0x63, 0xcd, 0x45, 
0x10, 0x31, 0x03, 0x00, 0x74, 0x49, 0xc0, 0xf4, 0xb6, 0x19, 0x00, 0x80, 0xeb, 0xc0, 0x03, 0xd0, 
0x47, 0x0f, 0xae, 0xb4, 0x44, 0x06, 0x00, 0x28, 0x00, 0xf0, 0x0f, 0xd0, 0xf1, 0xff, 0xff, 0xff, 
0xff, 0x0f, 0x00, 0x00, 0x00, 0x80, 0x71, 0xe6, 0x51, 0x25, 0xc3, 0x07, 0x00, 0x00, 0x00, 0xe2, 
0x5b, 0x10, 0x6f, 0x26, 0xef, 0xf2, 0xff, 0xff, 0xff, 0x04, 0x7e, 0x01, 0x4a, 0x25, 0xa7, 0x15, 
0x00, 0x00, 0x00, 0xa3, 0x87, 0x46, 0x5a, 0x25, 0x00, 0x00, 0x00, 0x00, 0x00, 0xf0, 0xdc, 0x9e, 
0x71, 0x22, 0xb5, 0x0e, 0x00, 0x00, 0x00, 0xc1, 0x7e, 0x66, 0x5a, 0x25, 0x98, 0xf2, 0xff, 0xff, 
0xff, 0xa9, 0x38, 0xdc, 0x79, 0x27, 0x22, 0xf6, 0xff, 0xff, 0xff, 0x2e, 0x11, 0x7c, 0x62, 0x26, 
0xd8, 0x04, 0x00, 0x00, 0x00, 0xc7, 0x2a, 0x0a, 0x5e, 0x26, 0x30, 0x0c, 0x00, 0x00, 0x00, 0xb6, 
0x9e, 0x72, 0x44, 0x26, 0xa4, 0xf1, 0xff, 0xff, 0xff, 0xad, 0xb0, 0x26, 0x4a, 0x26, 0x7d, 0xeb, 
0xff, 0xff, 0xff, 0x03, 0x11, 0x59, 0x4c, 0x26, 0x40, 0x10, 0x00, 0x00, 0x00, 0xc3, 0x02, 0x28, 
0x7e, 0x26, 0x30, 0xfb, 0xff, 0xff, 0xff, 0x8f, 0xa8, 0x44, 0x6a, 0x27, 0x41, 0x0c, 0x00, 0x00, 
0x00, 0x78, 0x00, 0xa4, 0x47, 0x26, 0xfd, 0xf2, 0xff, 0xff, 0xff, 0x84, 0x2b, 0x26, 0x46, 0x26, 
0x2c, 0xf8, 0xff, 0xff, 0xff, 0xdc, 0x6d, 0xed, 0x54, 0x26, 0xec, 0x03, 0x00, 0x00, 0x00, 0xfb, 
0x81, 0x60, 0x68, 0x26, 0x59, 0x08, 0x00, 0x00, 0x00, 0x66, 0xee, 0x85, 0x40, 0x26, 0x4b, 0xef, 
0xff, 0xff, 0xff, 0x88, 0x33, 0x19, 0x40, 0x25, 0xbc, 0x06, 0x00, 0x00, 0x00, 0xbf, 0x54, 0xa8, 
0x52, 0x27, 0x2b, 0x0e, 0x00, 0x00, 0x00, 0xac, 0x97, 0x23, 0x72, 0x27, 0xa0, 0xfc, 0xff, 0xff, 
0xff, 0x07, 0x56, 0xfe, 0x51, 0x26, 0xf5, 0xf4, 0xff, 0xff, 0xff, 0x5d, 0x04, 0xd6, 0x61, 0x26, 
0xf3, 0x05, 0x00, 0x00, 0x00, 0xec, 0x38, 0x5b, 0x46, 0x26, 0x7b, 0xf4, 0xff, 0xff, 0xff, 0xcc, 
0x0b, 0x48, 0x70, 0x27, 0x68, 0xfe, 0xff, 0xff, 0xff, 0xbf, 0x64, 0x57, 0x6d, 0x27, 0x43, 0xfd, 
0xff, 0xff, 0xff, 0xc7, 0x82, 0x33, 0x62, 0x26, 0x8d, 0xfb, 0xff, 0xff, 0xff, 0x3a, 0x99, 0x85, 
0x57, 0x26, 0x09, 0xfd, 0xff, 0xff, 0xff, 0x5a, 0xea, 0x89, 0x4f, 0x25, 0x4c, 0xfb, 0xff, 0xff, 
0xff, 0x08, 0xcf, 0x2f, 0x6a, 0x27, 0x16, 0xfc, 0xff, 0xff, 0xff, 0x5c, 0xea, 0x8d, 0x47, 0x25, 
0x2e, 0xf0, 0xff, 0xff, 0xff, 0x7c, 0x09, 0xe4, 0x57, 0x26, 0x41, 0xee, 0xff, 0xff, 0xff, 0xf1, 
0x41, 0x77, 0x5b, 0x26, 0x1a, 0xfa, 0xff, 0xff, 0xff, 0xfa, 0xb6, 0xdd, 0x7e, 0x27, 0x5e, 0xe8, 
0xff, 0xff, 0xff, 0x4f, 0x3a, 0x95, 0x4c, 0x26, 0x8b, 0x04, 0x00, 0x00, 0x00, 0x01, 0xfe, 0x8b, 
0x69, 0x26, 0x5b, 0xf7, 0xff, 0xff, 0xff, 0x7c, 0xa5, 0xe5, 0x4a, 0x29, 0x30, 0xfc, 0xff, 0xff, 
0xff, 0x17, 0xcb, 0x0d, 0x72, 0x26, 0xcc, 0x0b, 0x00, 0x00, 0x00, 0xe4, 0x9c, 0xba, 0x56, 0x27, 
0x1d, 0x03, 0x00, 0x00, 0x00, 0x16, 0x7c, 0x63, 0x52, 0x26, 0xb0, 0x05, 0x00, 0x00, 0x00, 0xee, 
0x26, 0x29, 0x42, 0x27, 0x56, 0xf7, 0xff, 0xff, 0xff, 0x33, 0x93, 0xf8, 0x69, 0x27, 0xf0, 0xfe, 
0xff, 0xff, 0xff, 0xcd, 0x57, 0x41, 0x46, 0x27, 0xdd, 0xf5, 0xff, 0xff, 0xff, 0xa3, 0xa5, 0x52, 
0x75, 0x27, 0x4b, 0x09, 0x00, 0x00, 0x00, 0x4c, 0x3a, 0xfa, 0x71, 0x27, 0x00, 0x08, 0x00, 0x00, 
0x00, 0x38, 0x16, 0x04, 0x68, 0x27, 0xc9, 0x06, 0x00, 0x00, 0x00, 0xee, 0x60, 0x04, 0x4b, 0x26, 
0x60, 0x0d, 0x5c, 0x01, 0x0c, 0x00, 0x28, 0x18, 0x13, 0x52, 0x41, 0x77, 0x40, 0x28, 0x00, 0x30, 
0x30, 0xe7, 0xb4, 0xf2, 0x71, 0x63, 0x2b, 0x09, 0x00, 0x15, 0x39, 0x03, 0x34, 0x57, 0x6b, 0xb2, 
0x82, 0xe9, 0x45, 0x48, 0x07, 0x05, 0x32, 0x3c, 0x3e, 0x00, 0xd0, 0xdf, 0xcf, 0xbf, 0x5a, 0x39, 
0xca, 0x6f, 0x07, 0x00, 0xcf, 0xbf, 0xf8, 0xa7, 0xfd, 0x83, 0xb8, 0xce, 0x25, 0x2f, 0x40, 0x2f, 
0x1d, 0x83, 0x40, 0x1c, 0x10, 0x10, 0xfb, 0xc6, 0x38, 0xda, 0x79, 0x67, 0xab, 0xf5, 0xff, 0x00, 
0x1c, 0xfd, 0xb5, 0xfd, 0x72, 0xfc, 0x1e, 0xff, 0x9f, 0x83, 0x48, 0x32, 0xd1, 0xd4, 0xef, 0xd6, 
0x09, 0x00, 0x00, 0x70, 0x67, 0x65, 0xb5, 0xb2, 0x77, 0x01, 0x5c, 0x09, 0x00, 0x5b, 0x34, 0xaa, 
0x63, 0x32, 0xfb, 0x26, 0xfb, 0x6b, 0x70, 0x29, 0x33, 0x32, 0x91, 0x98, 0xd1, 0x00, 0xd0, 0xcf, 
0x8f, 0xb4, 0xcb, 0xdf, 0xca, 0xff, 0x08, 0x00, 0x8b, 0xa4, 0xfc, 0xfd, 0x86, 0x8b, 0x96, 0xfd, 
0x87, 0x14, 0xae, 0xfb, 0x56, 0x5f, 0x38, 0x46, 0x00, 0xb0, 0xcc, 0x83, 0x1f, 0x0d, 0x75, 0xa6, 
0xd7, 0xf7, 0xff, 0x2b, 0x58, 0x7e, 0x53, 0x56, 0xdc, 0x68, 0xfc, 0xff, 0x3f, 0xf1, 0x95, 0x91, 
0x96, 0xf6, 0x0e, 0x64, 0x0a, 0x00, 0x00, 0x50, 0xd0, 0xa7, 0xf5, 0xfb, 0xea, 0xa8, 0x69, 0x0a, 
0x00, 0xfd, 0x4d, 0xfc, 0x2c, 0x23, 0x2e, 0x1b, 0x21, 0xc5, 0x8f, 0x2d, 0x08, 0x89, 0x13, 0x52, 
0xa2, 0x00, 0xf0, 0xd5, 0xcf, 0x16, 0xd7, 0xcf, 0xef, 0x2b, 0x0a, 0x00, 0x8f, 0xe9, 0xee, 0xfd, 
0xfd, 0x66, 0x9a, 0x7e, 0xe5, 0x8b, 0x10, 0x23, 0xcb, 0x1c, 0x15, 0x58, 0x00, 0x90, 0x3b, 0x0c, 
0x92, 0x3e, 0xcf, 0xc3, 0x0f, 0xf9, 0xff, 0xa2, 0x77, 0x4a, 0x5d, 0x4b, 0x64, 0x22, 0x4d, 0xff, 
0xef, 0x39, 0x75, 0xe0, 0x82, 0xc5, 0x50, 0xd8, 0x0f, 0x00, 0x00, 0x80, 0x0c, 0x20, 0x27, 0x83, 
0x06, 0x2e, 0xfa, 0x00, 0x00, 0x64, 0xfd, 0x3e, 0xfc, 0x6e, 0x17, 0x7a, 0x99, 0xfa, 0x36, 0x6a, 
0x89, 0x80, 0xd4, 0xbe, 0xd7, 0x00, 0xc0, 0x3f, 0xc2, 0x6c, 0xc6, 0x6f, 0xc7, 0x5f, 0x03, 0x00, 
0x8c, 0x05, 0xfc, 0x9a, 0x3c, 0x04, 0x7e, 0x9d, 0xb6, 0x70, 0x5e, 0x4b, 0x88, 0xfc, 0x47, 0x91, 
0x10, 0x80, 0x0b, 0x6d, 0x9d, 0xc1, 0xe6, 0xea, 0xe3, 0xf0, 0xff, 0x62, 0x2a, 0x64, 0x66, 0x33, 
0x8c, 0x76, 0xb4, 0xff, 0xaf, 0x03, 0xd4, 0x8b, 0x32, 0x37, 0x22, 0xe6, 0x0b, 0x00, 0x00, 0x80, 
0xd7, 0xd4, 0xcf, 0x6f, 0x57, 0xe8, 0xa7, 0x0d, 0x00, 0x22, 0xae, 0x4e, 0xb2, 0x21, 0x47, 0x78, 
0x6a, 0x9e, 0xe0, 0x1a, 0x32, 0x48, 0xfd, 0xfc, 0xfc, 0x00, 0x80, 0xa5, 0xd8, 0xa7, 0xcd, 0x9f, 
0x46, 0x4d, 0x09, 0x00, 0xfc, 0xcc, 0x87, 0x7e, 0x8e, 0xc3, 0x54, 0x38, 0x18, 0x6e, 0x75, 0xbd, 
0x97, 0xdf, 0xd0, 0x3e, 0x00, 0xe0, 0x4d, 0x5a, 0x5b, 0x2b, 0x8e, 0xa1, 0x1d, 0xf5, 0xff, 0x54, 
0xfc, 0x05, 0x39, 0x2e, 0x83, 0x35, 0xfd, 0xff, 0x5f, 0x10, 0x88, 0x99, 0x0c, 0xe8, 0xf4, 0xd5, 
0x0b, 0x00, 0x00, 0xc0, 0xdf, 0xef, 0x1d, 0x19, 0x20, 0xb0, 0xf4, 0x0d, 0x00, 0x2d, 0xc7, 0xe0, 
0x9f, 0xc1, 0x41, 0x5d, 0xa7, 0x88, 0xbe, 0x9c, 0xf5, 0x1e, 0x90, 0x57, 0xb1, 0x00, 0x40, 0x9f, 
0x01, 0xd7, 0xdf, 0x5f, 0x91, 0xb5, 0x02, 0x00, 0x52, 0x6e, 0xe8, 0x47, 0xe9, 0xfd, 0xfd, 0x69, 
0x6e, 0x98, 0x84, 0xbd, 0x47, 0x24, 0xcd, 0x59, 0x00, 0x00, 0xe3, 0xc7, 0x5f, 0x76, 0x3d, 0xb7, 
0xe4, 0xd3, 0xe0, 0xc9, 0x42, 0x52, 0x3e, 0x00, 0xc0, 0x39, 0x38, 0xc4, 0xff, 0xff, 0xff, 0xff, 
0x6b, 0x11, 0x00, 0x00, 0x00, 0xd8, 0xb3, 0x34, 0x4a, 0x27, 0x9e, 0xf9, 0xff, 0xff, 0xff, 0x66, 
0xda, 0xa8, 0x70, 0x26, 0x19, 0x02, 0x00, 0x00, 0x00, 0x8e, 0xec, 0x3d, 0x4a, 0x26, 0xc6, 0x13, 
0x00, 0x00, 0x00, 0xf5, 0x4f, 0x87, 0x50, 0x27, 0xe9, 0x05, 0x00, 0x00, 0x00, 0x5a, 0xc4, 0x5e, 
0x55, 0x26, 0xd0, 0xfa, 0xff, 0xff, 0xff, 0x61, 0x59, 0x20, 0x62, 0x27, 0xe6, 0x03, 0x00, 0x00, 
0x00, 0xc7, 0x0e, 0xfb, 0x5c, 0x26, 0x28, 0x04, 0x00, 0x00, 0x00, 0x10, 0x7b, 0xfe, 0x42, 0x26, 
0x89, 0x13, 0x00, 0x00, 0x00, 0x68, 0x74, 0x3d, 0x44, 0x27, 0x10, 0xff, 0xff, 0xff, 0xff, 0x7f, 
0xec, 0xec, 0x48, 0x27, 0xc1, 0x05, 0x00, 0x00, 0x00, 0xba, 0xa6, 0xf7, 0x7f, 0x27, 0x7c, 0x07, 
0x00, 0x00, 0x00, 0xfd, 0xca, 0x7c, 0x58, 0x27, 0xdf, 0x0f, 0x00, 0x00, 0x00, 0x50, 0x43, 0x64, 
0x64, 0x27, 0x38, 0x05, 0x00, 0x00, 0x00, 0xeb, 0x6a, 0x2a, 0x4b, 0x27, 0x76, 0xec, 0xff, 0xff, 
0xff, 0x17, 0x67, 0xb5, 0x66, 0x27, 0xa2, 0x10, 0x00, 0x00, 0x00, 0x43, 0x78, 0xfb, 0x49, 0x27, 
0x37, 0x1d, 0x00, 0x00, 0x00, 0xfe, 0x0d, 0x24, 0x48, 0x26, 0x11, 0x0a, 0x00, 0x00, 0x00, 0x7b, 
0x16, 0x43, 0x5b, 0x27, 0x27, 0x21, 0x00, 0x00, 0x00, 0xd8, 0x0e, 0x92, 0x49, 0x27, 0xab, 0x06, 
0x00, 0x00, 0x00, 0xc5, 0x8e, 0xf3, 0x61, 0x27, 0xeb, 0x0b, 0x00, 0x00, 0x00, 0x69, 0x2e, 0x70, 
0x53, 0x27, 0xe8, 0x13, 0x00, 0x00, 0x00, 0x46, 0x2f, 0xb8, 0x45, 0x27, 0x86, 0x07, 0x00, 0x00, 
0x00, 0x8b, 0xf0, 0xca, 0x66, 0x26, 0xcb, 0x06, 0x00, 0x00, 0x00, 0xd4, 0xe3, 0x84, 0x7d, 0x28, 
0x4b, 0x11, 0x00, 0x00, 0x00, 0x4e, 0x7c, 0x6b, 0x54, 0x27, 0x5d, 0x01, 0x00, 0x00, 0x00, 0xd6, 
0x63, 0x66, 0x44, 0x27, 0xe5, 0x14, 0x00, 0x00, 0x00, 0x73, 0x28, 0x7f, 0x50, 0x27, 0x15, 0x10, 
0x00, 0x00, 0x00, 0x82, 0x36, 0xe8, 0x5d, 0x27, 0xef, 0xff, 0xff, 0xff, 0xff, 0xdc, 0x75, 0xf7, 
0x43, 0x27, 0x5e, 0xf7, 0xff, 0xff, 0xff, 0xac, 0x91, 0xdd, 0x65, 0x27, 0x35, 0x06, 0x00, 0x00, 
0x00, 0x5c, 0x06, 0xd2, 0x57, 0x26, 0xbf, 0xfa, 0xff, 0xff, 0xff, 0xd6, 0xd9, 0xfe, 0x79, 0x27, 
0xfb, 0x0e, 0x00, 0x00, 0x00, 0x71, 0xfb, 0x85, 0x71, 0x27, 0x48, 0xfe, 0xff, 0xff, 0xff, 0xdd, 
0x4b, 0xe9, 0x4a, 0x26, 0x9c, 0xf9, 0xff, 0xff, 0xff, 0x2f, 0x84, 0x2f, 0x77, 0x27, 0x38, 0x1b, 
0x00, 0x00, 0x00, 0x90, 0x2a, 0xa5, 0x57, 0x28, 0x48, 0x12, 0x00, 0x00, 0x00, 0xdb, 0xdb, 0x69, 
0x4c, 0x27, 0x67, 0x0a, 0x00, 0x00, 0x00, 0xaf, 0xe6, 0x23, 0x64, 0x27, 0xd0, 0x0e, 0x00, 0x00, 
0x00, 0xa0, 0xa8, 0xa8, 0x4f, 0x26, 0xf5, 0x07, 0x00, 0x00, 0x00, 0x25, 0xf4, 0xc7, 0x5d, 0x27, 
0xe3, 0x0f, 0x00, 0x00, 0x00, 0x44, 0xc0, 0xef, 0x74, 0x27, 0x4d, 0x0c, 0x00, 0x00, 0x00, 0xb4, 
0x29, 0x13, 0x75, 0x27, 0xb3, 0x0d, 0x00, 0x00, 0x00, 0xa2, 0x33, 0xb7, 0x61, 0x27, 0xf6, 0x0c, 
0x00, 0x00, 0x00, 0x52, 0x53, 0x5f, 0x79, 0x27, 0x17, 0x0a, 0x00, 0x00, 0x00, 0x74, 0xe0, 0x4e, 
0x69, 0x27, 0xf6, 0x10, 0x00, 0x00, 0x00, 0x9e, 0xfc, 0xfe, 0x4b, 0x27, 0x6a, 0x07, 0x00, 0x00, 
0x00, 0x0b, 0x71, 0x5b, 0x70, 0x26, 0x39, 0x07, 0x00, 0x00, 0x00, 0x7f, 0x83, 0x4e, 0x5b, 0x27, 
0x10, 0x33, 0x54, 0x01, 0xfc, 0xe7, 0x00, 0x40, 0x7f, 0x95, 0x41, 0x83, 0x54, 0x9a, 0x12, 0x1f, 
0x00, 0x5a, 0xdc, 0x37, 0x83, 0xa0, 0x75, 0x34, 0xc4, 0xbd, 0x00, 0x80, 0x3c, 0x9a, 0xed, 0x5a, 
0x79, 0xf9, 0xc2, 0xd9, 0xd7, 0x32, 0xbc, 0xf8, 0xe6, 0x66, 0x00, 0x68, 0x1b, 0x8d, 0xcf, 0x28, 
0x8a, 0x7d, 0x70, 0x33, 0x02, 0x2b, 0x73, 0x38, 0xde, 0x06, 0x00, 0x77, 0x3d, 0xc1, 0x4a, 0x36, 
0x11, 0x77, 0x0d, 0x00, 0x03, 0x7c, 0xf7, 0xa2, 0xb2, 0x0e, 0x0a, 0x16, 0x77, 0xb4, 0x6f, 0x73, 
0x44, 0x02, 0x00, 0x67, 0x4a, 0xfe, 0x52, 0xe6, 0xf8, 0xe5, 0x1f, 0x0e, 0x5a, 0x19, 0x00, 0x4e, 
0x5c, 0x4d, 0xf3, 0x8d, 0xb1, 0x01, 0xfb, 0x01, 0x00, 0x45, 0xd1, 0xc3, 0xae, 0x9f, 0x55, 0x65, 
0x01, 0x60, 0xd5, 0x29, 0x71, 0xe5, 0x9c, 0x59, 0x86, 0x42, 0x59, 0x17, 0x31, 0xcc, 0xcc, 0xc4, 
0x82, 0x01, 0xc0, 0x98, 0xc4, 0x4e, 0xcd, 0xbc, 0xe2, 0xb1, 0x28, 0x00, 0xf0, 0xe5, 0x12, 0x6e, 
0x08, 0x8a, 0xce, 0x34, 0x74, 0x20, 0xb1, 0xc4, 0x16, 0xf1, 0x00, 0x60, 0x4b, 0x34, 0x7a, 0x62, 
0x05, 0xac, 0x72, 0xd7, 0x77, 0x72, 0xf0, 0x01, 0xa0, 0x99, 0xec, 0x17, 0x62, 0xf3, 0xd6, 0x02, 
0xa0, 0x46, 0x7f, 0xac, 0xd2, 0xb2, 0x35, 0x34, 0x00, 0x00, 0x01, 0x0f, 0x92, 0x23, 0x2d, 0xd5, 
0x88, 0x52, 0xe6, 0x70, 0xd0, 0xde, 0x5e, 0xf8, 0x38, 0x00, 0x3c, 0xa1, 0xf4, 0x29, 0x6c, 0x77, 
0x7d, 0xac, 0xfb, 0x50, 0x03, 0x81, 0xd8, 0xdb, 0x01, 0x47, 0xd0, 0x3b, 0x00, 0xb4, 0xa7, 0xa3, 
0xe6, 0x38, 0xa5, 0x82, 0x79, 0xba, 0x62, 0xf8, 0x6c, 0xdf, 0xea, 0x4a, 0x00, 0xc0, 0xe4, 0xcf, 
0xf4, 0x85, 0xc8, 0x61, 0xe0, 0x22, 0x00, 0xd7, 0x46, 0xa7, 0x16, 0x86, 0xb3, 0xf5, 0x0f, 0x00, 
0x8a, 0xb7, 0x42, 0xdf, 0x0d, 0x75, 0xdd, 0xf3, 0xff, 0xd5, 0x24, 0x2a, 0x77, 0x52, 0xf3, 0x94, 
0x43, 0x83, 0x27, 0x6b, 0x03, 0x80, 0x7f, 0xd0, 0x91, 0x4a, 0xac, 0xb7, 0x67, 0x03, 0xc0, 0x5d, 
0x29, 0x4b, 0xcf, 0xbf, 0xe9, 0x2a, 0xfa, 0x02, 0x3f, 0x87, 0x31, 0x00, 0xd0, 0xca, 0x03, 0x57, 
0x6c, 0xd5, 0x7b, 0x8f, 0xb6, 0xdd, 0x1d, 0x6c, 0x65, 0xbc, 0x5d, 0x00, 0x1a, 0x2b, 0x94, 0x43, 
0xb3, 0xe8, 0x3e, 0x00, 0xb4, 0xe3, 0x36, 0x7a, 0xb6, 0x84, 0xb3, 0xcd, 0x00, 0xb8, 0xb6, 0xa2, 
0x83, 0x05, 0x80, 0x77, 0x24, 0x10, 0x98, 0xe9, 0x1b, 0xc6, 0x95, 0x06, 0xed, 0xee, 0x8c, 0x4e, 
0x16, 0x00, 0xe0, 0xcc, 0x09, 0x75, 0x61, 0x50, 0xae, 0x6b, 0x15, 0x00, 0xc4, 0x64, 0xe0, 0x49, 
0xb9, 0xf3, 0xce, 0xf7, 0x00, 0xc0, 0xe5, 0x2b, 0x86, 0x1c, 0xdf, 0x29, 0xbb, 0x6c, 0x70, 0xa5, 
0x7a, 0xd2, 0x87, 0x9f, 0x3d, 0x80, 0xd4, 0x0b, 0xd0, 0x90, 0x9f, 0x0e, 0x6b, 0xed, 0x0d, 0x01, 
0xbe, 0x39, 0x3d, 0x0d, 0x72, 0xff, 0xde, 0x2d, 0x74, 0x4a, 0xdc, 0xbf, 0x8d, 0x12, 0xc7, 0x09, 
0xe8, 0xa4, 0x01, 0x04, 0x39, 0x2b, 0xe7, 0xb0, 0x8d, 0xac, 0x55, 0x00, 0xc0, 0x77, 0x54, 0x24, 
0x44, 0xe3, 0x76, 0xb7, 0xb2, 0x00, 0x90, 0xba, 0x98, 0xd9, 0x9d, 0xe0, 0xc7, 0x76, 0xd0, 0x4d, 
0x19, 0xd1, 0x49, 0xcf, 0x05, 0x80, 0x8d, 0xb2, 0x73, 0xaa, 0x85, 0xb3, 0xc0, 0x36, 0xef, 0x78, 
0x3e, 0x00, 0x50, 0x32, 0x5b, 0x39, 0x05, 0xb8, 0x34, 0x01, 0x80, 0xc8, 0x74, 0x03, 0xa4, 0xa6, 
0xc9, 0x85, 0x0c, 0x00, 0xae, 0x26, 0x33, 0x6c, 0xe8, 0xec, 0xc8, 0xf8, 0x4f, 0x73, 0x80, 0x20, 
0xda, 0x6b, 0xec, 0xd4, 0xef, 0x00, 0xc0, 0x2a, 0xe4, 0x16, 0x79, 0xc7, 0x27, 0x04, 0x20, 0x28, 
0x3a, 0x46, 0x3e, 0xf4, 0x56, 0x0e, 0x00, 0x69, 0x9a, 0xd2, 0x6f, 0xb7, 0xbe, 0x36, 0xea, 0x93, 
0x47, 0xa9, 0xa1, 0xba, 0x43, 0xfc, 0xd4, 0x33, 0x00, 0xa8, 0x77, 0xb2, 0xda, 0x23, 0x9b, 0xb3, 
0xfe, 0x02, 0x80, 0x97, 0xa6, 0x18, 0xcb, 0x25, 0x39, 0xbf, 0x15, 0xc1, 0xaa, 0x33, 0x40, 0xcb, 
0x02, 0x80, 0xbf, 0x89, 0x7f, 0xd4, 0x6d, 0xcc, 0xe1, 0x6b, 0xec, 0x6c, 0x36, 0xaa, 0x3f, 0x03, 
0x40, 0xf6, 0x78, 0x91, 0x8d, 0x48, 0xd9, 0xd1, 0xad, 0x35, 0x12, 0x7e, 0x59, 0xcf, 0x0c, 0x00, 
0xa9, 0x7c, 0x23, 0xfe, 0x02, 0xfa, 0xa1, 0x0a, 0x00, 0x7e, 0x85, 0x37, 0xf4, 0xe9, 0x99, 0xee, 
0x1f, 0x86, 0xac, 0xbd, 0xd7, 0xe2, 0x63, 0x16, 0x00, 0xae, 0x41, 0xd1, 0xb2, 0xdc, 0xcb, 0xfd, 
0x06, 0x00, 0xd7, 0x47, 0x82, 0x4a, 0x3c, 0x5f, 0xf0, 0xf3, 0x78, 0x9c, 0x71, 0x8d, 0xea, 0x01, 
0xe0, 0x8b, 0x7e, 0x45, 0x65, 0x61, 0x6c, 0x9f, 0x5f, 0x03, 0x18, 0x42, 0x8e, 0xec, 0x02, 0x00, 
0x5a, 0x2b, 0x6e, 0x90, 0xc9, 0x38, 0x08, 0x18, 0xe4, 0xd5, 0xe1, 0xd4, 0xf5, 0x12, 0xb7, 0x77, 
0x8b, 0x4c, 0xb2, 0x92, 0x7e, 0x00, 0x34, 0x42, 0x00, 0xc0, 0x2d, 0x18, 0x67, 0x8a, 0x63, 0x11, 
0xe0, 0x4b, 0x14, 0x72, 0x8c, 0xa8, 0x4b, 0x66, 0xff, 0x03, 0x40, 0xbb, 0x0f, 0x70, 0x77, 0xcd, 
0xe5, 0xec, 0xee, 0x6d, 0x84, 0xfe, 0x3a, 0xba, 0x73, 0xa2, 0x00, 0x5a, 0xb0, 0x03, 0x18, 0x40, 
0x96, 0x7d, 0xc7, 0x40, 0x00, 0x06, 0x00, 0x88, 0x32, 0x09, 0x3d, 0x07, 0x48, 0xf8, 0xb9, 0xe3, 
0x41, 0xa0, 0x69, 0x95, 0xfb, 0x8c, 0x96, 0x49, 0x8a, 0xf2, 0x08, 0x1f, 0x00, 0x1c, 0x4e, 0xfc, 
0x8a, 0x05, 0xf6, 0x92, 0x03, 0x80, 0xab, 0x0f, 0x7a, 0x46, 0xa7, 0x6a, 0xbf, 0x5e, 0x6f, 0x80, 
0x4a, 0xda, 0x35, 0xe0, 0x57, 0x00, 0x00, 0x8c, 0x13, 0xae, 0x6c, 0x3e, 0x13, 0x80, 0x2d, 0xcb, 
0x66, 0x51, 0xa2, 0x92, 0xe8, 0x5f, 0xe9, 0x3e, 0xc6, 0x09, 0x85, 0xe0, 0x1e, 0x06, 0x90, 0x77, 
0xea, 0x95, 0x30, 0xd6, 0xdc, 0xbb, 0xb8, 0x43, 0xe3, 0xbf, 0x3f, 0x03, 0x40, 0x57, 0xe5, 0x8c, 
0x36, 0xab, 0xe5, 0xf5, 0x32, 0xe9, 0x5e, 0xbb, 0x5b, 0x07, 0x80, 0x63, 0x92, 0x17, 0xeb, 0x4c, 
0x8f, 0xef, 0xf7, 0xaa, 0x6c, 0x7e, 0xc4, 0xbf, 0x2b, 0x00, 0xe4, 0xc7, 0xe0, 0xf6, 0xff, 0xff, 
0xd4, 0xd5, 0x9d, 0x99, 0x80, 0xed, 0x01, 0x80, 0x33, 0x92, 0xd3, 0xba, 0x15, 0xb6, 0xd7, 0x0a, 
0xad, 0xbf, 0x9d, 0xb6, 0xb7, 0x00, 0xf0, 0x1d, 0xfd, 0xdf, 0x76, 0x6e, 0xe4, 0xcd, 0xb7, 0xa8, 
0x2b, 0x98, 0xb5, 0x01, 0xc0, 0x5f, 0xe8, 0xfa, 0x9c, 0xdb, 0xbb, 0xfd, 0xcd, 0x65, 0x48, 0x74, 
0xad, 0x03, 0xc0, 0xed, 0x33, 0x0b, 0xc3, 0x8e, 0x11, 0x62, 0xc8, 0x53, 0x07, 0x00, 0xd0, 0xdf, 
0x09, 0x48, 0xca, 0x25, 0x9c, 0xd7, 0x9a, 0x2a, 0xa3, 0x00, 0x60, 0x3b, 0x12, 0x07, 0xd0, 0x13, 
0x5a, 0x76, 0x01, 0x80, 0x1e, 0x0e, 0xfd, 0xca, 0x10, 0xf7, 0x70, 0xcd, 0xb6, 0x80, 0xfb, 0x11, 
0xaa, 0x5f, 0x00, 0x48, 0x0c, 0xd0, 0xad, 0x29, 0xca, 0x9b, 0xba, 0x00, 0x10, 0x97, 0x2c, 0xe3, 
0x40, 0x78, 0xa3, 0xed, 0x20, 0x92, 0xe9, 0x09, 0xd2, 0x74, 0xfc, 0x02, 0x00, 0xf5, 0x0d, 0xfc, 
0xcb, 0xe1, 0x4a, 0x71, 0x4e, 0x00, 0x08, 0xb0, 0x1a, 0x6b, 0xe3, 0xe3, 0x96, 0xff, 0x00, 0xd0, 
0x45, 0x27, 0x7c, 0x51, 0xa5, 0x5a, 0x87, 0x2a, 0xcd, 0x99, 0xd0, 0x88, 0xce, 0x9b, 0xd1, 0x00, 
0x80, 0xdd, 0x25, 0x6d, 0x90, 0x43, 0xc0, 0x6a, 0xae, 0xdc, 0x17, 0x00, 0x8c, 0xef, 0x9d, 0x7b, 
0xed, 0xce, 0xef, 0x1d, 0x00, 0x6c, 0x46, 0x65, 0xd9, 0x16, 0x92, 0x69, 0x1d, 0x59, 0xae, 0xeb, 
0x20, 0x37, 0x00, 0x61, 0xfc, 0x20, 0x87, 0x42, 0xdf, 0x8e, 0x40, 0x02, 0x00, 0x07, 0x11, 0xd3, 
0x0f, 0x1d, 0xeb, 0x58, 0x9f, 0x00, 0xe0, 0x5d, 0x15, 0xf9, 0xd5, 0x49, 0x6e, 0xf2, 0xe9, 0x87, 
0xf3, 0x0e, 0x74, 0xcd, 0xa2, 0x1f, 0x00, 0x3a, 0x65, 0x5d, 0x60, 0xa4, 0xc4, 0x3f, 0x7f, 0xcf, 
0xd7, 0x16, 0xf0, 0xa5, 0xf8, 0x1e, 0x00, 0xcc, 0xed, 0xe4, 0x49, 0x73, 0x8b, 0x39, 0x71, 0xd0, 
0x84, 0xc0, 0x76, 0x01, 0xc0, 0x0c, 0xae, 0x33, 0x02, 0x43, 0x93, 0xf1, 0x00, 0xc0, 0x6b, 0x50, 
0xda, 0xb8, 0x53, 0xaa, 0x5f, 0x68, 0x40, 0xb8, 0x55, 0x22, 0x6f, 0x5c, 0x0b, 0x00, 0x26, 0x9f, 
0x17, 0x25, 0x16, 0xac, 0x3f, 0xa9, 0x00, 0x00, 0x83, 0x7a, 0xbf, 0x38, 0xd5, 0xfd, 0x35, 0x04, 
0x00, 0x93, 0xa2, 0x7c, 0xde, 0x1a, 0x36, 0x65, 0x3f, 0x3f, 0x33, 0x1f, 0x11, 0xf5, 0x8f, 0x83, 
0xfe, 0x04, 0x00, 0xba, 0x0f, 0x7f, 0xb5, 0xbd, 0x91, 0xfb, 0x45, 0x15, 0x69, 0x7e, 0x1d, 0x28, 
0x05, 0x80, 0xe6, 0x36, 0x46, 0x31, 0x96, 0x76, 0x77, 0x00, 0x00, 0xf3, 0xea, 0x2e, 0x6c, 0xdc, 
0xdf, 0xf0, 0x0c, 0x00, 0x96, 0xd3, 0x81, 0xa0, 0x66, 0x38, 0xb2, 0x47, 0x8e, 0xba, 0xf7, 0x46, 
0x13, 0x9f, 0xe6, 0x00, 0xc0, 0x93, 0x84, 0x99, 0xa4, 0x97, 0x28, 0x23, 0x03, 0x00, 0xd8, 0x11, 
0xfd, 0xce, 0x86, 0xfa, 0xd0, 0x49, 0x7b, 0x7c, 0x0e, 0x26, 0x00, 0x00, 0x96, 0x6f, 0x98, 0x9f, 
0x64, 0xb7, 0x00, 0x50, 0x54, 0xc4, 0x31, 0xaa, 0xec, 0x82, 0xad, 0x02, 0xa0, 0x00, 0x40, 0x4d, 
0x39, 0x38, 0xfa, 0x5b, 0x4c, 0xc8, 0x29, 0x10, 0x20, 0xeb, 0x63, 0x84, 0xdf, 0xa6, 0x48, 0x3b, 
0x7e, 0x01, 0x00, 0xf2, 0xaa, 0xe4, 0x18, 0xbf, 0x91, 0xbe, 0x8a, 0xb3, 0x7d, 0x98, 0x66, 0x78, 
0x26, 0x41, 0xe6, 0xf7, 0x00, 0xe0, 0xd8, 0x72, 0xe3, 0xd0, 0xc0, 0xdc, 0x10, 0x10, 0x1c, 0x1c, 
0x1c, 0x85, 0x0a, 0xcd, 0xcc, 0xf6, 0x5c, 0xf3, 0xc4, 0xb5, 0xb8, 0xc9, 0x00, 0x50, 0x55, 0x8e, 
0x17, 0x10, 0x35, 0x98, 0xc6, 0x0c, 0x00, 0xcd, 0xae, 0x03, 0x60, 0xe5, 0x59, 0xdf, 0x01, 0x40, 
0x36, 0xdc, 0x1b, 0xc1, 0x40, 0x54, 0x72, 0xf0, 0x89, 0xa0, 0xa9, 0xb7, 0x16, 0xc5, 0x2d, 0x00, 
0x18, 0x98, 0x54, 0x9e, 0x72, 0xcc, 0xd6, 0xb7, 0x7a, 0x00, 0xf8, 0xf8, 0xcc, 0x82, 0x8e, 0xdc, 
0xbd, 0xe5, 0xd3, 0x0f, 0x88, 0x7c, 0x80, 0x01, 0xed, 0xfe, 0x00, 0xc0, 0xee, 0x5e, 0x48, 0x74, 
0x94, 0x53, 0x9a, 0x7b, 0x00, 0xb0, 0x2a, 0xfd, 0x9a, 0xc7, 0x01, 0x51, 0x6e, 0xff, 0x95, 0x50, 
0xbe, 0x0e, 0x00, 0xd7, 0x38, 0xcb, 0x4e, 0x6f, 0xee, 0x81, 0x96, 0xe2, 0x05, 0x00, 0x24, 0xef, 
0xaa, 0x71, 0xb5, 0xda, 0xbc, 0x7f, 0x53, 0x96, 0x89, 0x93, 0x6e, 0xac, 0x0b, 0x20, 0xdc, 0x91, 
0x04, 0x3a, 0x41, 0xe3, 0x61, 0x00, 0x80, 0xa7, 0xb7, 0x24, 0x28, 0xb3, 0x3d, 0xb8, 0xc4, 0x5a, 
0xae, 0x3c, 0xa4, 0x3d, 0x0e, 0x00, 0x0e, 0xee, 0xc7, 0x44, 0xcd, 0x0c, 0x49, 0xee, 0x04, 0xa0, 
0xb7, 0xfb, 0x2f, 0x8d, 0x04, 0x11, 0x6e, 0xb1, 0x86, 0x72, 0x7a, 0xc1, 0xe3, 0xa3, 0x06, 0x00, 
0x5c, 0x65, 0xfd, 0x83, 0x69, 0x55, 0x75, 0x03, 0x40, 0xd2, 0x22, 0xa4, 0x86, 0x1b, 0xe3, 0x2b, 
0x30, 0x00, 0x08, 0x9d, 0x02, 0x56, 0x20, 0xc7, 0x26, 0x8c, 0x00, 0x00, 0xfd, 0x8b, 0x5a, 0x5d, 
0xa0, 0xfd, 0x1d, 0xdb, 0x0c, 0x80, 0x1e, 0x6e, 0x0e, 0x85, 0x7a, 0x95, 0xe3, 0x91, 0x17, 0xc5, 
0x87, 0x8d, 0x12, 0x1c, 0xc2, 0xf6, 0x00, 0x00, 0x4e, 0x77, 0xae, 0x55, 0x29, 0x14, 0x94, 0x01, 
0xa0, 0x33, 0x9c, 0x9a, 0xd4, 0xda, 0x4d, 0x95, 0x39, 0xcc, 0xcd, 0x9c, 0x3e, 0xf5, 0x2b, 0x60, 
0x01, 0xc8, 0x4e, 0x8b, 0x5c, 0x60, 0x51, 0x72, 0xd9, 0x00, 0x00, 0x23, 0x47, 0x41, 0x93, 0xbd, 
0x68, 0xee, 0x29, 0x01, 0x42, 0x0d, 0x5d, 0x3f, 0xbb, 0x55, 0x2a, 0x84, 0x16, 0x02, 0x00, 0x74, 
0x70, 0x8b, 0x19, 0x72, 0xa9, 0x17, 0x00, 0xe0, 0xca, 0x43, 0xf6, 0x86, 0x4a, 0x9d, 0x6e, 0x72, 
0xb2, 0x34, 0x06, 0xe5, 0x4e, 0x9e, 0x71, 0x67, 0x00, 0xf0, 0xc1, 0x2b, 0x87, 0x17, 0xa4, 0xd7, 
0x13, 0x0d, 0x00, 0xd0, 0xeb, 0x67, 0x60, 0x3e, 0xb6, 0x90, 0xdd, 0x2b, 0x59, 0x44, 0x18, 0x83, 
0xa4, 0x00, 0xc0, 0x26, 0x05, 0x22, 0xd7, 0x14, 0xbd, 0x21, 0x14, 0x84, 0x00, 0x00, 0xca, 0x82, 
0x9e, 0x9b, 0x0f, 0x6b, 0x23, 0x15, 0x00, 0x9e, 0xab, 0x66, 0x59, 0x02, 0x16, 0x6e, 0x30, 0xe9, 
0x0e, 0x00, 0xb4, 0x31, 0x4d, 0x16, 0xed, 0x4a, 0xe7, 0xc8, 0x85, 0xa9, 0xa4, 0x25, 0x9e, 0x92, 
0x03, 0x02, 0x4c, 0xe2, 0x0c, 0x18, 0x68, 0xf5, 0x00, 0x02, 0x9f, 0x2a, 0x17, 0x80, 0x96, 0xdd, 
0x77, 0xff, 0x3f, 0xff, 0xed, 0xff, 0xff, 0xff, 0xff, 0xff, 0xff, 0xff, 0xff, 0xff, 0xff, 0xff, 
0xff, 0xff, 0x1f, 0x60, 0x00, 0x80, 0x02, 0x00, 0x00, 0x00, 0xe8, 0x03, 0x94, 0x7a, 0x05, 0x80, 
0x4b, 0xff, 0xd6, 0x05, 0xe2, 0x34, 0xa7, 0x41, 0x25, 0x0d, 0x00, 0xe6, 0x53, 0xa9, 0x1b, 0x62, 
0xff, 0x57, 0xba, 0xfa, 0x37, 0xab, 0x6b, 0xa5, 0x2f, 0x85, 0x00, 0x60, 0x8b, 0x46, 0x48, 0x81, 
0xa7, 0x03, 0x00, 0xc0, 0xd6, 0x50, 0x0a, 0x68, 0x6a, 0x44, 0x58, 0x00, 0xe0, 0xc3, 0x15, 0xd2, 
0x05, 0x10, 0x2f, 0xb8, 0xbf, 0x94, 0xaf, 0x10, 0x3d, 0xd1, 0x1e, 0x23, 0x77, 0x3e, 0x00, 0x6a, 
0x57, 0x08, 0x39, 0xf3, 0x3c, 0xb4, 0xb3, 0xa6, 0x36, 0x43, 0x85, 0x05, 0x80, 0x30, 0xb4, 0x53, 
0x20, 0x9d, 0x6b, 0x2b, 0x00, 0xf0, 0xfd, 0x46, 0xe7, 0x7c, 0xd2, 0x1c, 0x9d, 0xed, 0x03, 0x00, 
0x76, 0x11, 0x3a, 0xcd, 0x46, 0xdb, 0x2a, 0x70, 0x49, 0x8a, 0x43, 0x35, 0x55, 0x1c, 0x00, 0x20, 
0xd9, 0xda, 0x0e, 0x2f, 0x30, 0x07, 0x02, 0x00, 0xf8, 0x11, 0xa6, 0x44, 0x74, 0x1c, 0x63, 0xae, 
0xff, 0xdf, 0xd8, 0xff, 0xff, 0xff, 0xff, 0xff, 0xff, 0xff, 0xff, 0xff, 0xff, 0xff, 0xff, 0xff, 
0x1f, 0x80, 0x01, 0x00, 0x0a, 0x00, 0x00, 0x5c, 0x60, 0x0f, 0x50, 0x80, 0x3a, 0x00, 0xf2, 0x79, 
0xe6, 0x2e, 0x7d, 0xe3, 0x9d, 0x44, 0x31, 0xd7, 0x1e, 0x00, 0xe0, 0x71, 0x88, 0x25, 0x2f, 0x31, 
0xa7, 0x01, 0x00, 0xa7, 0x3b, 0x23, 0xa8, 0x27, 0xbe, 0xfb, 0xab, 0xdb, 0x63, 0xf6, 0xb3, 0x4c, 
0x04, 0xd9, 0x05, 0x80, 0x5e, 0x23, 0x64, 0x43, 0x00, 0x61, 0xf5, 0xd0, 0x59, 0x73, 0x00, 0x08, 
0xc6, 0x08, 0x2e, 0x0e, 0x36, 0xb0, 0x53, 0x1f, 0xa8, 0x00, 0x30, 0x4c, 0x5e, 0x2a, 0x07, 0xf7, 
0x74, 0x87, 0x5b, 0x83, 0x04, 0x20, 0x6f, 0x63, 0x48, 0xb7, 0xa2, 0xdd, 0x14, 0x02, 0xea, 0xef, 
0x85, 0xab, 0x62, 0xdd, 0x12, 0xb6, 0x7f, 0xdc, 0xbf, 0x2f, 0xb4, 0x32, 0x2c, 0x6f, 0x00, 0x58, 
0xae, 0x71, 0x3a, 0x35, 0x16, 0x00, 0x00, 0xdc, 0x89, 0xdc, 0x75, 0x04, 0x4a, 0xdd, 0xf7, 0x24, 
0xcf, 0xc8, 0x23, 0x88, 0x00, 0x00, 0xf0, 0x4f, 0x98, 0x01, 0x27, 0xb7, 0xfe, 0x3f, 0xfc, 0xff, 
0xff, 0xff, 0xff, 0xff, 0xff, 0xff, 0xff, 0xff, 0xff, 0xff, 0xff, 0xff, 0x01, 0x18, 0x00, 0xa0, 
0x00, 0x00, 0x00, 0x02, 0xf8, 0x00, 0x65, 0x49, 0x01, 0xc0, 0xef, 0xb7, 0xee, 0x23, 0x00, 0x74, 
0xc0, 0xed, 0x17, 0x00, 0xb8, 0x8e, 0xaf, 0x5f, 0xb2, 0x7e, 0xb3, 0x67, 0x72, 0x14, 0xc5, 0xe8, 
0x00, 0x80, 0xae, 0x11, 0x60, 0x64, 0x50, 0x6e, 0x14, 0x90, 0xaf, 0xd7, 0x86, 0xbe, 0x18, 0x00, 
0xd0, 0x59, 0xa6, 0x65, 0x2d, 0x7c, 0x36, 0xc3, 0xee, 0x00, 0x70, 0x92, 0x37, 0xe0, 0x58, 0x43, 
0x5f, 0x06, 0x4e, 0x67, 0x1a, 0xe7, 0x06, 0x03, 0x00, 0xc4, 0x42, 0xcb, 0x7d, 0xd0, 0x3b, 0x74, 
0xfd, 0x5f, 0x02, 0x80, 0x5d, 0xb6, 0x55, 0xf8, 0xec, 0x04, 0xdf, 0x9c, 0x01, 0xa5, 0x86, 0xee, 
0x39, 0x00, 0x48, 0x62, 0x2c, 0x59, 0xee, 0x36, 0x79, 0x11, 0x00, 0x80, 0xf3, 0x39, 0x2a, 0xe6, 
0xdd, 0x8f, 0x44, 0x22, 0x40, 0x18, 0x40, 0x27, 0x70, 0x7d, 0x31, 0xe9, 0x01, 0xc0, 0x9f, 0x4c, 
0x69, 0xea, 0xa3, 0x3b, 0x3e, 0xc2, 0xff, 0xb7, 0xf8, 0xba, 0xf9, 0xe0, 0xff, 0xff, 0xff, 0xff, 
0xff, 0xff, 0xff, 0xff, 0xff, 0xff, 0xff, 0xff, 0xff, 0x0f, 0xc0, 0x00, 0x00, 0x05, 0x00, 0x00, 
0x0e, 0xb0, 0x07, 0x28, 0xa9, 0x00, 0x40, 0x84, 0x6b, 0x00, 0xb0, 0x7c, 0x4e, 0xc2, 0x60, 0xe2, 
0x9b, 0x8d, 0xd5, 0x5b, 0x4f, 0xc4, 0x3d, 0x08, 0x41, 0x5c, 0xf6, 0x1d, 0x00, 0xc8, 0x6e, 0x85, 
0x9a, 0xfb, 0xcc, 0xff, 0x5e, 0xc1, 0x14, 0x63, 0x10, 0x25, 0x2b, 0x08, 0x00, 0xce, 0x40, 0x3f, 
0x11, 0x1d, 0xbc, 0x0c, 0x00, 0xe0, 0x7c, 0x19, 0x14, 0x97, 0xd5, 0x58, 0x18, 0x00, 0x54, 0xb6, 
0x54, 0xc5, 0x20, 0xda, 0xe4, 0x53, 0x33, 0x00, 0x80, 0x0f, 0x47, 0x28, 0x9c, 0x54, 0xfa, 0x3f, 
0xba, 0x2c, 0xab, 0x23, 0xc8, 0x40, 0xa0, 0x71, 0xd1, 0xd6, 0x01, 0x20, 0x19, 0x9e, 0x82, 0xec, 
0x64, 0xc8, 0x2e, 0x00, 0xe0, 0xc6, 0x63, 0x4b, 0x16, 0x4e, 0x3b, 0x8f, 0x1c, 0x4a, 0xe4, 0xe4, 
0xc4, 0x4b, 0x11, 0x02, 0xb2, 0x38, 0x63, 0xf6, 0xcf, 0xee, 0x05, 0x00, 0xff, 0x08, 0x92, 0xee, 
0x0b, 0x4e, 0xf1, 0xff, 0xef, 0x81, 0xfd, 0xff, 0xff, 0xff, 0xff, 0xff, 0xff, 0xff, 0xff, 0xff, 
0xff, 0xff, 0xff, 0xff, 0x00, 0x0c, 0x00, 0x50, 0x02, 0x00, 0xc0, 0x02, 0xf6, 0x00, 0x65, 0x4b, 
0x00, 0xa0, 0xab, 0x72, 0x1b, 0xb0, 0x80, 0xcd, 0x70, 0xca, 0x81, 0x00, 0x40, 0x5b, 0x01, 0xc6, 
0x7e, 0x29, 0x81, 0x1d, 0x00, 0x64, 0xb1, 0x06, 0x0c, 0x39, 0x29, 0xec, 0xa1, 0x87, 0x28, 0xd9, 
0x28, 0xa1, 0x1f, 0x33, 0x00, 0x00, 0x50, 0x76, 0x39, 0x9e, 0x1b, 0x1d, 0xef, 0x32, 0x08, 0x5c, 
0x33, 0x82, 0xdb, 0x6f, 0x73, 0x4c, 0xb0, 0x86, 0x10, 0x00, 0x1a, 0x38, 0x45, 0x0d, 0x94, 0xbc, 
0x8e, 0xd7, 0xc1, 0x83, 0x87, 0x4f, 0x9d, 0x35, 0x00, 0xd8, 0x27, 0x2d, 0x68, 0xa4, 0xdc, 0x3b, 
0x21, 0x20, 0x50, 0xaa, 0x08, 0xed, 0xe4, 0xf7, 0x50, 0x10, 0x10, 0xb0, 0x30, 0x0e, 0x3a, 0x13, 
0x00, 0x50, 0x84, 0xc3, 0x65, 0x14, 0xa1, 0x78, 0xfd, 0xad, 0x07, 0x12, 0x00, 0xc2, 0xc3, 0xf7, 
0x69, 0x00, 0x00, 0x40, 0x0e, 0x03, 0x73, 0xf2, 0xa2, 0x6a, 0xd7, 0x58, 0x01, 0xa7, 0x01, 0x00, 
0x4a, 0x00, 0xfc, 0xfb, 0xa7, 0x00, 0xf8, 0xff, 0xff, 0xff, 0xff, 0xff, 0xff, 0xff, 0xff, 0xff, 
0x13, 0xfa, 0xff, 0xff, 0xff, 0xfa, 0xb5, 0x60, 0x66, 0x26, 0x7b, 0xf6, 0xff, 0xff, 0xff, 0x8d, 
0xd0, 0x46, 0x78, 0x27, 0xdb, 0xff, 0xff, 0xff, 0xff, 0x82, 0x93, 0xdb, 0x4f, 0x27, 0xce, 0xf2, 
0xff, 0xff, 0xff, 0x11, 0x3c, 0xe8, 0x5a, 0x27, 0x38, 0x05, 0x00, 0x00, 0x00, 0xbe, 0x8a, 0x9e, 
0x79, 0x27, 0xd6, 0x06, 0x00, 0x00, 0x00, 0x6b, 0xed, 0x36, 0x4e, 0x26, 0x31, 0xfd, 0xff, 0xff, 
0xff, 0xcc, 0x7d, 0x0d, 0x72, 0x27, 0xbe, 0xf6, 0xff, 0xff, 0xff, 0x97, 0xca, 0x2c, 0x72, 0x27, 
0xfd, 0xff, 0xff, 0xff, 0xff, 0xfd, 0xcf, 0x32, 0x74, 0x27, 0x76, 0x0c, 0x00, 0x00, 0x00, 0xfa, 
0x9b, 0x6a, 0x42, 0x26, 0x30, 0xe3, 0xff, 0xff, 0xff, 0x82, 0x81, 0x05, 0x4a, 0x28, 0xe0, 0xfe, 
0xff, 0xff, 0xff, 0x04, 0xc0, 0xc9, 0x74, 0x27, 0xb5, 0xf1, 0xff, 0xff, 0xff, 0x3d, 0xb9, 0x8b, 
0x6a, 0x27, 0xd5, 0x0a, 0x00, 0x00, 0x00, 0x7c, 0x37, 0xc6, 0x69, 0x27, 0x76, 0xec, 0xff, 0xff, 
0xff, 0x61, 0xe9, 0x89, 0x45, 0x27, 0xd0, 0xfa, 0xff, 0xff, 0xff, 0x99, 0x3a, 0xba, 0x55, 0x26, 
0x4f, 0xfb, 0xff, 0xff, 0xff, 0x41, 0x6e, 0x73, 0x68, 0x27, 0xd5, 0xfb, 0xff, 0xff, 0xff, 0x32, 
0x20, 0xd5, 0x5a, 0x26, 0x73, 0xfe, 0xff, 0xff, 0xff, 0x1b, 0x1c, 0xdc, 0x4c, 0x27, 0xe2, 0x01, 
0x00, 0x00, 0x00, 0x79, 0xa3, 0x4c, 0x61, 0x27, 0x95, 0x00, 0x00, 0x00, 0x00, 0x88, 0x33, 0x48, 
0x6a, 0x27, 0x7a, 0xf7, 0xff, 0xff, 0xff, 0xbb, 0xaf, 0x14, 0x60, 0x28, 0x75, 0xf2, 0xff, 0xff, 
0xff, 0x0e, 0x2f, 0x1b, 0x58, 0x27, 0x94, 0x13, 0x00, 0x00, 0x00, 0x54, 0x52, 0x92, 0x5b, 0x27, 
0x5a, 0xf2, 0xff, 0xff, 0xff, 0x75, 0x6d, 0xc4, 0x79, 0x27, 0x54, 0xf6, 0xff, 0xff, 0xff, 0x36, 
0x9a, 0x76, 0x71, 0x27, 0xea, 0xf8, 0xff, 0xff, 0xff, 0x66, 0x5e, 0x8b, 0x5b, 0x27, 0x49, 0x15, 
0x00, 0x00, 0x00, 0xcb, 0xe4, 0xe6, 0x50, 0x27, 0xdb, 0xf7, 0xff, 0xff, 0xff, 0x49, 0xe8, 0x97, 
0x56, 0x27, 0xbd, 0xff, 0xff, 0xff, 0xff, 0x63, 0x79, 0x17, 0x48, 0x26, 0x0b, 0x0a, 0x00, 0x00, 
0x00, 0xbc, 0x9a, 0x0d, 0x4f, 0x26, 0x72, 0x01, 0x00, 0x00, 0x00, 0x64, 0xc7, 0x02, 0x49, 0x26, 
0x56, 0x05, 0x00, 0x00, 0x00, 0x1b, 0xb2, 0xb3, 0x4a, 0x27, 0x99, 0x09, 0x00, 0x00, 0x00, 0x13, 
0x02, 0x97, 0x57, 0x27, 0x5e, 0xff, 0xff, 0xff, 0xff, 0xfa, 0xdc, 0x14, 0x6e, 0x27, 0x77, 0xf4, 
0xff, 0xff, 0xff, 0x88, 0x0f, 0x48, 0x6c, 0x27, 0x8f, 0x14, 0x00, 0x00, 0x00, 0xc0, 0x55, 0xcc, 
0x52, 0x27, 0xb2, 0x72, 0xff, 0xff, 0xff, 0x7d, 0x25, 0x36, 0x54, 0x2a, 0xd8, 0xea, 0xff, 0xff, 
0xff, 0x2a, 0x71, 0xac, 0x7b, 0x27, 0x7c, 0x03, 0x00, 0x00, 0x00, 0xcb, 0xb4, 0xe5, 0x7e, 0x28, 
0x5e, 0xbf, 0xff, 0xff, 0xff, 0x47, 0x31, 0x39, 0x5e, 0x2a, 0x7b, 0xb1, 0xff, 0xff, 0xff, 0xde, 
0x3c, 0xdb, 0x4b, 0x2a, 0xcb, 0xff, 0xff, 0xff, 0xff, 0x5c, 0xbe, 0x88, 0x61, 0x28, 0x3f, 0xf7, 
0xff, 0xff, 0xff, 0xae, 0x16, 0x8c, 0x7f, 0x27, 0xf9, 0xfe, 0xff, 0xff, 0xff, 0x11, 0x18, 0x86, 
0x68, 0x27, 0x99, 0xfc, 0xff, 0xff, 0xff, 0x01, 0x52, 0x27, 0x44, 0x26, 0xf5, 0xf1, 0xff, 0xff, 
0xff, 0xcf, 0x94, 0xa3, 0x57, 0x26, 0x5a, 0xfb, 0xff, 0xff, 0xff, 0x85, 0x65, 0x7f, 0x59, 0x27, 
0x78, 0x33, 0x54, 0x01, 0x5c, 0xcd, 0x00, 0x60, 0x5d, 0xb7, 0x56, 0x44, 0x16, 0xe4, 0x16, 0x63, 
0xe5, 0x03, 0x80, 0x13, 0x4b, 0x79, 0xac, 0xe3, 0xfa, 0xf3, 0x69, 0x9f, 0x2b, 0x90, 0xa5, 0xc1, 
0xc9, 0x82, 0xc0, 0x92, 0x98, 0xdb, 0xee, 0x5c, 0x7a, 0x00, 0x78, 0xe4, 0x28, 0x60, 0x68, 0xc4, 
0xf2, 0x8b, 0xfb, 0x8c, 0x22, 0xbf, 0x00, 0x5e, 0x1b, 0x00, 0x60, 0xef, 0xde, 0x8a, 0xf5, 0xbf, 
0xd0, 0x02, 0x09, 0x5d, 0x2c, 0xdc, 0x90, 0x76, 0x40, 0xf0, 0x71, 0xc4, 0x86, 0x67, 0x44, 0xbe, 
0x1c, 0x00, 0xc0, 0xf3, 0x92, 0xaf, 0x38, 0x92, 0xeb, 0xff, 0x7a, 0x0a, 0xed, 0xbd, 0xc6, 0xfe, 
0x0d, 0x00, 0x36, 0x0c, 0x21, 0x39, 0xb1, 0x3d, 0xbd, 0xfc, 0x82, 0x1a, 0x72, 0xa8, 0x3d, 0x00, 
0xd8, 0xee, 0x70, 0xcd, 0xf7, 0x90, 0xda, 0xa0, 0xa1, 0x22, 0x23, 0x00, 0x70, 0x24, 0x9d, 0xc2, 
0xe3, 0xcb, 0xc0, 0xf5, 0x9b, 0x66, 0xc9, 0x00, 0x40, 0xca, 0x6b, 0xb9, 0x2d, 0x89, 0xfd, 0x01, 
0xe0, 0x8e, 0x8a, 0xc1, 0x2a, 0x27, 0xaf, 0x91, 0xb9, 0xff, 0x3a, 0x0f, 0x64, 0x84, 0xfb, 0x7d, 
0x00, 0xd0, 0xf6, 0xbd, 0xc2, 0x8d, 0xef, 0x86, 0xb6, 0x89, 0xc8, 0x98, 0xf1, 0x01, 0xc0, 0x2d, 
0x4b, 0x6f, 0x90, 0x61, 0xe0, 0x93, 0xce, 0x4c, 0x6d, 0x3b, 0x2d, 0xdd, 0x77, 0x00, 0x80, 0xb2, 
0x3b, 0x50, 0x62, 0xb8, 0xf2, 0x0e, 0x00, 0xac, 0xbd, 0xc5, 0x2e, 0xc9, 0xa6, 0xe2, 0xea, 0x3b, 
0x8c, 0x30, 0x78, 0x9c, 0xfe, 0x76, 0x0b, 0x00, 0x30, 0x67, 0x49, 0x31, 0x65, 0xba, 0xfd, 0x19, 
0x00, 0xe8, 0xbf, 0xc9, 0xea, 0x2b, 0xf4, 0x64, 0x8e, 0x6a, 0x45, 0xe4, 0x78, 0x5f, 0xb5, 0x02, 
0xc0, 0x2d, 0xf9, 0xfb, 0xbd, 0xdd, 0x12, 0x6c, 0x07, 0x00, 0x14, 0xb0, 0x62, 0xe5, 0x62, 0xc2, 
0x6d, 0x3f, 0x8c, 0xf0, 0x80, 0x24, 0xbb, 0x7f, 0xba, 0x0a, 0x00, 0xf6, 0x10, 0x5f, 0xc1, 0x96, 
0x1b, 0xd3, 0x9c, 0xac, 0x9f, 0x0b, 0x27, 0x84, 0x00, 0xda, 0x30, 0x63, 0x5f, 0x57, 0x2c, 0xaa, 
0x1e, 0x00, 0xfc, 0x26, 0x6e, 0x62, 0x82, 0x49, 0x62, 0xb1, 0x7f, 0x04, 0xd0, 0xd8, 0xfa, 0x83, 
0x62, 0x57, 0xfd, 0x63, 0x78, 0xa6, 0x1f, 0x42, 0x37, 0x2f, 0x00, 0x70, 0xce, 0xab, 0x78, 0x95, 
0x4e, 0x1a, 0xb7, 0x6d, 0x6d, 0x26, 0x93, 0xd6, 0x6a, 0x03, 0xc0, 0x51, 0x1c, 0xb9, 0x36, 0x01, 
0xf9, 0xcc, 0x03, 0xc0, 0xb2, 0x90, 0xb5, 0x37, 0x37, 0x6e, 0x9d, 0xd2, 0x89, 0xb6, 0x6d, 0x3c, 
0x99, 0xdc, 0x00, 0x71, 0x6e, 0x39, 0x4d, 0x52, 0x26, 0x3d, 0x3d, 0x00, 0xb0, 0x14, 0xe3, 0x84, 
0x38, 0x5c, 0x53, 0x7e, 0x9b, 0x25, 0x63, 0x53, 0x34, 0xec, 0x0f, 0x00, 0x13, 0x66, 0xb7, 0xbe, 
0x37, 0xa1, 0xcd, 0x80, 0x40, 0xf9, 0x5d, 0x6c, 0xe7, 0xe5, 0x0a, 0xfd, 0x05, 0x00, 0x8b, 0x61, 
0xda, 0x3d, 0x26, 0x44, 0x94, 0xf8, 0x37, 0x27, 0x71, 0xeb, 0x0e, 0x8c, 0xd9, 0x78, 0x00, 0x70, 
0xf3, 0x1c, 0x8d, 0xf7, 0x82, 0xfe, 0x3e, 0x0b, 0x01, 0xcf, 0x2b, 0x74, 0x15, 0x01, 0x01, 0xe5, 
0xb7, 0x8b, 0x3c, 0x96, 0x14, 0x00, 0x64, 0xe6, 0x0a, 0x07, 0x00, 0x2b, 0xb5, 0x4f, 0x03, 0x00, 
0x7c, 0x7d, 0x59, 0x0a, 0x11, 0x52, 0xd4, 0xa8, 0xeb, 0x02, 0xc1, 0x10, 0x34, 0x7f, 0x1b, 0x00, 
0xa6, 0x8d, 0xab, 0xba, 0xf7, 0xb3, 0x50, 0xd6, 0x95, 0x4f, 0x05, 0xef, 0xbc, 0x76, 0x00, 0x60, 
0xa9, 0x42, 0xa0, 0xfb, 0xcc, 0x05, 0x12, 0x00, 0xb0, 0xe1, 0x49, 0xfe, 0xb6, 0x68, 0x86, 0xb7, 
0x7a, 0x22, 0x30, 0x02, 0x33, 0xab, 0x98, 0x02, 0x00, 0xf0, 0xe6, 0x38, 0x90, 0x09, 0x7e, 0xe9, 
0x03, 0xc0, 0x77, 0x8a, 0xa3, 0xd5, 0xcc, 0xd7, 0xcc, 0x98, 0x5f, 0x05, 0x3b, 0x68, 0xca, 0x53, 
0x00, 0x90, 0xa6, 0x67, 0xe4, 0xc5, 0x18, 0xb3, 0x38, 0x00, 0xd8, 0x49, 0x04, 0x75, 0x1f, 0xc6, 
0x34, 0xee, 0x32, 0xac, 0x24, 0x79, 0x38, 0xd7, 0x00, 0x60, 0x54, 0xc3, 0xc3, 0x16, 0x8b, 0xbd, 
0x38, 0xc7, 0x77, 0x00, 0x10, 0x05, 0x77, 0xb5, 0x9d, 0x0d, 0xa5, 0x36, 0x00, 0x70, 0xd2, 0x4c, 
0xe7, 0xf4, 0x8d, 0x01, 0x62, 0xd7, 0x22, 0xcc, 0x70, 0x5f, 0x0e, 0x4d, 0x07, 0x00, 0x7c, 0x8e, 
0xfe, 0x0c, 0xbc, 0xff, 0x9b, 0x83, 0x00, 0x80, 0xdd, 0xe2, 0x82, 0x20, 0xdb, 0xe7, 0xb9, 0x2a, 
0xfb, 0x9d, 0x60, 0xaf, 0x89, 0xdb, 0x7b, 0x00, 0x88, 0x96, 0xe4, 0x63, 0x4b, 0xe6, 0xd7, 0x03, 
0x00, 0xcc, 0x94, 0xac, 0x7a, 0xda, 0x2a, 0xff, 0x86, 0x84, 0x3c, 0x24, 0x68, 0x18, 0xe5, 0x04, 
0x00, 0xfb, 0xdf, 0x64, 0x0d, 0x34, 0x9b, 0x35, 0x02, 0xc0, 0x3f, 0x23, 0x17, 0x80, 0x84, 0x47, 
0x75, 0xd3, 0xfe, 0x06, 0x67, 0xcf, 0x0f, 0x80, 0xec, 0xae, 0x52, 0x4c, 0xf2, 0xca, 0xfd, 0xe3, 
0x72, 0x77, 0x04, 0xc2, 0x7f, 0x16, 0x00, 0xee, 0xcf, 0xac, 0xda, 0xcd, 0xa0, 0x3d, 0x3e, 0x39, 
0x6e, 0xd6, 0xf9, 0x00, 0x20, 0xfb, 0xf7, 0x50, 0x1e, 0x14, 0xee, 0xdd, 0x1e, 0x71, 0x99, 0x93, 
0x91, 0xd6, 0x06, 0x00, 0xa7, 0x5b, 0xf0, 0x3b, 0x53, 0xf9, 0xae, 0xa9, 0x60, 0x28, 0xee, 0x5c, 
0x2b, 0x00, 0x48, 0xda, 0x2a, 0x75, 0x22, 0xb5, 0xdb, 0x00, 0xe0, 0xd2, 0x84, 0x3b, 0xe6, 0xa6, 
0xa8, 0xbc, 0xdd, 0xfa, 0x32, 0xed, 0x61, 0x97, 0xfa, 0x2e, 0x00, 0x74, 0x69, 0xb5, 0xbf, 0xe0, 
0xbf, 0x84, 0xf3, 0x50, 0xc9, 0xeb, 0x6f, 0x3b, 0x29, 0x44, 0xda, 0xf9, 0xb1, 0xf3, 0x90, 0xb4, 
0xde, 0x00, 0xc0, 0xd6, 0x51, 0xf6, 0xf2, 0x0d, 0xad, 0xc9, 0xff, 0xd9, 0xef, 0x82, 0x19, 0xe8, 
0x5f, 0x00, 0x30, 0x9d, 0x4d, 0xb1, 0x81, 0x8b, 0x5c, 0xee, 0x53, 0x48, 0x26, 0xdb, 0x00, 0xc0, 
0x4b, 0xe3, 0x2a, 0x0f, 0x85, 0xa0, 0x9e, 0x00, 0xb0, 0x0b, 0xf5, 0x65, 0x26, 0x5e, 0xfe, 0x07, 
0xf9, 0xe0, 0x95, 0x03, 0x84, 0x9b, 0x07, 0x00, 0x3a, 0xeb, 0x20, 0x2a, 0xa5, 0x45, 0x34, 0xcb, 
0x01, 0xe0, 0xab, 0x3a, 0xe0, 0x7b, 0xc1, 0x62, 0xc7, 0x56, 0x33, 0xad, 0xae, 0x5b, 0x3f, 0x00, 
0xe0, 0x65, 0x9b, 0xa8, 0xe8, 0x3c, 0xd8, 0xef, 0xe7, 0xdc, 0xd3, 0xf9, 0x7f, 0xe6, 0x78, 0x00, 
0xe0, 0xb7, 0x9c, 0x6a, 0xa6, 0xbf, 0xff, 0xec, 0x2a, 0x08, 0xfc, 0x46, 0xfd, 0x05, 0x00, 0xd7, 
0xc6, 0xf4, 0x77, 0xad, 0xba, 0xc9, 0xd2, 0x86, 0x84, 0x72, 0x15, 0x00, 0x80, 0x33, 0xd8, 0x07, 
0xda, 0xa5, 0x4f, 0x0b, 0x00, 0xfc, 0x88, 0x96, 0x9d, 0xdd, 0x5e, 0x17, 0xc4, 0x78, 0x7f, 0x1f, 
0x49, 0x97, 0x80, 0x7d, 0x0f, 0x00, 0x5c, 0x77, 0x4b, 0x39, 0xb0, 0xff, 0x4f, 0xc7, 0x98, 0x6d, 
0xc6, 0xff, 0x05, 0x00, 0xd8, 0xfd, 0x06, 0x41, 0xb5, 0x6e, 0x67, 0x9b, 0xbf, 0xfb, 0x02, 0xff, 
0x0f, 0x00, 0xd8, 0x7d, 0x48, 0x2a, 0x92, 0xcf, 0x6e, 0xcb, 0x54, 0xbb, 0x0f, 0xbe, 0xdd, 0x00, 
0xb0, 0xfd, 0xb5, 0x67, 0x06, 0x2c, 0xcc, 0x97, 0x6f, 0x69, 0x72, 0x9b, 0xa0, 0x1d, 0x00, 0xf8, 
0x9f, 0xab, 0xa1, 0x2a, 0x6d, 0x73, 0x4f, 0x90, 0x66, 0x36, 0xe7, 0xfe, 0x00, 0xc0, 0x28, 0x6a, 
0xe8, 0x69, 0xa8, 0x69, 0xdb, 0x02, 0x00, 0xaf, 0x13, 0x33, 0xff, 0x9b, 0xb7, 0xba, 0x63, 0x77, 
0x3a, 0x85, 0x78, 0xcf, 0x53, 0x01, 0x60, 0x72, 0xe2, 0xfd, 0x68, 0x5c, 0xf9, 0xff, 0x00, 0x20, 
0x5c, 0xe3, 0xea, 0x74, 0xc5, 0x98, 0xf4, 0x16, 0x6f, 0xb5, 0x97, 0x3c, 0x79, 0xbb, 0x69, 0x00, 
0xd0, 0x81, 0x26, 0x8e, 0xc4, 0xcc, 0x7d, 0x02, 0xc0, 0x0e, 0x50, 0x94, 0x98, 0x4c, 0xb4, 0xdb, 
0x3f, 0x09, 0xf2, 0x6e, 0x1d, 0x08, 0x7d, 0x0f, 0x00, 0xec, 0x4e, 0xf4, 0xed, 0x6d, 0xcf, 0x0e, 
0x16, 0x1a, 0xa7, 0x8c, 0xf7, 0xc9, 0x00, 0x00, 0x7e, 0xe7, 0x4d, 0x83, 0x97, 0x89, 0xb6, 0x1f, 
0x00, 0x84, 0xd4, 0xcf, 0x4b, 0x12, 0xa1, 0x0f, 0x37, 0x0e, 0x00, 0x94, 0x25, 0x89, 0xd6, 0xc4, 
0x43, 0xb3, 0x96, 0x35, 0xbb, 0xc2, 0xbb, 0x7c, 0x47, 0x62, 0x62, 0x00, 0xe0, 0x94, 0x35, 0x93, 
0xb4, 0xb3, 0xf6, 0xd7, 0x01, 0x00, 0x0d, 0xe9, 0xd8, 0x17, 0x6f, 0x63, 0xb6, 0xb2, 0x00, 0xd0, 
0x9b, 0x2e, 0x6e, 0x3b, 0xa6, 0xc5, 0xd5, 0xde, 0x5c, 0xfa, 0xfe, 0x77, 0x08, 0x37, 0x07, 0x80, 
0xef, 0xef, 0x46, 0x7c, 0xdf, 0x42, 0xfd, 0x70, 0xae, 0x4f, 0x5b, 0x77, 0x00, 0x60, 0x2f, 0xcc, 
0xb2, 0x7b, 0xa3, 0x0b, 0xf2, 0xac, 0xb7, 0x85, 0x04, 0xfa, 0x83, 0xdf, 0x06, 0x00, 0xfb, 0x1b, 
0xa5, 0x1d, 0xb2, 0xb0, 0x6d, 0xb9, 0x25, 0x8d, 0xb6, 0xba, 0x00, 0xd0, 0xaf, 0x4a, 0x74, 0x5e, 
0xb3, 0xfc, 0x6e, 0x9e, 0xee, 0xc3, 0xd8, 0x6a, 0x01, 0xe0, 0x7e, 0xad, 0x35, 0x76, 0x6f, 0xef, 
0x7b, 0x5a, 0xf2, 0x37, 0xe2, 0xb7, 0x00, 0x60, 0xe1, 0xf7, 0x0d, 0xfe, 0xe5, 0x6d, 0x7e, 0x9e, 
0x08, 0xee, 0xae, 0xf7, 0x03, 0x80, 0x75, 0xf9, 0x21, 0x33, 0xb8, 0xdf, 0x66, 0xca, 0x72, 0xa4, 
0x9b, 0x06, 0x00, 0x77, 0x58, 0xfb, 0x15, 0xd3, 0x33, 0x73, 0x36, 0xc0, 0x5e, 0x72, 0x5a, 0x01, 
0xc0, 0x65, 0x77, 0x2f, 0x69, 0xf4, 0xfa, 0xf5, 0x00, 0x80, 0x5f, 0xee, 0x70, 0x4f, 0x73, 0x52, 
0xfb, 0xd7, 0xf5, 0xe0, 0xf2, 0x9b, 0x1b, 0x18, 0x00, 0x64, 0x19, 0xa3, 0x75, 0x41, 0xaf, 0xc7, 
0x19, 0x0a, 0x58, 0x2d, 0xee, 0x08, 0xaa, 0x1a, 0x00, 0xfe, 0x4d, 0x14, 0xe3, 0x6b, 0x71, 0xdc, 
0x7f, 0xcb, 0x95, 0x38, 0xae, 0xb9, 0x03, 0x80, 0x5d, 0xc7, 0x35, 0xc8, 0x6d, 0x8c, 0x00, 0x30, 
0x3f, 0xec, 0x5b, 0x38, 0xd3, 0x79, 0x7f, 0x6b, 0x5e, 0xbe, 0x80, 0x37, 0xfa, 0xbf, 0x11, 0x40, 
0x88, 0xf5, 0x86, 0xd9, 0x92, 0x05, 0x00, 0x72, 0x3f, 0x6a, 0xcf, 0x36, 0x4e, 0xe9, 0x20, 0xdf, 
0x8f, 0x58, 0xff, 0xc5, 0xa7, 0xb9, 0x1c, 0x00, 0xac, 0x42, 0x65, 0x4c, 0xf7, 0x6d, 0x55, 0x02, 
0x02, 0xbd, 0xf2, 0x46, 0x4b, 0x9f, 0x39, 0xb1, 0xf2, 0xd6, 0x81, 0x07, 0x15, 0xd2, 0x6f, 0x01, 
0xc0, 0x91, 0xb4, 0xb0, 0xeb, 0x57, 0xc5, 0xf1, 0xf2, 0x00, 0xc0, 0xb4, 0xbb, 0x6e, 0xc1, 0x38, 
0xd3, 0x6b, 0x1a, 0x7a, 0x3c, 0x9e, 0xef, 0x29, 0x00, 0x00, 0x1e, 0x5d, 0xa6, 0x63, 0x61, 0x7d, 
0xc5, 0x1a, 0x6d, 0x00, 0x70, 0xab, 0x90, 0x04, 0x44, 0x7d, 0xe7, 0xff, 0x35, 0xa3, 0xaa, 0x08, 
0x59, 0x78, 0x2f, 0x00, 0x60, 0x4a, 0x4e, 0x01, 0x50, 0xdd, 0x2e, 0x00, 0xc8, 0x62, 0x18, 0x59, 
0xdd, 0x90, 0xf8, 0x8a, 0x49, 0x0f, 0x60, 0x85, 0xaf, 0xd0, 0xea, 0x00, 0xc0, 0xd6, 0xf3, 0xe0, 
0x71, 0xfe, 0xb1, 0xa3, 0x1d, 0x00, 0x7c, 0xa4, 0x4a, 0xf5, 0x44, 0xf2, 0xb3, 0x2b, 0x22, 0xac, 
0x48, 0xc5, 0xcd, 0x2a, 0x00, 0x5c, 0x25, 0xdf, 0x5b, 0xc4, 0xe0, 0x2f, 0xdd, 0x97, 0x9e, 0xb2, 
0x3f, 0xf8, 0x5a, 0x00, 0x38, 0x9d, 0x00, 0xff, 0x83, 0xb5, 0xf5, 0x9e, 0x79, 0x72, 0x4a, 0xe3, 
0xa9, 0x00, 0xa0, 0xcf, 0x79, 0xb8, 0x3a, 0xe9, 0xfb, 0xda, 0x9b, 0x86, 0x4d, 0x74, 0x9d, 0x02, 
0x00, 0xf8, 0x38, 0xe4, 0x78, 0xc0, 0xfd, 0x00, 0xf0, 0x1b, 0x6c, 0x6f, 0xc9, 0x07, 0xfc, 0xb7, 
0x59, 0x0f, 0xbc, 0xbb, 0xd6, 0x1b, 0x00, 0x9c, 0x3a, 0xcb, 0x15, 0x25, 0xd7, 0x59, 0x40, 0xf1, 
0xdd, 0xed, 0x53, 0x6b, 0x2a, 0x00, 0xee, 0x2e, 0x6c, 0x7b, 0x8b, 0xc0, 0x25, 0xd5, 0x6b, 0x07, 
0x00, 0xef, 0xb1, 0x9a, 0x1d, 0xcd, 0xbe, 0x6f, 0xac, 0xf1, 0xcc, 0xe2, 0xff, 0x17, 0x00, 0x14, 
0xc2, 0x21, 0x75, 0x70, 0xbe, 0xb4, 0x03, 0x00, 0x17, 0x4b, 0x42, 0xf4, 0x63, 0x23, 0xfd, 0x1f, 
0x97, 0xcd, 0x35, 0x85, 0xcd, 0x49, 0xfb, 0x05, 0x00, 0x88, 0x76, 0x1f, 0x33, 0xfe, 0xbd, 0x05, 
0x00, 0xcf, 0x35, 0xa4, 0xce, 0x1b, 0xc3, 0x01, 0xc6, 0xa3, 0xf6, 0x1c, 0x8f, 0xae, 0xc9, 0x1b, 
0x00, 0xcc, 0x3d, 0x20, 0x05, 0x88, 0xae, 0xdc, 0x26, 0x49, 0xb4, 0x52, 0x97, 0x4a, 0x06, 0x00, 
0x05, 0x7a, 0x97, 0xd2, 0x82, 0xbf, 0xfa, 0x6b, 0xd7, 0xcb, 0xc0, 0xc0, 0x34, 0x20, 0xbe, 0xae, 
0x75, 0x51, 0x00, 0x68, 0x47, 0x41, 0x9f, 0x79, 0x99, 0x52, 0xb7, 0x20, 0xbf, 0x1c, 0xf8, 0xf6, 
0x0b, 0x70, 0x00, 0x90, 0xca, 0x97, 0xed, 0x26, 0x25, 0xa1, 0x6e, 0x11, 0x00, 0xfa, 0x82, 0x1c, 
0x51, 0xfe, 0xab, 0x1c, 0xe5, 0xf7, 0xe3, 0x6b, 0xa3, 0xb2, 0x03, 0x68, 0x3f, 0x00, 0xa8, 0x0b, 
0x26, 0xc0, 0xbf, 0x6a, 0xbf, 0xdd, 0x90, 0x8a, 0xe1, 0xfe, 0x7b, 0x01, 0xc0, 0x6a, 0xbe, 0xc4, 
0xed, 0xac, 0xf6, 0xff, 0xfc, 0x42, 0x95, 0xcc, 0x76, 0x09, 0x00, 0xfa, 0x65, 0x2e, 0x67, 0x33, 
0x77, 0x5c, 0x3c, 0x5e, 0xec, 0x4d, 0x08, 0x01, 0x80, 0xcc, 0x5f, 0x0b, 0xf4, 0x6f, 0xb6, 0x07, 
0x00, 0xf6, 0x4a, 0x7b, 0xf5, 0x82, 0x23, 0xf4, 0xdf, 0xf7, 0x07, 0xf0, 0x4d, 0x17, 0x56, 0xb8, 
0xcb, 0x0e, 0xf0, 0x4c, 0xf6, 0xb5, 0xfc, 0xff, 0xe1, 0xfc, 0xff, 0xff, 0xff, 0xff, 0xff, 0xff, 
0xff, 0xff, 0xff, 0xff, 0xff, 0xff, 0xff, 0x07, 0x18, 0x00, 0xa0, 0x04, 0x00, 0x40, 0x09, 0xf4, 
0x01, 0xca, 0x7b, 0x01, 0x00, 0x5d, 0x03, 0xd3, 0x4c, 0x39, 0xef, 0xd0, 0xe3, 0x24, 0x00, 0x3c, 
0x4c, 0xce, 0x21, 0x28, 0x6d, 0x09, 0xf8, 0x0f, 0x20, 0x9c, 0x57, 0x59, 0x86, 0x55, 0xf9, 0xee, 
0x77, 0xf7, 0xe8, 0x37, 0xfe, 0xfb, 0x33, 0x03, 0x00, 0xdd, 0x02, 0xbc, 0xe7, 0xf6, 0x6e, 0x9c, 
0x44, 0x4e, 0x67, 0xff, 0xdc, 0x00, 0xc0, 0xa7, 0xce, 0x98, 0x71, 0xb5, 0x6b, 0xd3, 0x07, 0x86, 
0xc3, 0x43, 0x3a, 0x36, 0x00, 0xf4, 0x0d, 0x28, 0x53, 0xba, 0x14, 0xd4, 0xfe, 0x09, 0xff, 0x21, 
0x7d, 0x76, 0x2d, 0x00, 0x10, 0xc7, 0xf7, 0x2f, 0x31, 0xe3, 0x49, 0x00, 0x20, 0x3e, 0xc3, 0x44, 
0x68, 0xf5, 0x64, 0x26, 0x0f, 0x00, 0x16, 0x43, 0x93, 0x49, 0x45, 0x8f, 0xf6, 0xbd, 0xb7, 0xa3, 
0xb4, 0xee, 0x02, 0x69, 0x8c, 0xf5, 0x07, 0x00, 0x76, 0xbb, 0x54, 0xef, 0x39, 0x7c, 0x4d, 0xbc, 
0x49, 0xe8, 0x03, 0x00, 0x3f, 0x72, 0xd0, 0x71, 0x28, 0xfa, 0xff, 0x05, 0x4d, 0x83, 0xfe, 0xff, 
0xff, 0xff, 0xff, 0xff, 0xff, 0xff, 0xff, 0xff, 0xff, 0xff, 0xff, 0xff, 0x00, 0x0c, 0x00, 0x50, 
0x00, 0x00, 0x20, 0x01, 0x7d, 0x80, 0x12, 0x7f, 0x00, 0xf0, 0xec, 0x59, 0x37, 0x84, 0x44, 0xcf, 
0x91, 0xb7, 0x01, 0x00, 0xdf, 0x77, 0xdb, 0xc9, 0x23, 0x11, 0xdb, 0x49, 0x00, 0xf3, 0x9b, 0x7c, 
0xdd, 0x00, 0x30, 0xb8, 0x2a, 0x5b, 0x41, 0x5c, 0xf7, 0x69, 0x01, 0xa0, 0xaf, 0x8f, 0x39, 0xfa, 
0xfd, 0xf3, 0x25, 0xaf, 0x4d, 0x29, 0xd9, 0x97, 0xff, 0x00, 0x80, 0x15, 0x0e, 0xb9, 0xd3, 0x88, 
0x1e, 0xdb, 0x75, 0xf1, 0xcd, 0xc0, 0xbe, 0xdf, 0x77, 0x01, 0xc0, 0x6e, 0xff, 0x9c, 0x4d, 0xf4, 
0x1a, 0x1e, 0x7b, 0x47, 0x58, 0xff, 0xf8, 0xb6, 0x00, 0xf4, 0x97, 0x61, 0x4a, 0x13, 0xdb, 0x93, 
0x77, 0x0d, 0x00, 0x9d, 0x9e, 0x65, 0xbc, 0xf6, 0x6c, 0xf9, 0x33, 0xb0, 0x7d, 0xda, 0x6d, 0x00, 
0x90, 0xf3, 0x6d, 0xd5, 0xf2, 0xbb, 0x77, 0x2f, 0x3d, 0x9a, 0x85, 0xed, 0x00, 0x5b, 0xb8, 0x01, 
0x60, 0x8e, 0xac, 0xf3, 0x36, 0xfd, 0x17, 0xf8, 0x3b, 0xc6, 0x27, 0x77, 0x25, 0x66, 0x1a, 0x80, 
0xff, 0xcf, 0xf6, 0x2e, 0x5f, 0xff, 0xff, 0xf8, 0xff, 0xff, 0xff, 0xff, 0xff, 0xff, 0xff, 0xff, 
0xff, 0xff, 0xff, 0x3f, 0x00, 0x03, 0x00, 0x94, 0x00, 0x00, 0x58, 0x81, 0x3e, 0x40, 0xf1, 0x55, 
0x00, 0xd0, 0xfb, 0x2e, 0x68, 0xe8, 0x4f, 0x2b, 0x0f, 0xed, 0x3f, 0x00, 0x50, 0x8b, 0xad, 0xb2, 
0x9a, 0xa6, 0xfb, 0x3b, 0x3b, 0xef, 0x43, 0xf9, 0xef, 0xaf, 0xb8, 0x0b, 0x00, 0xbe, 0x5b, 0x63, 
0x5d, 0xd8, 0xff, 0x6b, 0x00, 0x38, 0xaf, 0x34, 0xcc, 0xf3, 0xd4, 0x89, 0xca, 0x77, 0xe5, 0x0c, 
0x6d, 0x01, 0x41, 0x01, 0x83, 0x3e, 0xa4, 0x40, 0x2c, 0x7f, 0x07, 0x00, 0x08, 0x7b, 0x04, 0xc6, 
0x26, 0xbf, 0xa5, 0xb5, 0x1b, 0xfb, 0x1a, 0xdd, 0xcf, 0xe2, 0x17, 0xe4, 0xbf, 0x00, 0xb0, 0xc5, 
0xa2, 0xe2, 0xe1, 0x3c, 0x4f, 0x6e, 0xd1, 0xd2, 0x43, 0x31, 0x76, 0x05, 0x00, 0xec, 0xc1, 0x34, 
0x74, 0x72, 0x6b, 0x6f, 0x00, 0x78, 0x3f, 0xe4, 0x2d, 0x71, 0x8b, 0xda, 0xd2, 0x8f, 0x44, 0x8a, 
0x92, 0x03, 0xc0, 0x55, 0x77, 0x3e, 0xe6, 0xc9, 0xba, 0xaf, 0x8d, 0x46, 0x56, 0x36, 0x47, 0xd0, 
0x0a, 0xc0, 0xdf, 0xbf, 0x3e, 0xc6, 0x9a, 0xff, 0x57, 0xff, 0xae, 0xf5, 0xff, 0xff, 0xff, 0xff, 
0xff, 0xff, 0xff, 0xff, 0xff, 0xff, 0xff, 0xff, 0xff, 0x03, 0x30, 0x00, 0x40, 0x09, 0x00, 0x80, 
0x09, 0xe0, 0x03, 0x94, 0xb7, 0x07, 0x80, 0xed, 0x94, 0xf7, 0xea, 0xde, 0xfc, 0xfc, 0xf5, 0x04, 
0x60, 0xee, 0xe8, 0x75, 0x66, 0x02, 0xad, 0x7a, 0xc7, 0x27, 0xe7, 0x45, 0xde, 0x26, 0x00, 0x04, 
0xd9, 0x53, 0x3d, 0xc8, 0xe6, 0x4d, 0x01, 0x20, 0x23, 0xb6, 0xbf, 0xd9, 0x23, 0x76, 0x44, 0xfd, 
0x67, 0x83, 0xdd, 0x6c, 0x90, 0xeb, 0x6a, 0xac, 0x2b, 0x00, 0xb0, 0x0b, 0x4c, 0x20, 0x7d, 0x89, 
0xbd, 0x13, 0x00, 0x6c, 0xd7, 0x88, 0x68, 0x06, 0x67, 0xf7, 0x6c, 0xf0, 0x70, 0x1e, 0x8d, 0xfd, 
0x0e, 0x00, 0x72, 0x65, 0x9d, 0x03, 0x0a, 0xa6, 0x3e, 0xf6, 0xfd, 0x1d, 0x4d, 0x67, 0x89, 0x49, 
0x19, 0x00, 0x16, 0x1f, 0x04, 0x80, 0xf5, 0x83, 0x69, 0x27, 0xb0, 0xf1, 0x8c, 0x04, 0x03, 0x20, 
0x05, 0xa0, 0xbe, 0xdd, 0x31, 0xa0, 0xae, 0xe6, 0x63, 0x00, 0xa0, 0x0a, 0x6a, 0xc9, 0x4f, 0xf2, 
0x0e, 0xfd, 0x01, 0xfc, 0x6b, 0x55, 0xaf, 0xd6, 0x10, 0xaa, 0xf1, 0xff, 0xf3, 0xd4, 0xe1, 0xff, 
0xff, 0xff, 0xff, 0xff, 0xff, 0xff, 0xff, 0xff, 0xff, 0xff, 0xff, 0xff, 0x07, 0x60, 0x00, 0x80, 
0x02, 0x00, 0x00, 0x0e, 0xe0, 0x03, 0x94, 0xee, 0x01, 0x80, 0xc0, 0x76, 0x7a, 0x67, 0x67, 0x1c, 
0x18, 0x0b, 0xfd, 0x6c, 0x7f, 0x00, 0x90, 0x33, 0xea, 0xa4, 0x8c, 0x61, 0xfd, 0x1f, 0xe4, 0x92, 
0xe0, 0xd4, 0x6f, 0x21, 0x00, 0xbc, 0x18, 0xd7, 0xee, 0xda, 0xb8, 0x01, 0xe0, 0x72, 0x00, 0xc1, 
0x9b, 0x0a, 0xab, 0x73, 0x94, 0x2c, 0x43, 0x27, 0xf0, 0x09, 0x17, 0x00, 0x70, 0xbd, 0x68, 0xcf, 
0x56, 0x2e, 0xb3, 0x0e, 0x00, 0xdd, 0x25, 0xa5, 0xa8, 0x5f, 0x2d, 0xa3, 0xf3, 0xd1, 0x16, 0xe2, 
0xb2, 0x00, 0xdd, 0x0d, 0x00, 0x33, 0x8f, 0xcc, 0xad, 0x93, 0xc5, 0xd2, 0xb7, 0x3c, 0xe0, 0xa3, 
0xc3, 0xd5, 0x5d, 0x0d, 0x00, 0x7c, 0xd4, 0x34, 0xe4, 0x1b, 0x38, 0x7e, 0x00, 0x68, 0x47, 0xc2, 
0xd4, 0x0a, 0xc4, 0x3b, 0x84, 0xfd, 0xb6, 0x99, 0xdf, 0x7b, 0x0f, 0x00, 0x66, 0xff, 0x6a, 0x61, 
0x2a, 0x0a, 0x91, 0xc0, 0xd7, 0xfb, 0x5b, 0x49, 0x55, 0xfc, 0x0f, 0x00, 0x40, 0xe7, 0xe0, 0x21, 
0xc5, 0xf4, 0x01, 0x00, 0x4a, 0x00, 0xfc, 0xff, 0x2f, 0x00, 0xf8, 0xff, 0xff, 0xff, 0xff, 0xff, 
0xba, 0x05, 0x00, 0x00, 0x00, 0x38, 0x1c, 0x7a, 0x68, 0x27, 0x4d, 0x04, 0x00, 0x00, 0x00, 0x63, 
0x02, 0xa7, 0x4a, 0x26, 0xdf, 0xfb, 0xff, 0xff, 0xff, 0x9c, 0x91, 0x35, 0x53, 0x26, 0xa9, 0x02, 
0x00, 0x00, 0x00, 0x03, 0x69, 0xc7, 0x48, 0x26, 0xc6, 0x06, 0x00, 0x00, 0x00, 0xa1, 0x66, 0x45, 
0x5e, 0x26, 0x63, 0x03, 0x00, 0x00, 0x00, 0x91, 0xee, 0xa9, 0x41, 0x26, 0x59, 0xfc, 0xff, 0xff, 
0xff, 0xbd, 0x89, 0xd7, 0x44, 0x26, 0x21, 0x02, 0x00, 0x00, 0x00, 0x2d, 0xd4, 0xe1, 0x41, 0x25, 
0x5e, 0x02, 0x00, 0x00, 0x00, 0xe2, 0xe0, 0x36, 0x43, 0x25, 0xdc, 0xee, 0xff, 0xff, 0xff, 0x74, 
0xcc, 0x9c, 0x44, 0x26, 0x00, 0x00, 0x00, 0x00, 0x00, 0x3f, 0x31, 0x97, 0x46, 0x23, 0x3c, 0xfd, 
0xff, 0xff, 0xff, 0xe3, 0x3d, 0x6d, 0x6b, 0x26, 0x39, 0xff, 0xff, 0xff, 0xff, 0x2c, 0xf5, 0x18, 
0x5b, 0x25, 0x00, 0xfc, 0xff, 0xff, 0xff, 0xd5, 0xb7, 0xe0, 0x45, 0x26, 0x0c, 0x02, 0x00, 0x00, 
0x00, 0x7c, 0x54, 0xb1, 0x71, 0x26, 0x4b, 0xfb, 0xff, 0xff, 0xff, 0x9a, 0xa1, 0x08, 0x4a, 0x26, 
0x38, 0x03, 0x00, 0x00, 0x00, 0xff, 0x18, 0xd8, 0x78, 0x26, 0x93, 0xfa, 0xff, 0xff, 0xff, 0x7f, 
0xe4, 0x7e, 0x65, 0x27, 0xf7, 0x02, 0x00, 0x00, 0x00, 0xcd, 0xdc, 0x79, 0x62, 0x26, 0x9d, 0xfa, 
0xff, 0xff, 0xff, 0xdd, 0x5f, 0x1b, 0x5b, 0x26, 0x29, 0xfa, 0xff, 0xff, 0xff, 0x0f, 0x5a, 0xbf, 
0x6b, 0x27, 0x01, 0x00, 0x00, 0x00, 0x00, 0x08, 0x38, 0x4f, 0x67, 0x25, 0x43, 0xfe, 0xff, 0xff, 
0xff, 0x5d, 0x67, 0x2b, 0x71, 0x26, 0x79, 0xf4, 0xff, 0xff, 0xff, 0xb2, 0xc0, 0xaa, 0x54, 0x26, 
0x94, 0xfe, 0xff, 0xff, 0xff, 0xb8, 0x5c, 0x80, 0x59, 0x26, 0xa5, 0x01, 0x00, 0x00, 0x00, 0x5d, 
0x78, 0x9d, 0x42, 0x25, 0x49, 0xfc, 0xff, 0xff, 0xff, 0x0d, 0x8a, 0x2d, 0x55, 0x26, 0xf6, 0xf7, 
0xff, 0xff, 0xff, 0x48, 0xd2, 0x1b, 0x44, 0x26, 0xb1, 0x03, 0x00, 0x00, 0x00, 0x38, 0x45, 0xf9, 
0x58, 0x26, 0xd5, 0x05, 0x00, 0x00, 0x00, 0x05, 0x7d, 0x44, 0x44, 0x26, 0x87, 0xfa, 0xff, 0xff, 
0xff, 0x7d, 0x9b, 0x5f, 0x79, 0x27, 0x85, 0x0c, 0x00, 0x00, 0x00, 0x4c, 0x0b, 0x03, 0x48, 0x27, 
0x84, 0x03, 0x00, 0x00, 0x00, 0x3d, 0xd6, 0x0c, 0x73, 0x26, 0x11, 0x04, 0x00, 0x00, 0x00, 0xc4, 
0xa3, 0x44, 0x6b, 0x26, 0x65, 0xfa, 0xff, 0xff, 0xff, 0x0d, 0x16, 0xe9, 0x44, 0x26, 0x88, 0x04, 
0x00, 0x00, 0x00, 0x2a, 0xf0, 0x4a, 0x5d, 0x26, 0xe8, 0x07, 0x00, 0x00, 0x00, 0xce, 0x42, 0x26, 
0x43, 0x26, 0x00, 0x00, 0x00, 0x00, 0x00, 0xae, 0x08, 0x80, 0x73, 0x22, 0x3d, 0x01, 0x00, 0x00, 
0x00, 0x7a, 0x31, 0x01, 0x48, 0x25, 0x5d, 0xfd, 0xff, 0xff, 0xff, 0x92, 0x5d, 0xba, 0x74, 0x26, 
0x00, 0x00, 0x00, 0x00, 0x00, 0x93, 0x60, 0xa4, 0x54, 0x23, 0x00, 0x00, 0x00, 0x00, 0x00, 0xbe, 
0x9d, 0x2d, 0x6e, 0x23, 0x6d, 0x00, 0x00, 0x00, 0x00, 0x39, 0xdf, 0xe1, 0x45, 0x25, 0x2c, 0x02, 
0x00, 0x00, 0x00, 0x82, 0xee, 0x0d, 0x56, 0x26, 0xfa, 0x04, 0x00, 0x00, 0x00, 0x55, 0xcb, 0x42, 
0x55, 0x26, 0x9a, 0xfb, 0xff, 0xff, 0xff, 0xcc, 0x59, 0xb9, 0x73, 0x27, 0x9e, 0x02, 0x00, 0x00, 
0x00, 0x2d, 0x50, 0xa3, 0x53, 0x26, 0x09, 0xff, 0xff, 0xff, 0xff, 0x3e, 0x63, 0xe3, 0x56, 0x25, 
0x68, 0x0d, 0x5c, 0x01, 0x0c, 0x00, 0xfd, 0xcf, 0x44, 0x27, 0x7f, 0x77, 0x12, 0x65, 0x00, 0xb0, 
0xfd, 0xc7, 0x0f, 0x74, 0x52, 0x67, 0xd9, 0x0f, 0x00, 0x4d, 0xfd, 0x11, 0x28, 0x2f, 0x97, 0x7e, 
0x81, 0x6f, 0x71, 0x0a, 0x6b, 0x6b, 0x1b, 0x70, 0x41, 0x00, 0x70, 0x59, 0x69, 0xd4, 0xdf, 0xbf, 
0x8c, 0x7b, 0x0b, 0x00, 0x65, 0xbb, 0x0c, 0xe9, 0x4d, 0xed, 0xe6, 0x27, 0x51, 0x81, 0xee, 0x4d, 
0x3f, 0x2b, 0xf4, 0x46, 0x00, 0xd0, 0x3f, 0x29, 0x9c, 0x7e, 0xd5, 0xcf, 0xbf, 0xfa, 0xff, 0x6d, 
0x91, 0x14, 0x0d, 0x5b, 0x21, 0x76, 0x1b, 0xff, 0x8f, 0x40, 0x30, 0xb5, 0xe0, 0x46, 0xa7, 0x44, 
0x04, 0x00, 0x00, 0xd0, 0x88, 0x52, 0xc8, 0x8f, 0x38, 0x13, 0xc5, 0x09, 0x00, 0x4d, 0x1e, 0xbf, 
0x3e, 0x13, 0x34, 0x2f, 0xfa, 0x6d, 0xfc, 0x75, 0x46, 0x36, 0x5c, 0xbf, 0x22, 0x00, 0x70, 0xc6, 
0x77, 0x2f, 0xcb, 0xcf, 0x7f, 0x42, 0x0c, 0x00, 0xfd, 0x88, 0x9f, 0x9c, 0x84, 0xc6, 0x65, 0xa6, 
0xbf, 0x6c, 0x9b, 0xea, 0x25, 0x66, 0x79, 0x42, 0x00, 0xf0, 0x49, 0xda, 0xef, 0x44, 0xe5, 0xd6, 
0xcf, 0xff, 0xff, 0x15, 0x26, 0xc7, 0x5c, 0x50, 0x76, 0x5f, 0xce, 0xff, 0xff, 0xe2, 0x93, 0x23, 
0xc0, 0xf1, 0x61, 0x23, 0x0a, 0x00, 0x00, 0xd0, 0xcf, 0x7f, 0xcb, 0x4f, 0xd6, 0xc7, 0x8f, 0x0a, 
0x00, 0x29, 0xc8, 0x64, 0xf0, 0xd2, 0x7b, 0x72, 0x5c, 0xa1, 0x88, 0xaf, 0x20, 0xf2, 0x5f, 0x0f, 
0x72, 0x00, 0x90, 0x28, 0x3f, 0x67, 0x8a, 0x3c, 0xef, 0x6b, 0x0d, 0x08, 0x3d, 0xf8, 0xfd, 0xd0, 
0xfc, 0xbb, 0x7c, 0x44, 0x3d, 0xde, 0x42, 0x3e, 0x80, 0x4b, 0x2a, 0x4b, 0x00, 0xa0, 0x96, 0xe6, 
0x85, 0x34, 0xc5, 0xc3, 0x7f, 0xf4, 0xff, 0x10, 0x73, 0x74, 0xc2, 0xfd, 0x04, 0x62, 0x6b, 0xff, 
0x5f, 0x65, 0xf3, 0x16, 0x3e, 0x61, 0x14, 0xed, 0x0b, 0x00, 0x00, 0x30, 0xe7, 0x87, 0xdf, 0x3d, 
0x74, 0x73, 0x1b, 0x06, 0x00, 0x87, 0x26, 0xbe, 0xfd, 0xe7, 0x44, 0xdb, 0x08, 0x63, 0xe8, 0x9a, 
0x99, 0xfd, 0x24, 0x8d, 0xfc, 0x00, 0xd0, 0x4f, 0x69, 0x1c, 0xff, 0x60, 0xba, 0x8a, 0x0f, 0x00, 
0x97, 0xfc, 0x88, 0x69, 0xfd, 0xfc, 0xdd, 0x2c, 0x99, 0x13, 0x88, 0x6f, 0xa3, 0x03, 0x2f, 0xa4, 
0x00, 0x50, 0x27, 0xc4, 0x2f, 0x10, 0x20, 0xde, 0x2f, 0xff, 0xff, 0xcd, 0x46, 0xcc, 0x32, 0x7f, 
0x7f, 0x97, 0x10, 0xff, 0xcf, 0x70, 0x90, 0x0f, 0x30, 0xf4, 0xe4, 0xbb, 0x03, 0x00, 0x00, 0xd0, 
0x61, 0xd3, 0x5f, 0x36, 0xd7, 0x28, 0xdb, 0x07, 0x00, 0x1d, 0x2c, 0x8d, 0x7f, 0x49, 0x4d, 0x3c, 
0x83, 0x8b, 0x40, 0x45, 0x32, 0x29, 0xb1, 0x5c, 0xfd, 0x00, 0xd0, 0xcf, 0x7f, 0xf5, 0xdd, 0xdf, 
0xcf, 0x3f, 0x06, 0x00, 0xa1, 0x52, 0xa3, 0x55, 0x73, 0xf9, 0x49, 0x3b, 0x29, 0x44, 0x2e, 0x65, 
0x15, 0x3b, 0x96, 0x8d, 0x00, 0x30, 0xc8, 0x7b, 0xd1, 0x9f, 0x14, 0x68, 0x1a, 0xf7, 0xff, 0x41, 
0x3a, 0xbb, 0xa3, 0x0b, 0xe1, 0x60, 0x4f, 0xff, 0x4f, 0x22, 0xf4, 0x18, 0x66, 0x85, 0x44, 0xd4, 
0x0f, 0x00, 0x00, 0xc0, 0x47, 0x16, 0x34, 0x84, 0x34, 0xe8, 0x77, 0x09, 0x00, 0x5c, 0xb9, 0x58, 
0x25, 0xb8, 0xfd, 0x47, 0xa3, 0x66, 0xca, 0x9d, 0xa9, 0x0e, 0xcb, 0xb2, 0xef, 0x00, 0xc0, 0x4f, 
0x9c, 0xd7, 0xcf, 0xdf, 0xc1, 0x3f, 0x06, 0x00, 0x82, 0xf5, 0x53, 0x29, 0x76, 0x5d, 0x50, 0x7b, 
0x40, 0x09, 0xfd, 0x4d, 0x86, 0x63, 0x19, 0xf5, 0x00, 0x60, 0x6c, 0xf5, 0x57, 0xa7, 0xdf, 0xa8, 
0x31, 0xc3, 0xd3, 0x5f, 0xbb, 0x92, 0x11, 0x32, 0x00, 0xc0, 0x39, 0xc0, 0xc3, 0xff, 0xff, 0xff, 
0xd8, 0x0a, 0x00, 0x00, 0x00, 0xc8, 0x00, 0x56, 0x72, 0x27, 0x7e, 0x07, 0x00, 0x00, 0x00, 0x9c, 
0x7b, 0xf1, 0x64, 0x27, 0xc2, 0x12, 0x00, 0x00, 0x00, 0x75, 0x8c, 0x6f, 0x78, 0x28, 0x2d, 0xfe, 
0xff, 0xff, 0xff, 0x09, 0xda, 0x81, 0x7b, 0x26, 0x65, 0x0c, 0x00, 0x00, 0x00, 0x7e, 0xc3, 0xd6, 
0x45, 0x26, 0xf0, 0x03, 0x00, 0x00, 0x00, 0xd6, 0x6c, 0xba, 0x40, 0x26, 0xa7, 0xfe, 0xff, 0xff, 
0xff, 0xdd, 0xae, 0x3e, 0x78, 0x26, 0xfe, 0x07, 0x00, 0x00, 0x00, 0x89, 0x4a, 0x73, 0x57, 0x27, 
0xba, 0x07, 0x00, 0x00, 0x00, 0x47, 0xd4, 0xa2, 0x58, 0x26, 0xe3, 0xfd, 0xff, 0xff, 0xff, 0x35, 
0x66, 0xff, 0x5b, 0x26, 0x1d, 0x0d, 0x00, 0x00, 0x00, 0x65, 0xb0, 0xc2, 0x41, 0x26, 0xd4, 0x07, 
0x00, 0x00, 0x00, 0xd2, 0x92, 0xb3, 0x58, 0x26, 0x3d, 0x0c, 0x00, 0x00, 0x00, 0x49, 0x9c, 0x54, 
0x44, 0x26, 0x09, 0x00, 0x00, 0x00, 0x00, 0x85, 0xd8, 0xb9, 0x52, 0x26, 0x08, 0x00, 0x00, 0x00, 
0x00, 0x2a, 0x12, 0x0b, 0x6f, 0x26, 0x49, 0xfa, 0xff, 0xff, 0xff, 0xb8, 0x5d, 0x01, 0x56, 0x26, 
0x5a, 0x09, 0x00, 0x00, 0x00, 0x82, 0x72, 0xda, 0x4b, 0x26, 0xf2, 0xfe, 0xff, 0xff, 0xff, 0xd9, 
0x48, 0x4c, 0x46, 0x26, 0x62, 0x09, 0x00, 0x00, 0x00, 0x6d, 0x04, 0xcf, 0x68, 0x27, 0x5b, 0x0e, 
0x00, 0x00, 0x00, 0xc3, 0xd9, 0x2b, 0x42, 0x26, 0xa9, 0x04, 0x00, 0x00, 0x00, 0x68, 0x7b, 0x41, 
0x4f, 0x26, 0xcc, 0x0b, 0x00, 0x00, 0x00, 0x9a, 0xd5, 0x0d, 0x64, 0x27, 0x49, 0x02, 0x00, 0x00, 
0x00, 0xd6, 0x53, 0x42, 0x57, 0x26, 0x08, 0x07, 0x00, 0x00, 0x00, 0x57, 0x72, 0x29, 0x6c, 0x27, 
0x7d, 0x0c, 0x00, 0x00, 0x00, 0xc0, 0xd3, 0x77, 0x46, 0x26, 0xf2, 0x00, 0x00, 0x00, 0x00, 0x7a, 
0x91, 0x63, 0x4f, 0x26, 0xaa, 0x04, 0x00, 0x00, 0x00, 0x2b, 0x33, 0xfe, 0x7b, 0x27, 0x81, 0x01, 
0x00, 0x00, 0x00, 0xc2, 0xbe, 0x6b, 0x54, 0x26, 0x06, 0x19, 0x00, 0x00, 0x00, 0xd7, 0xa3, 0x98, 
0x64, 0x27, 0x45, 0x06, 0x00, 0x00, 0x00, 0x9f, 0x8f, 0x0e, 0x45, 0x26, 0x74, 0x04, 0x00, 0x00, 
0x00, 0xc6, 0xd1, 0x09, 0x66, 0x26, 0xe7, 0x15, 0x00, 0x00, 0x00, 0x24, 0x47, 0xd3, 0x43, 0x27, 
0x40, 0x14, 0x00, 0x00, 0x00, 0x68, 0x6f, 0x22, 0x75, 0x27, 0xf9, 0x02, 0x00, 0x00, 0x00, 0x38, 
0x5f, 0xc0, 0x6f, 0x27, 0x44, 0x07, 0x00, 0x00, 0x00, 0x12, 0x31, 0x16, 0x68, 0x27, 0x24, 0xfe, 
0xff, 0xff, 0xff, 0xb8, 0x47, 0x2c, 0x71, 0x26, 0x3b, 0x05, 0x00, 0x00, 0x00, 0x38, 0xe8, 0xe7, 
0x67, 0x27, 0xb0, 0xff, 0xff, 0xff, 0xff, 0xb9, 0x25, 0x2a, 0x4f, 0x26, 0xbe, 0x16, 0x00, 0x00, 
0x00, 0x85, 0x33, 0x36, 0x59, 0x27, 0x66, 0x01, 0x00, 0x00, 0x00, 0x6f, 0xea, 0x7e, 0x65, 0x26, 
0x25, 0x0f, 0x00, 0x00, 0x00, 0x3f, 0xfb, 0x8d, 0x46, 0x28, 0xdc, 0x00, 0x00, 0x00, 0x00, 0xaf, 
0x6b, 0x27, 0x6e, 0x26, 0x20, 0xff, 0xff, 0xff, 0xff, 0xca, 0x4c, 0xc8, 0x75, 0x26, 0xde, 0xfe, 
0xff, 0xff, 0xff, 0x9e, 0x2e, 0xc4, 0x45, 0x27, 0x82, 0x0b, 0x00, 0x00, 0x00, 0xf1, 0xb5, 0x6e, 
0x6a, 0x27, 0xe1, 0x27, 0x00, 0x00, 0x00, 0xae, 0xa0, 0x38, 0x62, 0x28, 0xec, 0x15, 0x00, 0x00, 
0x00, 0x12, 0x5a, 0xf6, 0x57, 0x27, 0x9d, 0x02, 0x00, 0x00, 0x00, 0x6c, 0xca, 0x99, 0x6c, 0x27, 
0x50, 0x33, 0x54, 0x01, 0xfc, 0x17, 0x00, 0x70, 0x3a, 0x6e, 0xa6, 0x27, 0x13, 0x70, 0x47, 0xa9, 
0x35, 0x00, 0x38, 0xcb, 0x06, 0x67, 0x48, 0x58, 0xec, 0xf9, 0x03, 0x40, 0x38, 0xd7, 0xb3, 0xe3, 
0xbe, 0x65, 0x88, 0xdb, 0x87, 0xa4, 0xab, 0x61, 0x1e, 0x3c, 0x18, 0x00, 0xee, 0x60, 0x08, 0x27, 
0x74, 0x59, 0x30, 0xd7, 0x96, 0x27, 0x44, 0xf6, 0x07, 0x80, 0x16, 0x1e, 0x45, 0x20, 0x00, 0xac, 
0x6b, 0xbf, 0xdb, 0x06, 0x00, 0xdf, 0x4c, 0x5c, 0x7e, 0x8a, 0xf2, 0x7f, 0x6a, 0x4e, 0x96, 0x79, 
0x35, 0x80, 0x88, 0xc0, 0xf1, 0xd3, 0xdc, 0x2e, 0x0a, 0x08, 0x76, 0xee, 0xf3, 0xaa, 0x4d, 0x9d, 
0x72, 0xcd, 0x8e, 0x95, 0x2b, 0xf2, 0x44, 0x3d, 0xdf, 0x06, 0x80, 0x8a, 0xba, 0xe4, 0x7b, 0x48, 
0x8a, 0xfc, 0x97, 0x00, 0x84, 0xc0, 0xb9, 0x66, 0x1d, 0xc0, 0x40, 0xba, 0x01, 0xc0, 0x97, 0xeb, 
0x7d, 0xf9, 0xf0, 0x3c, 0x42, 0xca, 0xbf, 0x77, 0xde, 0x5f, 0x02, 0x5c, 0xf2, 0x35, 0x00, 0xb0, 
0xe7, 0xac, 0x4b, 0xfa, 0xbb, 0x9d, 0xbb, 0xb1, 0x7a, 0x5e, 0xbc, 0x0d, 0x00, 0x4d, 0x98, 0x0b, 
0x8c, 0x72, 0x2e, 0xe9, 0xf7, 0x33, 0x6a, 0x4e, 0x54, 0xdb, 0x00, 0x30, 0x43, 0xc4, 0x8e, 0x71, 
0x2c, 0x91, 0x6b, 0x09, 0x00, 0x82, 0xb3, 0xcf, 0x41, 0x2b, 0x08, 0xf2, 0x04, 0x00, 0x6b, 0x28, 
0x64, 0x44, 0x40, 0x01, 0x52, 0xb6, 0x59, 0x7a, 0xf0, 0x6e, 0xaf, 0x1e, 0x41, 0x76, 0x94, 0x00, 
0xd0, 0x87, 0x46, 0xd9, 0x4b, 0x75, 0x3f, 0x25, 0x4b, 0x28, 0x96, 0xe1, 0x70, 0xd7, 0x01, 0xe0, 
0x6f, 0x95, 0x7b, 0x25, 0x96, 0x80, 0xbd, 0x0b, 0x25, 0x0f, 0x1b, 0x00, 0x08, 0x8e, 0x10, 0xd8, 
0x44, 0xc7, 0x16, 0xf9, 0x7f, 0x1b, 0x00, 0xc6, 0xbb, 0xe8, 0xdd, 0xf4, 0xdf, 0x09, 0x42, 0x1e, 
0x7e, 0xcb, 0x0e, 0x00, 0xa2, 0x3e, 0xb1, 0x10, 0x34, 0x79, 0xc1, 0x5d, 0xad, 0x5f, 0x5f, 0x00, 
0x00, 0x71, 0x4c, 0xb1, 0x21, 0xff, 0x32, 0x00, 0xa4, 0x48, 0xd8, 0xf7, 0xcd, 0x7c, 0xa8, 0xf5, 
0x30, 0x82, 0x4d, 0x35, 0xce, 0x7c, 0x29, 0x0a, 0x00, 0x4c, 0xb0, 0x71, 0x80, 0x0a, 0x54, 0x7c, 
0xde, 0xb8, 0x0a, 0x1e, 0x00, 0x34, 0xba, 0x8f, 0x38, 0x20, 0x69, 0x2f, 0x01, 0x80, 0x54, 0xac, 
0x29, 0x23, 0xcb, 0xbf, 0x7f, 0x3f, 0xbe, 0x03, 0xce, 0xe2, 0x23, 0x4b, 0xae, 0xac, 0x00, 0x80, 
0x2d, 0x78, 0xde, 0x3e, 0xf4, 0x00, 0xf0, 0xbb, 0x44, 0x9c, 0x08, 0x58, 0x0c, 0x92, 0xb0, 0x3b, 
0x65, 0x25, 0x3c, 0x60, 0x00, 0xe0, 0x6a, 0xe1, 0x53, 0xf6, 0xd8, 0xf6, 0xc4, 0x15, 0x20, 0xfc, 
0x01, 0x90, 0x74, 0x43, 0x11, 0xe2, 0xfe, 0xb8, 0x91, 0x77, 0x32, 0x43, 0x6e, 0x0f, 0x00, 0x22, 
0x76, 0xb0, 0xcf, 0xe8, 0xf5, 0x39, 0x00, 0x80, 0xf6, 0x77, 0x27, 0x72, 0x91, 0x11, 0xae, 0xe1, 
0xfd, 0xda, 0xf2, 0x6b, 0xee, 0xf1, 0x76, 0x09, 0x00, 0x4b, 0x4c, 0x3a, 0xd9, 0x4d, 0x3a, 0x1a, 
0x00, 0x30, 0x72, 0xf4, 0x01, 0xa9, 0xd5, 0x7e, 0xc9, 0x01, 0x7e, 0xcb, 0xae, 0x4f, 0xf4, 0xb0, 
0xdf, 0x02, 0x00, 0x41, 0xd1, 0x68, 0x17, 0xe4, 0xd4, 0x35, 0x45, 0x02, 0xc0, 0xc6, 0x58, 0x11, 
0xf3, 0x94, 0x0b, 0x05, 0x5a, 0x00, 0xb8, 0xf0, 0x1d, 0x0f, 0x92, 0xd4, 0xc4, 0x3d, 0x12, 0x00, 
0x92, 0x89, 0x98, 0x97, 0xf4, 0x21, 0xfc, 0x56, 0xe7, 0xad, 0xa7, 0xe0, 0x2b, 0x8f, 0x24, 0xf8, 
0x21, 0x00, 0x18, 0xb9, 0x30, 0x1e, 0x80, 0x81, 0x04, 0x80, 0xb4, 0x06, 0xfc, 0x23, 0x5b, 0x11, 
0xfa, 0x0d, 0x00, 0xd5, 0x3e, 0x67, 0xb5, 0xf1, 0x07, 0x84, 0xf3, 0xcc, 0x0b, 0x31, 0x5b, 0x18, 
0x43, 0x86, 0x06, 0x00, 0x4a, 0xe3, 0x2e, 0x2d, 0x68, 0x84, 0xc8, 0x06, 0x80, 0x5f, 0x30, 0x30, 
0xae, 0xda, 0x43, 0x4c, 0xea, 0xd7, 0xa4, 0x91, 0x13, 0xa9, 0xd3, 0x9d, 0x07, 0x00, 0x6d, 0x1e, 
0x45, 0xd0, 0x6e, 0x7c, 0x7f, 0x00, 0xd2, 0x7b, 0xbc, 0x23, 0xa7, 0x50, 0xfb, 0x17, 0x07, 0xe5, 
0x98, 0xd0, 0x4f, 0x00, 0x70, 0xe7, 0xd4, 0xa2, 0x29, 0x28, 0x5b, 0xbd, 0x94, 0x17, 0xb1, 0xf2, 
0x96, 0x36, 0x0e, 0x00, 0x68, 0xf3, 0xa4, 0x80, 0x8c, 0x9e, 0x7b, 0x00, 0xd8, 0x32, 0xd5, 0xbc, 
0x7b, 0xbb, 0xd2, 0xfe, 0xae, 0xb3, 0x2f, 0xcf, 0xdd, 0xcc, 0x5c, 0x0f, 0x00, 0xb4, 0x81, 0xec, 
0x0e, 0xac, 0xff, 0xd7, 0xcc, 0xe3, 0xb8, 0x59, 0xa4, 0xb6, 0x3f, 0x02, 0xb8, 0xf2, 0xea, 0xdc, 
0x8f, 0x2d, 0x71, 0x59, 0x1d, 0x79, 0x7e, 0x03, 0x4f, 0x02, 0x80, 0xfe, 0x28, 0xee, 0x24, 0x96, 
0xfd, 0xbc, 0x3c, 0x00, 0x14, 0x89, 0x0a, 0xb3, 0x10, 0x64, 0x70, 0xdf, 0x43, 0x0a, 0x32, 0x45, 
0xff, 0x4c, 0x97, 0x01, 0xa0, 0x9d, 0xee, 0x43, 0x8d, 0x2b, 0x92, 0x05, 0x80, 0x57, 0x4e, 0x99, 
0x26, 0x0a, 0x99, 0xca, 0x65, 0x1b, 0xde, 0x50, 0xe0, 0xeb, 0x07, 0x00, 0x5e, 0x01, 0x48, 0x12, 
0xd8, 0x29, 0x72, 0x96, 0x03, 0xc0, 0x17, 0x96, 0x76, 0x86, 0xe1, 0xf2, 0x57, 0x08, 0x61, 0xd7, 
0x5a, 0x7f, 0x00, 0x70, 0xb1, 0xc9, 0xa2, 0x06, 0x44, 0xa9, 0xfc, 0xca, 0x6a, 0x41, 0xb0, 0x61, 
0xae, 0x01, 0xe0, 0xf6, 0x65, 0x72, 0x04, 0x46, 0xef, 0xce, 0xa6, 0xf9, 0xc8, 0x4f, 0xe4, 0xfe, 
0x00, 0x20, 0x2e, 0xb1, 0x08, 0x16, 0x71, 0x96, 0x9e, 0x89, 0x01, 0xad, 0x96, 0x45, 0x00, 0x20, 
0xa6, 0xbd, 0x75, 0xc0, 0x58, 0xbf, 0xd1, 0x9d, 0xe9, 0x00, 0x80, 0x57, 0x64, 0x94, 0x63, 0x0a, 
0x7e, 0x0a, 0x90, 0xce, 0x24, 0x79, 0xd0, 0x29, 0x00, 0x98, 0x43, 0xae, 0x43, 0xe9, 0xb4, 0x04, 
0x46, 0x03, 0x80, 0x9b, 0x16, 0x7c, 0x73, 0xeb, 0xde, 0x6c, 0x00, 0xf0, 0x04, 0xd7, 0xc0, 0x26, 
0x72, 0xfd, 0xac, 0xff, 0xab, 0xf9, 0xb5, 0xc8, 0x5c, 0xef, 0x04, 0x80, 0xeb, 0xeb, 0xf8, 0xef, 
0x4c, 0xff, 0x5c, 0x7d, 0x54, 0x13, 0x7c, 0x1d, 0x00, 0x6e, 0x88, 0x2d, 0x5d, 0xb3, 0xe9, 0xd7, 
0xd7, 0x2d, 0x9d, 0x38, 0x09, 0x03, 0xf4, 0x00, 0x00, 0xad, 0x80, 0x50, 0x57, 0x7f, 0x63, 0x21, 
0xca, 0x97, 0xe5, 0x46, 0xa8, 0xd8, 0x0e, 0x40, 0x38, 0xdb, 0x82, 0x00, 0x49, 0xa4, 0xae, 0x01, 
0x60, 0x9b, 0xef, 0x31, 0xf8, 0xa4, 0x77, 0xd8, 0x8b, 0xa3, 0x81, 0x53, 0x7f, 0x16, 0x00, 0x6c, 
0xf5, 0x2b, 0x4e, 0x9a, 0xa9, 0x99, 0x3e, 0xbb, 0x05, 0xcc, 0x2f, 0xcf, 0x29, 0x00, 0xac, 0x87, 
0xca, 0x64, 0x14, 0xa8, 0x8f, 0x00, 0x20, 0x63, 0xfc, 0x45, 0xa7, 0xca, 0xb4, 0xff, 0xbb, 0xf9, 
0x8a, 0x5b, 0x8e, 0xfe, 0xaa, 0x07, 0x00, 0xbe, 0xf5, 0x38, 0xa7, 0x4a, 0xd6, 0xab, 0x97, 0xa8, 
0x39, 0xe5, 0x03, 0x00, 0xac, 0x8c, 0x69, 0x58, 0xcf, 0x06, 0x98, 0xfc, 0x0d, 0x00, 0xac, 0x30, 
0x6c, 0x34, 0xee, 0x78, 0xfe, 0x89, 0x1f, 0x43, 0x46, 0x00, 0xc9, 0xa2, 0xa7, 0x1e, 0x00, 0x5a, 
0x2b, 0xf8, 0xc3, 0xf3, 0x1c, 0x6e, 0x1c, 0x00, 0xb4, 0x21, 0x03, 0x8b, 0x06, 0xe0, 0xb4, 0x72, 
0x13, 0x77, 0xed, 0x98, 0x6a, 0x1b, 0x00, 0xcc, 0xf2, 0x2e, 0x75, 0x86, 0x23, 0x78, 0x0c, 0x80, 
0x6c, 0x17, 0xf1, 0x3d, 0xb2, 0xab, 0xc1, 0xe1, 0x24, 0x21, 0x2f, 0x9a, 0x45, 0x57, 0x05, 0x00, 
0xfe, 0x1b, 0xe4, 0x88, 0x04, 0x02, 0x32, 0x4f, 0x00, 0xe0, 0x96, 0xa1, 0xb6, 0x3b, 0x57, 0x17, 
0x92, 0xe8, 0x91, 0x85, 0x61, 0xff, 0x0e, 0x00, 0x1b, 0x71, 0x8c, 0x80, 0xc2, 0x9e, 0xee, 0x69, 
0xf8, 0x01, 0x90, 0x83, 0xe3, 0xf4, 0x23, 0x7c, 0xfd, 0xbe, 0x7e, 0xe9, 0xad, 0x48, 0xd9, 0x63, 
0xdd, 0x38, 0x00, 0xd0, 0x0a, 0xec, 0x67, 0xcc, 0xeb, 0x2a, 0x0b, 0x4c, 0x51, 0x72, 0x75, 0x17, 
0x00, 0xde, 0xd8, 0xd6, 0x0b, 0xaf, 0xcd, 0xed, 0x1f, 0x00, 0x26, 0x46, 0xa5, 0x22, 0x5b, 0xce, 
0x97, 0x2e, 0x6f, 0x99, 0x86, 0x62, 0x1f, 0x1b, 0x00, 0x8c, 0x1b, 0x06, 0x32, 0x72, 0x27, 0x3b, 
0x63, 0xff, 0x44, 0x5a, 0x3f, 0x36, 0x00, 0xc4, 0x5a, 0x40, 0xcd, 0x46, 0x0c, 0xf2, 0x6b, 0x31, 
0x21, 0x80, 0x5c, 0x2b, 0x47, 0x39, 0x06, 0xc0, 0x6f, 0x03, 0x00, 0xfd, 0xd2, 0x0c, 0xa0, 0x32, 
0x3f, 0xc9, 0x55, 0xff, 0x12, 0x14, 0xf5, 0x7c, 0x17, 0x00, 0x4e, 0x9f, 0xec, 0xe9, 0xdb, 0x70, 
0x16, 0xe6, 0xdf, 0x82, 0x70, 0xf5, 0x01, 0xe1, 0x45, 0x78, 0xd1, 0x57, 0xd8, 0x0f, 0xf8, 0x29, 
0x00, 0x9c, 0x92, 0xe1, 0x6f, 0x9c, 0x5e, 0x93, 0x3e, 0x5a, 0x42, 0xf5, 0x57, 0x70, 0x16, 0x00, 
0xde, 0xa6, 0xbb, 0x98, 0xa1, 0xe7, 0xfa, 0x81, 0x6a, 0x7a, 0xba, 0x4b, 0x56, 0x03, 0x00, 0xe4, 
0xa0, 0xa6, 0x1f, 0x18, 0xfa, 0x3e, 0xaa, 0x00, 0xb0, 0xbd, 0xa7, 0x84, 0x25, 0x20, 0x6b, 0x94, 
0xe7, 0xe2, 0x65, 0x72, 0xcc, 0x98, 0x01, 0x60, 0x5e, 0x62, 0xf8, 0x6d, 0xb4, 0xf3, 0xfa, 0xb6, 
0x7d, 0x03, 0xc0, 0xb7, 0xc3, 0xae, 0x56, 0xf3, 0x48, 0xc7, 0x65, 0x79, 0xed, 0xa7, 0x0f, 0x00, 
0xbb, 0x39, 0x99, 0x73, 0x12, 0x18, 0xb1, 0xe9, 0x59, 0xfb, 0x39, 0x68, 0x3a, 0x3b, 0x00, 0xd4, 
0xe5, 0x3b, 0xb6, 0x1c, 0x4e, 0x54, 0x3f, 0x00, 0xc0, 0x6d, 0x6e, 0xe4, 0x91, 0x80, 0xda, 0x19, 
0x95, 0x83, 0x16, 0x65, 0xc1, 0xa7, 0x0f, 0x00, 0x5c, 0xd9, 0x5c, 0x8b, 0x00, 0xab, 0x0c, 0x7e, 
0x03, 0x80, 0xae, 0xe4, 0xe7, 0x1a, 0x75, 0x83, 0x95, 0xd2, 0xda, 0x87, 0x43, 0x77, 0x59, 0x01, 
0xe0, 0x52, 0xa1, 0xfd, 0x5f, 0x40, 0x57, 0xd6, 0xff, 0x01, 0x00, 0xa5, 0xd7, 0x79, 0xc6, 0x22, 
0x53, 0x68, 0x35, 0x9a, 0x67, 0x99, 0x17, 0xe6, 0x5c, 0x02, 0x80, 0xae, 0x7c, 0xe0, 0x6f, 0x95, 
0x8c, 0xf7, 0x94, 0x07, 0x00, 0xc0, 0x82, 0xd0, 0x08, 0xd7, 0x28, 0xaf, 0x02, 0xc0, 0x99, 0x0f, 
0x8d, 0xa6, 0xc7, 0x69, 0x8a, 0x87, 0xa5, 0x2d, 0x0a, 0x90, 0x47, 0xf1, 0x4e, 0xdf, 0x00, 0x80, 
0x33, 0x42, 0x11, 0x02, 0x40, 0x25, 0xac, 0x6e, 0x0f, 0x20, 0x3f, 0xf4, 0x4f, 0xe3, 0x0c, 0xc0, 
0x3c, 0xbb, 0xb3, 0xbf, 0xca, 0xfd, 0xbe, 0x00, 0x20, 0xba, 0x0e, 0x53, 0xbb, 0x3c, 0x56, 0x7a, 
0x77, 0x0c, 0x16, 0xde, 0xe2, 0xef, 0x00, 0x00, 0x65, 0xc6, 0x6d, 0x0d, 0xcc, 0xa6, 0x08, 0x00, 
0xac, 0x06, 0xb8, 0x79, 0xf4, 0x18, 0x81, 0xf1, 0x5a, 0x03, 0x7d, 0xb0, 0xe7, 0x80, 0xc0, 0x5c, 
0xa1, 0x61, 0x7c, 0x5f, 0x42, 0xe8, 0xe7, 0xad, 0x4b, 0x6d, 0x00, 0xd0, 0x84, 0x38, 0x4b, 0xe7, 
0x6f, 0x07, 0x00, 0xf7, 0xd9, 0x4a, 0x28, 0xce, 0x40, 0xec, 0xde, 0x1a, 0x7d, 0xb8, 0x15, 0xfb, 
0x03, 0x80, 0xa9, 0xb6, 0x00, 0x11, 0xf5, 0x43, 0xf0, 0x71, 0xbb, 0x2c, 0x26, 0x0b, 0x41, 0xda, 
0x00, 0x00, 0xa1, 0xb9, 0x27, 0xd7, 0x64, 0x01, 0x23, 0x01, 0xf0, 0x71, 0xa6, 0xc2, 0x9a, 0x60, 
0x23, 0x50, 0xb6, 0x00, 0xb0, 0x4f, 0x58, 0xbd, 0x61, 0xdb, 0x7c, 0x5b, 0xec, 0xb7, 0xf2, 0xcf, 
0x8c, 0x57, 0x4c, 0xef, 0x03, 0x50, 0x6f, 0x51, 0x78, 0xb5, 0x41, 0xcf, 0xef, 0x14, 0x59, 0x00, 
0x84, 0xfa, 0x00, 0xf0, 0x01, 0xbc, 0x82, 0x70, 0xbf, 0x32, 0xda, 0x73, 0x5c, 0x24, 0xbf, 0xe0, 
0x87, 0x00, 0xce, 0xb0, 0x08, 0x3d, 0x73, 0xff, 0x54, 0x00, 0xc0, 0x16, 0x46, 0x61, 0x4f, 0xba, 
0x5a, 0xf6, 0x07, 0x00, 0x00, 0xd4, 0x47, 0x1a, 0x98, 0x28, 0xfb, 0x0e, 0x00, 0xcc, 0x8b, 0x24, 
0xa7, 0xea, 0xb4, 0xa0, 0x37, 0xc1, 0x3d, 0x7e, 0xff, 0xe0, 0xc4, 0x93, 0xde, 0x0f, 0x00, 0x17, 
0x25, 0x29, 0xc3, 0xda, 0xff, 0xd3, 0xa1, 0xfe, 0x1f, 0x20, 0x78, 0xd3, 0x01, 0xe0, 0x73, 0xd4, 
0xf6, 0xc8, 0xf9, 0x42, 0x1f, 0x66, 0x93, 0x64, 0x38, 0x13, 0x00, 0xa8, 0x2e, 0xd9, 0x4e, 0xdb, 
0xf0, 0x5f, 0x07, 0x80, 0xe2, 0x45, 0xdd, 0x5a, 0x01, 0xa6, 0xd4, 0x9d, 0x62, 0x4e, 0x47, 0xac, 
0xd7, 0xca, 0x3d, 0x00, 0xc0, 0xe5, 0xfa, 0x39, 0x7f, 0x9e, 0x4d, 0xdf, 0x75, 0x14, 0x3a, 0x26, 
0x3f, 0x46, 0xc9, 0xc7, 0x01, 0x00, 0x62, 0x38, 0xe2, 0xa2, 0x4a, 0xf3, 0x0f, 0x00, 0x96, 0x1b, 
0x40, 0x08, 0xb3, 0x60, 0x5b, 0x60, 0x56, 0x90, 0x8f, 0x71, 0x0b, 0x51, 0x00, 0xc0, 0x17, 0x42, 
0x11, 0x4f, 0xad, 0x6e, 0x79, 0xb4, 0xd8, 0x01, 0xa0, 0x13, 0x8c, 0xa7, 0xa4, 0x7d, 0x71, 0x6d, 
0x00, 0xb0, 0x1f, 0xa4, 0x9f, 0x27, 0xf5, 0x20, 0xd1, 0x36, 0x3d, 0x65, 0xf9, 0x8a, 0x13, 0x00, 
0xe4, 0x3c, 0x99, 0xa2, 0x92, 0x00, 0xe8, 0x2d, 0x01, 0xb8, 0x78, 0xa7, 0x63, 0xbd, 0xcd, 0x85, 
0xdc, 0xdf, 0x5f, 0x45, 0x16, 0x2d, 0x4e, 0xa5, 0x82, 0x03, 0x00, 0xf0, 0xa1, 0x39, 0x99, 0x4f, 
0x8b, 0xfc, 0xff, 0xfb, 0xff, 0xff, 0xff, 0xff, 0xff, 0xff, 0xff, 0xff, 0xff, 0xff, 0xff, 0xff, 
0xff, 0x07, 0x18, 0x00, 0xa0, 0x00, 0x00, 0xc0, 0x03, 0xfa, 0x00, 0x85, 0xbc, 0x01, 0xa1, 0x78, 
0xfe, 0x81, 0xbc, 0x63, 0x93, 0x4b, 0x6b, 0x39, 0x00, 0x48, 0xc4, 0xca, 0x2c, 0x90, 0xb0, 0x52, 
0x15, 0xe2, 0xff, 0x01, 0xc0, 0x5d, 0xf5, 0xd5, 0x86, 0xf6, 0xb2, 0xcd, 0xae, 0xbb, 0x17, 0x5b, 
0x4e, 0x4e, 0xf6, 0x08, 0x00, 0x8e, 0x87, 0x7b, 0x6a, 0x78, 0x6b, 0x67, 0x00, 0x08, 0xb6, 0xd0, 
0x63, 0x2e, 0x44, 0x62, 0xd7, 0x58, 0xf2, 0x3b, 0x1f, 0x6e, 0x84, 0x07, 0x00, 0x91, 0xa3, 0x32, 
0x86, 0x43, 0x4a, 0x9c, 0x2a, 0xe8, 0x01, 0x60, 0x3f, 0x67, 0xcf, 0xeb, 0x20, 0x55, 0x6c, 0xc3, 
0x01, 0x00, 0x58, 0xb5, 0xbe, 0x78, 0x90, 0x6e, 0x07, 0x00, 0x86, 0xdc, 0xf0, 0x90, 0x65, 0xc7, 
0x09, 0x87, 0x4e, 0x22, 0x06, 0xf7, 0x7f, 0x9a, 0x3d, 0x3e, 0x00, 0x8c, 0x35, 0x46, 0xdc, 0xfe, 
0x39, 0xff, 0x3c, 0xe8, 0x12, 0x00, 0xf0, 0x37, 0xdd, 0xee, 0x25, 0xe7, 0xfb, 0xff, 0xbe, 0xd7, 
0xff, 0xff, 0xff, 0xff, 0xff, 0xff, 0xff, 0xff, 0xff, 0xff, 0xff, 0xff, 0xff, 0x0f, 0xc0, 0x00, 
0x00, 0x25, 0x00, 0x00, 0x66, 0x60, 0x0f, 0x50, 0xf6, 0x1b, 0x00, 0xee, 0x7c, 0xfa, 0x55, 0x85, 
0xa4, 0xf4, 0xfd, 0x1b, 0x00, 0xae, 0xe7, 0x45, 0x1c, 0xcf, 0xc8, 0xcf, 0xd1, 0x81, 0xdd, 0x0c, 
0x15, 0x43, 0xa0, 0xa1, 0x49, 0x8b, 0xa3, 0x24, 0x64, 0x7b, 0x00, 0x30, 0x37, 0xb1, 0x0e, 0x63, 
0x9c, 0xfc, 0x37, 0xcc, 0xa4, 0x45, 0xbe, 0x7f, 0xae, 0x8f, 0x07, 0x00, 0x04, 0xc6, 0x0e, 0x60, 
0xfc, 0xd3, 0x9c, 0xdd, 0x1f, 0x00, 0xf0, 0x88, 0x06, 0x13, 0x85, 0x47, 0x84, 0x8c, 0xe8, 0x9f, 
0x3a, 0xc4, 0x07, 0xf4, 0x27, 0x58, 0x58, 0x00, 0x70, 0xa8, 0xaa, 0xd3, 0xdb, 0xea, 0xfd, 0x01, 
0x40, 0x4e, 0x3d, 0x88, 0x42, 0x87, 0x6d, 0xb4, 0x44, 0x00, 0x50, 0xc3, 0xaf, 0x39, 0x4c, 0x4f, 
0x27, 0xf3, 0x05, 0x48, 0xeb, 0x7c, 0x68, 0x11, 0xc6, 0x1f, 0x00, 0xc0, 0x8d, 0xa3, 0x3c, 0x45, 
0x61, 0x0f, 0x00, 0x7f, 0xc2, 0xec, 0xfa, 0x1e, 0x70, 0xf9, 0x7f, 0xb6, 0x1a, 0x19, 0xe5, 0xff, 
0xff, 0xff, 0xff, 0xff, 0xff, 0xff, 0xff, 0xff, 0xff, 0xff, 0xff, 0xff, 0x07, 0x60, 0x00, 0x80, 
0x12, 0x00, 0x00, 0x1a, 0xd0, 0x07, 0x28, 0x51, 0x0b, 0x00, 0xd6, 0x52, 0x29, 0x35, 0xae, 0x1a, 
0x84, 0xec, 0x7b, 0x67, 0x00, 0xa0, 0x99, 0x09, 0x38, 0x45, 0x88, 0x5c, 0x30, 0x7c, 0x02, 0x00, 
0xbf, 0xf3, 0xf2, 0xaf, 0x40, 0xa4, 0x67, 0xd2, 0x08, 0x90, 0x31, 0x7c, 0x4b, 0x00, 0x28, 0xad, 
0x18, 0x11, 0x1c, 0x76, 0xf1, 0x85, 0x9d, 0x78, 0x00, 0xe4, 0xa2, 0x55, 0x5f, 0x4e, 0xe5, 0x16, 
0x62, 0x07, 0x00, 0x57, 0x3e, 0x2f, 0x67, 0x4a, 0xc7, 0xc3, 0x4f, 0x01, 0x36, 0xdc, 0x5f, 0xda, 
0xb5, 0x07, 0x00, 0xd7, 0xa1, 0x7f, 0x2b, 0x63, 0x80, 0x6f, 0x08, 0x00, 0xcb, 0x97, 0x1e, 0xd3, 
0x20, 0x7b, 0x2b, 0x21, 0x00, 0xe4, 0x4f, 0xc9, 0xee, 0x1f, 0x00, 0x86, 0x33, 0x3c, 0x8a, 0x28, 
0xa6, 0x28, 0xc2, 0xa8, 0x1a, 0x02, 0x9a, 0x27, 0x00, 0xc0, 0x2f, 0x63, 0xef, 0x45, 0xdc, 0x58, 
0x51, 0xea, 0x1e, 0x00, 0xe0, 0x2f, 0xb2, 0xbb, 0x1d, 0xb6, 0xfb, 0xff, 0xcf, 0xff, 0xff, 0xff, 
0xff, 0xff, 0xff, 0xff, 0xff, 0xff, 0xff, 0xff, 0xff, 0xff, 0x0f, 0xc0, 0x00, 0x00, 0x25, 0x00, 
0x00, 0x0c, 0x60, 0x0f, 0x50, 0xea, 0x0e, 0x00, 0x1a, 0xb3, 0xfe, 0x19, 0xcc, 0x39, 0x32, 0xa9, 
0xd2, 0x5e, 0x01, 0xc0, 0x8c, 0x44, 0x44, 0x18, 0xde, 0x59, 0x09, 0xc8, 0xd5, 0xf4, 0xe5, 0x08, 
0x00, 0xe4, 0x20, 0x49, 0x8c, 0xc3, 0x2d, 0xb5, 0x96, 0xee, 0xd9, 0x07, 0x00, 0x3b, 0x0a, 0x74, 
0x08, 0xd2, 0xad, 0x7d, 0xba, 0x75, 0x86, 0xa5, 0xf8, 0x6a, 0x7d, 0x00, 0xb8, 0xe0, 0x87, 0x8e, 
0xbd, 0xf1, 0xf6, 0x07, 0x00, 0xab, 0x4c, 0xa8, 0x6d, 0x27, 0x88, 0xa7, 0xd5, 0x82, 0xdf, 0x25, 
0xda, 0xe1, 0xc9, 0x23, 0x00, 0xe6, 0xa5, 0xec, 0x1e, 0xce, 0x2e, 0xe6, 0x5d, 0x00, 0x88, 0x29, 
0x9a, 0xbb, 0x35, 0xc3, 0x1f, 0x3f, 0x03, 0x00, 0xae, 0xa2, 0x06, 0xf4, 0xfc, 0x97, 0x65, 0x07, 
0xf3, 0xda, 0x21, 0x08, 0x35, 0x86, 0x3d, 0x10, 0x14, 0xe2, 0x7b, 0x80, 0x0d, 0xd5, 0x1b, 0x00, 
0xf8, 0xd1, 0xf0, 0x89, 0xb0, 0x1f, 0x6c, 0xe1, 0xff, 0xb7, 0x22, 0xdb, 0xff, 0xff, 0xff, 0xff, 
0xff, 0xff, 0xff, 0xff, 0xff, 0xff, 0xff, 0xff, 0xff, 0x0f, 0xc0, 0x00, 0x00, 0x25, 0x00, 0x00, 
0x38, 0xc0, 0x0e, 0x50, 0xd8, 0x28, 0x02, 0x65, 0xcc, 0x03, 0x00, 0x4f, 0x28, 0x35, 0x10, 0x79, 
0xae, 0x04, 0x79, 0xd3, 0x5a, 0xdd, 0x66, 0xe1, 0x91, 0xf7, 0x3d, 0x00, 0xac, 0x37, 0x6f, 0x67, 
0x25, 0x2a, 0xd3, 0xcd, 0x7f, 0xf0, 0xb3, 0xcb, 0xb5, 0x1e, 0x00, 0xce, 0xb0, 0x5f, 0x53, 0xfb, 
0x0e, 0x32, 0xa4, 0xf5, 0xa3, 0x8e, 0x74, 0x84, 0x00, 0x0e, 0x05, 0x41, 0x29, 0x5e, 0x45, 0xab, 
0x43, 0x00, 0xe0, 0x4a, 0x61, 0x18, 0x22, 0xf3, 0x62, 0x06, 0x05, 0x80, 0x03, 0xa0, 0x93, 0x0a, 
0x84, 0x95, 0x77, 0x47, 0x01, 0x64, 0x50, 0x28, 0xc4, 0x9f, 0xec, 0x84, 0xd5, 0x3f, 0x1f, 0x73, 
0xb4, 0x61, 0xa4, 0x65, 0x6b, 0x05, 0x80, 0x3f, 0x90, 0x7f, 0xbc, 0xb4, 0xf9, 0x77, 0x95, 0xdc, 
0x0f, 0x8a, 0x2b, 0x00, 0x5c, 0x65, 0x79, 0x07, 0x0e, 0x21, 0x70, 0x52, 0x86, 0x10, 0x21, 0x01, 
0x20, 0xc0, 0xf6, 0x5e, 0xb3, 0x03, 0x00, 0x94, 0x00, 0xf8, 0xf7, 0x5f, 0x00, 0xf0, 0xff, 0xff
};
