CMD:[D:/Lab/Lab_MCU/Renesas_RA/.metadata/.plugins/com.renesas.ai.translator/py.bat D:/Lab/Lab_MCU/Renesas_RA/RenesasCup_EK_RA8P1/CameraTestProject/e2studio/.settings/.plugin/com.renesas.ai.translator/renesas_aicompiler_caller/cli.py ruhmi quantize --framework onnx --input_model D:/Lab/Lab_MCU/Renesas_RA/RenesasCup_EK_RA8P1/CameraTestProject/e2studio/Renesas_YOLO_FP32.onnx --output_dir D:/Lab/Lab_MCU/Renesas_RA/RenesasCup_EK_RA8P1/CameraTestProject/e2studio/conversion_results/quantized --quant_config_json D:/Lab/Lab_MCU/Renesas_RA/RenesasCup_EK_RA8P1/CameraTestProject/e2studio/conversion_results/conversion_tool_settings/Renesas_YOLO_FP32.onnx_quant_config.json --shape_dict_json D:/Lab/Lab_MCU/Renesas_RA/RenesasCup_EK_RA8P1/CameraTestProject/e2studio/conversion_results/conversion_tool_settings/Renesas_YOLO_FP32.onnx_input_shape.json ]
2026-07-11 19:47:01,001 [DEBUG] (__init__.py #342, wrapper): matplotlib data path: C:\Renesas\RA\RUHMI\.venv\lib\site-packages\matplotlib\mpl-data
2026-07-11 19:47:01,004 [DEBUG] (__init__.py #342, wrapper): CONFIGDIR=C:\Users\lingk\.matplotlib
2026-07-11 19:47:01,006 [DEBUG] (__init__.py #1560, <module>): interactive is False
2026-07-11 19:47:01,006 [DEBUG] (__init__.py #1561, <module>): platform is win32
2026-07-11 19:47:01,029 [DEBUG] (__init__.py #342, wrapper): CACHEDIR=C:\Users\lingk\.matplotlib
2026-07-11 19:47:01,030 [DEBUG] (font_manager.py #1635, _load_fontmanager): Using fontManager instance from C:\Users\lingk\.matplotlib\fontlist-v390.json
2026-07-11 19:47:01,503 [INFO] (environment_check.py #360, check_ruhmi_environment): Checking RUHMI environment ...
2026-07-11 19:47:01,503 [INFO] (environment_check.py #248, _check_python_deps_for_ruhmi): mera version 2.6.0+pkg.4815 released on 2026-03-05
2026-07-11 19:47:01,504 [INFO] (environment_check.py #234, _check_python_package_and_version): 'mera' version 2.6.0+pkg.4815 is installed.
2026-07-11 19:47:01,504 [INFO] (environment_check.py #234, _check_python_package_and_version): 'ethos-u-vela' version 4.2.0 is installed.
2026-07-11 19:47:01,505 [INFO] (environment_check.py #234, _check_python_package_and_version): 'tflite' version 2.18.0 is installed.
2026-07-11 19:47:01,506 [INFO] (environment_check.py #234, _check_python_package_and_version): 'onnx' version 1.17.0 is installed.
2026-07-11 19:47:01,506 [INFO] (environment_check.py #234, _check_python_package_and_version): 'typing_extensions' version 4.15.0 is installed.
2026-07-11 19:47:01,507 [INFO] (environment_check.py #234, _check_python_package_and_version): 'mera-visualizer' version 2.5.0+mcuv4 is installed.
2026-07-11 19:47:01,508 [INFO] (quantize_model.py #466, main): Arguments: Namespace(framework='onnx', input_model='D:/Lab/Lab_MCU/Renesas_RA/RenesasCup_EK_RA8P1/CameraTestProject/e2studio/Renesas_YOLO_FP32.onnx', output_dir='D:/Lab/Lab_MCU/Renesas_RA/RenesasCup_EK_RA8P1/CameraTestProject/e2studio/conversion_results/quantized', quant_config_json='D:/Lab/Lab_MCU/Renesas_RA/RenesasCup_EK_RA8P1/CameraTestProject/e2studio/conversion_results/conversion_tool_settings/Renesas_YOLO_FP32.onnx_quant_config.json', shape_dict_json='D:/Lab/Lab_MCU/Renesas_RA/RenesasCup_EK_RA8P1/CameraTestProject/e2studio/conversion_results/conversion_tool_settings/Renesas_YOLO_FP32.onnx_input_shape.json')
Variable container does not have anything...
2026-07-11 19:47:01,509 [INFO] (quantize_model.py #486, main): Using Device Platform: ALT2
2026-07-11 19:47:01,509 [INFO] (quantize_model.py #389, quantize): Running MERA quantization ...
2026-07-11 19:47:01,563 [INFO] (utils.py #49, get_onnx_symbolic_shape_mapping): Check input name: input.1 ...
2026-07-11 19:47:01,565 [DEBUG] (deploy_project.py #241, pushd): (pushd) Running in model
2026-07-11 19:47:01,566 [DEBUG] (utils.py #22, cmd): Running command 'C:\Renesas\RA\RUHMI\.venv\Lib\site-packages\mera\bin_utils\fe_onnx_cli --io_desc_input D:\Lab\Lab_MCU\Renesas_RA\RenesasCup_EK_RA8P1\CameraTestProject\e2studio\Renesas_YOLO_FP32.onnx --io_desc_result C:\Users\lingk\AppData\Local\Temp\tmp_u_oiuil\tempfile'
2026-07-11 19:47:01,609 [DEBUG] (deploy_project.py #208, save_artifact): Saved json artifact 'input_desc.json' into D:\Lab\Lab_MCU\Renesas_RA\RenesasCup_EK_RA8P1\CameraTestProject\e2studio\conversion_results\quantized\model
2026-07-11 19:47:01,609 [DEBUG] (deploy_project.py #248, popd): (popd) cwd is now D:\Lab\Lab_MCU\Renesas_RA\RenesasCup_EK_RA8P1\CameraTestProject\e2studio\conversion_results\quantized
2026-07-11 19:47:01,626 [INFO] (quantize_model.py #155, glob_calibration_data_file): Calibration data size: 1000
2026-07-11 19:47:01,632 [INFO] (quantize_model.py #165, glob_calibration_data_file): Updated: {'skip_preprocess': 'False', 'num_calibrate_samples': 1000, 'calibrate_method': 'MinMax', 'percentile_value': 99.999, 'quant_options': '', 'drp_compiler_version': '100', 'cpu_data_type': 'float16', 'nodes': [{'name': 'input.1', 'calibrate_sample_dir': 'E:\\Yolo-FastestV2-0.2\\SolarBoardData\\images\\train', 'mean': [0.0, 0.0, 0.0], 'std': [255.0, 255.0, 255.0], 'file_list': array([WindowsPath('E:/Yolo-FastestV2-0.2/SolarBoardData/images/train/IMG_20230325_114714_jpg.rf.b982868cba84623de7e57c4e8b37ecbb.jpg'),
       WindowsPath('E:/Yolo-FastestV2-0.2/SolarBoardData/images/train/solar_Thu_Jun_15_10__2__22_2017_L_0-221812804239_I_0-318215686275_jpg.rf.10a29ab2afe8482e614808581b66051f.jpg'),
       WindowsPath('E:/Yolo-FastestV2-0.2/SolarBoardData/images/train/IMG_0424_jpg.rf.6bb10fa8a443601cf671f60c46db3020.jpg'),
       WindowsPath('E:/Yolo-FastestV2-0.2/SolarBoardData/images/train/good-a3be7f11-fe6f-11ed-a7bd-5c60ba7633ae_jpg.rf.f614fb87a2bd4f889ae401995f065648.jpg'),
       WindowsPath('E:/Yolo-FastestV2-0.2/SolarBoardData/images/train/Imgdirty_186_1_jpg.rf.e343b987907b232f5d33be9a0c0a5db4.jpg'),
       WindowsPath('E:/Yolo-FastestV2-0.2/SolarBoardData/images/train/Screenshot-2023-04-02-001311_png_jpg.rf.1cd019dba39550167d1c1ec4c34d1d5b.jpg'),
       WindowsPath('E:/Yolo-FastestV2-0.2/SolarBoardData/images/train/Imgclean_259_0_jpg.rf.d98b64ae7fc692d16e9485bd2d2fffac.jpg'),
       WindowsPath('E:/Yolo-FastestV2-0.2/SolarBoardData/images/train/Screenshot-2023-04-01-182019_png_jpg.rf.94d68976b315149e98e93535018efdfa.jpg'),
       WindowsPath('E:/Yolo-FastestV2-0.2/SolarBoardData/images/train/IMG_0448_jpg.rf.c964902e5ab7f3e37c21b93180a7817e.jpg'),
       WindowsPath('E:/Yolo-FastestV2-0.2/SolarBoardData/images/train/WhatsApp-Image-2023-03-20-at-19-19-27-1-_jpeg_jpg.rf.5dbe1d5bf24422cf602de3e48513bb00.jpg'),
       WindowsPath('E:/Yolo-FastestV2-0.2/SolarBoardData/images/train/cracked-0f7dfef7-fe70-11ed-ac7b-5c60ba7633ae_jpg.rf.791917ecf3827a8d4c6f10a98a542547.jpg'),
       WindowsPath('E:/Yolo-FastestV2-0.2/SolarBoardData/images/train/Screenshot-2023-04-01-181249_png.rf.296105a31a5f53d7191a3915535289f7.jpg'),
       WindowsPath('E:/Yolo-FastestV2-0.2/SolarBoardData/images/train/Imgdirty_765_1_jpg.rf.8f149c20e5b84122e54c22b821831609.jpg'),
       WindowsPath('E:/Yolo-FastestV2-0.2/SolarBoardData/images/train/Crack_222_jpg.rf.7bae18b29c232215c84324f0b3afbe40.jpg'),
       WindowsPath('E:/Yolo-FastestV2-0.2/SolarBoardData/images/train/Imgdirty_640_1_jpg.rf.bd6a444f6f536d20379a5e9fd573f3d2.jpg'),
       WindowsPath('E:/Yolo-FastestV2-0.2/SolarBoardData/images/train/pv_crack-169-_jpg.rf.9485f84e059ffb5f0083e3b46b457810.jpg'),
       WindowsPath('E:/Yolo-FastestV2-0.2/SolarBoardData/images/train/Screenshot-2023-04-02-001650_png_jpg.rf.76b702aad06cc252719df75dd07db3ac.jpg'),
       WindowsPath('E:/Yolo-FastestV2-0.2/SolarBoardData/images/train/WhatsApp-Image-2023-03-20-at-19-19-21-1-_jpeg_jpg.rf.96f254ff2bfb015448cffe87651c9a0b.jpg'),
       WindowsPath('E:/Yolo-FastestV2-0.2/SolarBoardData/images/train/Screenshot-2023-04-02-002333_png_jpg.rf.62221aa06068e3df4f96e19a824fa896.jpg'),
       WindowsPath('E:/Yolo-FastestV2-0.2/SolarBoardData/images/train/Imgdirty_690_1_jpg.rf.4fe33d3f2e97c22605d15c5750718141.jpg'),
       WindowsPath('E:/Yolo-FastestV2-0.2/SolarBoardData/images/train/Screenshot-2023-04-02-001348_png_jpg.rf.06a2b8962e09db5587e0682a878b51a3.jpg'),
       WindowsPath('E:/Yolo-FastestV2-0.2/SolarBoardData/images/train/Crack_253_jpg.rf.fc290a0bd174fcff86f86588280ad93a.jpg'),
       WindowsPath('E:/Yolo-FastestV2-0.2/SolarBoardData/images/train/photo_2023-07-19_16-27-41_jpg.rf.90c00db7ba7849411ccee6e1167e2653.jpg'),
       WindowsPath('E:/Yolo-FastestV2-0.2/SolarBoardData/images/train/pv_crack-48-_jpg.rf.bfe54f847c4bc68ee1773c5c2c3725f2.jpg'),
       WindowsPath('E:/Yolo-FastestV2-0.2/SolarBoardData/images/train/Screenshot-2023-04-01-180227_png.rf.073938371795211de4a2900662c99cc5.jpg'),
       WindowsPath('E:/Yolo-FastestV2-0.2/SolarBoardData/images/train/IMG_20230323_165800_jpg.rf.bc215394ac8134b7b7545b8393922991.jpg'),
       WindowsPath('E:/Yolo-FastestV2-0.2/SolarBoardData/images/train/Imgdirty_740_1_jpg.rf.13bbb9ca3098c7848271a740867479fd.jpg'),
       WindowsPath('E:/Yolo-FastestV2-0.2/SolarBoardData/images/train/cracked-92-_jpg.rf.06018c3e4e4ae1f3259b0bdc89681301.jpg'),
       WindowsPath('E:/Yolo-FastestV2-0.2/SolarBoardData/images/train/Imgdirty_201_1_jpg.rf.749494e54076c4eeacd2bdf69b960e88.jpg'),
       WindowsPath('E:/Yolo-FastestV2-0.2/SolarBoardData/images/train/Imgdirty_702_1_jpg.rf.3ad77c893625a0ceffb70cdc6e1d05d6.jpg'),
       WindowsPath('E:/Yolo-FastestV2-0.2/SolarBoardData/images/train/IMG_0401_jpg.rf.e83404ec8daf6de4d2acc84eb4ecbf2d.jpg'),
       WindowsPath('E:/Yolo-FastestV2-0.2/SolarBoardData/images/train/pv_crack-31-_jpg.rf.ef3bbe0f5f71202d85c5d042a41efdc8.jpg'),
       WindowsPath('E:/Yolo-FastestV2-0.2/SolarBoardData/images/train/IMG_0414_jpg.rf.f5ee3dfe1697b3d5a805f866bfb1f38c.jpg'),
       WindowsPath('E:/Yolo-FastestV2-0.2/SolarBoardData/images/train/pv_crack-19-_jpg.rf.3fcf074c61df7c1a929c79d58e79f586.jpg'),
       WindowsPath('E:/Yolo-FastestV2-0.2/SolarBoardData/images/train/pv_crack-13-_jpg.rf.ae7ffafec08f249d3b360c53c68599d1.jpg'),
       WindowsPath('E:/Yolo-FastestV2-0.2/SolarBoardData/images/train/solar_Fri_Jun_16_13__56__42_2017_L_0-541628060887_I_0-296274509804_jpg.rf.e9d516269c9b32c970d8ea8b739cd13a.jpg'),
       WindowsPath('E:/Yolo-FastestV2-0.2/SolarBoardData/images/train/Imgdirty_25_1_jpg.rf.4985e915981c8a6ac8b9fd31df9c5d57.jpg'),
       WindowsPath('E:/Yolo-FastestV2-0.2/SolarBoardData/images/train/Imgdirty_5_1_jpg.rf.aa4e212a23afb3dbfd405663ceb92615.jpg'),
       WindowsPath('E:/Yolo-FastestV2-0.2/SolarBoardData/images/train/IMG_20230324_172724_jpg.rf.80de328bc71f4b57e058616ae2a668c8.jpg'),
       WindowsPath('E:/Yolo-FastestV2-0.2/SolarBoardData/images/train/IMG_20230324_162057_jpg.rf.016fffd3539ff7411de79bc25225ef73.jpg'),
       WindowsPath('E:/Yolo-FastestV2-0.2/SolarBoardData/images/train/photo_2023-07-19_16-27-26_jpg.rf.ba236e4e88bc800242bae13479aa41da.jpg'),
       WindowsPath('E:/Yolo-FastestV2-0.2/SolarBoardData/images/train/Imgdirty_33_1_jpg.rf.1ba923b7adb17c55af66e48614fca185.jpg'),
       WindowsPath('E:/Yolo-FastestV2-0.2/SolarBoardData/images/train/IMG_8598_jpg.rf.c457020a7eb91e0f422921200c224b3a.jpg'),
       WindowsPath('E:/Yolo-FastestV2-0.2/SolarBoardData/images/train/Imgdirty_40_1_jpg.rf.ae06dee57348e783c593ec295713a776.jpg'),
       WindowsPath('E:/Yolo-FastestV2-0.2/SolarBoardData/images/train/cracked-56-_jpg.rf.b020ba7c483377d1be84b890c4c1f679.jpg'),
       WindowsPath('E:/Yolo-FastestV2-0.2/SolarBoardData/images/train/pv_crack-158-_jpg.rf.bbdb25b2c390f6dd165ad6ad51caae99.jpg'),
       WindowsPath('E:/Yolo-FastestV2-0.2/SolarBoardData/images/train/IMG_0403_jpg.rf.23a2e4154ee0f9b6989d3867475e7b3b.jpg'),
       WindowsPath('E:/Yolo-FastestV2-0.2/SolarBoardData/images/train/cracked-434-_jpg.rf.1753d05a470443f18413041eefe272c2.jpg'),
       WindowsPath('E:/Yolo-FastestV2-0.2/SolarBoardData/images/train/IMG_0414_jpg.rf.a735c34418c05fb917d973738ee2342d.jpg'),
       WindowsPath('E:/Yolo-FastestV2-0.2/SolarBoardData/images/train/pv_crack-32-_jpg.rf.8811ed0202f5b0ae18818d45ccbefb88.jpg'),
       WindowsPath('E:/Yolo-FastestV2-0.2/SolarBoardData/images/train/good-e860861f-fe6f-11ed-bb18-5c60ba7633ae_jpg.rf.eb52b93327ef35ab7f9aa73758ac01e5.jpg'),
       WindowsPath('E:/Yolo-FastestV2-0.2/SolarBoardData/images/train/cracked-89-_jpg.rf.787ebf26f4d73dbd9b8b93e44125b1db.jpg'),
       WindowsPath('E:/Yolo-FastestV2-0.2/SolarBoardData/images/train/photo_2023-07-19_16-27-31_jpg.rf.d4592ede83a7b8c678ca9364e8549a0f.jpg'),
       WindowsPath('E:/Yolo-FastestV2-0.2/SolarBoardData/images/train/IMG_8576_jpg.rf.5fac7057abaf5e4880026da72fe0e6ce.jpg'),
       WindowsPath('E:/Yolo-FastestV2-0.2/SolarBoardData/images/train/WhatsApp-Image-2023-03-20-at-19-19-21-1-_jpeg_jpg.rf.2e8eb890516b14a210c13fc4853d828a.jpg'),
       WindowsPath('E:/Yolo-FastestV2-0.2/SolarBoardData/images/train/Screenshot-2023-04-02-002554_png.rf.ee156fa60172fec2ef1a6cc0a91bf12a.jpg'),
       WindowsPath('E:/Yolo-FastestV2-0.2/SolarBoardData/images/train/IMG_0426_jpg.rf.041b611b89f6f3fb80870383dfbb228a.jpg'),
       WindowsPath('E:/Yolo-FastestV2-0.2/SolarBoardData/images/train/Imgdirty_456_1_jpg.rf.596f1d452e351a9cadc8cb69abb6090f.jpg'),
       WindowsPath('E:/Yolo-FastestV2-0.2/SolarBoardData/images/train/IMG_20230325_114726_jpg.rf.e1990156ceacaa4f87e10de7fb498d99.jpg'),
       WindowsPath('E:/Yolo-FastestV2-0.2/SolarBoardData/images/train/cracked-98-_jpg.rf.e4f550d7fffddd4b45887fd3f5e4fd93.jpg'),
       WindowsPath('E:/Yolo-FastestV2-0.2/SolarBoardData/images/train/WhatsApp-Image-2023-03-20-at-19-19-26_jpeg_jpg.rf.cefd69961e63ea4c3a267d6ee8c84811.jpg'),
       WindowsPath('E:/Yolo-FastestV2-0.2/SolarBoardData/images/train/cracked-57-_jpg.rf.82a99ff203fefc6c0f54c6a97d62575d.jpg'),
       WindowsPath('E:/Yolo-FastestV2-0.2/SolarBoardData/images/train/IMG_0440_jpg.rf.8b1b599f068862af64b6c08f555191b7.jpg'),
       WindowsPath('E:/Yolo-FastestV2-0.2/SolarBoardData/images/train/solar_Fri_Jun_30_9__25__57_2017_L_0-922570473424_I_0-537262745098_jpg.rf.1807c84be23e78c9fa72f5bd41f57d69.jpg'),
       WindowsPath('E:/Yolo-FastestV2-0.2/SolarBoardData/images/train/Imgdirty_477_1_jpg.rf.98c57333edceb5a1a244e437f3549251.jpg'),
       WindowsPath('E:/Yolo-FastestV2-0.2/SolarBoardData/images/train/IMG_0399_jpg.rf.a5bc8e7e363e23a1f7984d7a7affdefe.jpg'),
       WindowsPath('E:/Yolo-FastestV2-0.2/SolarBoardData/images/train/IMG_0417_jpg.rf.5600d4c75329c362c8f1abe79e4f5b34.jpg'),
       WindowsPath('E:/Yolo-FastestV2-0.2/SolarBoardData/images/train/good-d64b447b-fe6f-11ed-a265-5c60ba7633ae_jpg.rf.36eff7318734d6c5a3d0c37c83898ab0.jpg'),
       WindowsPath('E:/Yolo-FastestV2-0.2/SolarBoardData/images/train/cracked-70-_jpg.rf.e671ac2fe3ffe6e7e6c6c9753b3a3173.jpg'),
       WindowsPath('E:/Yolo-FastestV2-0.2/SolarBoardData/images/train/frame106_jpg.rf.0a21fb65e6a4e5e13ab2393f1b414123.jpg'),
       WindowsPath('E:/Yolo-FastestV2-0.2/SolarBoardData/images/train/solar_Fri_Jun_30_11__21__19_2017_L_0-790252849469_I_0-1796_jpg.rf.073604007f250a158b939cb66b78f17f.jpg'),
       WindowsPath('E:/Yolo-FastestV2-0.2/SolarBoardData/images/train/IMG_0448_jpg.rf.4462e26ec8453d606eba765da4f8daa6.jpg'),
       WindowsPath('E:/Yolo-FastestV2-0.2/SolarBoardData/images/train/WhatsApp-Image-2023-03-20-at-19-19-22-2-_jpeg_jpg.rf.006c5b4d8d549cc139cb2856c0305e11.jpg'),
       WindowsPath('E:/Yolo-FastestV2-0.2/SolarBoardData/images/train/Screenshot-2023-04-01-181402_png_jpg.rf.6716baac0e304baf3552119db5a0b557.jpg'),
       WindowsPath('E:/Yolo-FastestV2-0.2/SolarBoardData/images/train/IMG_20230323_165009_jpg.rf.bfae08f252ff95ae1b05ddd4c05615d9.jpg'),
       WindowsPath('E:/Yolo-FastestV2-0.2/SolarBoardData/images/train/Crack_236_jpg.rf.e19a4a7bcd224e4a80eb1a1f7c4688e3.jpg'),
       WindowsPath('E:/Yolo-FastestV2-0.2/SolarBoardData/images/train/WhatsApp-Image-2023-03-20-at-19-18-55-1-_jpeg_jpg.rf.c365dcbfd58e0c6ff056830130dc1fab.jpg'),
       WindowsPath('E:/Yolo-FastestV2-0.2/SolarBoardData/images/train/WhatsApp-Image-2023-03-20-at-19-19-27-1-_jpeg_jpg.rf.9d3b4ed4b9a013e408c477aa756b0538.jpg'),
       WindowsPath('E:/Yolo-FastestV2-0.2/SolarBoardData/images/train/cracked-08449119-fe70-11ed-9a47-5c60ba7633ae_jpg.rf.7c3270aefa4f0eb8bbaa44482aea11bd.jpg'),
       WindowsPath('E:/Yolo-FastestV2-0.2/SolarBoardData/images/train/solar_Wed_Jun_21_8__48__32_2017_L_0-329396907415_I_0-406792156863_jpg.rf.153e01469a69baf162520b063ce6fc9a.jpg'),
       WindowsPath('E:/Yolo-FastestV2-0.2/SolarBoardData/images/train/good-a1ef5a32-fe6f-11ed-981d-5c60ba7633ae_jpg.rf.995ba91cc61ad30d8bb073df55908836.jpg'),
       WindowsPath('E:/Yolo-FastestV2-0.2/SolarBoardData/images/train/IMG_20230323_165811_jpg.rf.f3abb6248017946744b98dda00031d86.jpg'),
       WindowsPath('E:/Yolo-FastestV2-0.2/SolarBoardData/images/train/Imgdirty_708_1_jpg.rf.ea432f12707597537f4223a1077256fa.jpg'),
       WindowsPath('E:/Yolo-FastestV2-0.2/SolarBoardData/images/train/WhatsApp-Image-2023-03-20-at-19-19-22-1-_jpeg_jpg.rf.2d26432e28aa8cbfe1771ad00ea25f75.jpg'),
       WindowsPath('E:/Yolo-FastestV2-0.2/SolarBoardData/images/train/good-dbb7c116-fe6f-11ed-8e77-5c60ba7633ae_jpg.rf.0aed68965cbcec43c77719eb3bdb6a0d.jpg'),
       WindowsPath('E:/Yolo-FastestV2-0.2/SolarBoardData/images/train/IMG_8591_jpg.rf.6f33ba43028a6ecb2a3f413bdd9bfe19.jpg'),
       WindowsPath('E:/Yolo-FastestV2-0.2/SolarBoardData/images/train/Imgdirty_508_1_jpg.rf.a9d66ebf1e11de3f08ae55ce7049614e.jpg'),
       WindowsPath('E:/Yolo-FastestV2-0.2/SolarBoardData/images/train/Screenshot-2023-04-02-002105_png_jpg.rf.d315c9be6fde532e84d25b6b56bb5cbf.jpg'),
       WindowsPath('E:/Yolo-FastestV2-0.2/SolarBoardData/images/train/good-d9e936a6-fe6f-11ed-86e2-5c60ba7633ae_jpg.rf.54b213044cf9f3d3171588de23512e1a.jpg'),
       WindowsPath('E:/Yolo-FastestV2-0.2/SolarBoardData/images/train/IMG_0404_jpg.rf.6862acdb3e533410844858c6958d4e96.jpg'),
       WindowsPath('E:/Yolo-FastestV2-0.2/SolarBoardData/images/train/IMG_20230323_170742_jpg.rf.66110fa33851218988e6f267d90d94bb.jpg'),
       WindowsPath('E:/Yolo-FastestV2-0.2/SolarBoardData/images/train/pv_crack-179-_jpg.rf.6b79cf6f7e596b93b90bc4419decccb6.jpg'),
       WindowsPath('E:/Yolo-FastestV2-0.2/SolarBoardData/images/train/good-dd86b288-fe6f-11ed-b752-5c60ba7633ae_jpg.rf.338d4445d73bd2fc0781fc10ec3771b6.jpg'),
       WindowsPath('E:/Yolo-FastestV2-0.2/SolarBoardData/images/train/pv_crack-13-_jpg.rf.e183963f47dd695191b50549226f3307.jpg'),
       WindowsPath('E:/Yolo-FastestV2-0.2/SolarBoardData/images/train/good-a1ef5a32-fe6f-11ed-981d-5c60ba7633ae_jpg.rf.f356fb9e29a9427ab726f99cd4433830.jpg'),
       WindowsPath('E:/Yolo-FastestV2-0.2/SolarBoardData/images/train/cracked-f464c296-fe6f-11ed-8a60-5c60ba7633ae_jpg.rf.bc4950a0bea2d8bb7500989e9c467abc.jpg'),
       WindowsPath('E:/Yolo-FastestV2-0.2/SolarBoardData/images/train/IMG_0406_jpg.rf.b968fcfcdd2e94e1e9521f3c324061bc.jpg'),
       WindowsPath('E:/Yolo-FastestV2-0.2/SolarBoardData/images/train/photo_2023-07-19_16-27-44_jpg.rf.4873e5a0d11b4ef93162fe1dd955947b.jpg'),
       WindowsPath('E:/Yolo-FastestV2-0.2/SolarBoardData/images/train/images-33-_jpg.rf.6926cff5311f33764a4df87e3fdcc51a.jpg'),
       WindowsPath('E:/Yolo-FastestV2-0.2/SolarBoardData/images/train/IMG-20230418-WA0058_jpg.rf.9a235d45a73ac4f1be7a2258dfa8b618.jpg'),
       WindowsPath('E:/Yolo-FastestV2-0.2/SolarBoardData/images/train/Imgdirty_838_1_jpg.rf.a4a6ae0f5f21b6a02230b422b865c6db.jpg'),
       WindowsPath('E:/Yolo-FastestV2-0.2/SolarBoardData/images/train/IMG-20230418-WA0053_jpg.rf.259cecd28ece428aacc2befb1fd21385.jpg'),
       WindowsPath('E:/Yolo-FastestV2-0.2/SolarBoardData/images/train/Imgdirty_337_1_jpg.rf.89b439391ff6d5e23fd70b634dcc8762.jpg'),
       WindowsPath('E:/Yolo-FastestV2-0.2/SolarBoardData/images/train/IMG_0408_jpg.rf.d9e70b58d1a359f891c66c5ee9ad0c55.jpg'),
       WindowsPath('E:/Yolo-FastestV2-0.2/SolarBoardData/images/train/Screenshot-2023-04-18-012044_png_jpg.rf.851bdc70fc5ef7607a3e85fa1a15580a.jpg'),
       WindowsPath('E:/Yolo-FastestV2-0.2/SolarBoardData/images/train/cracked-41-_jpg.rf.488a9de26db0b15a3924e33d6d9961de.jpg'),
       WindowsPath('E:/Yolo-FastestV2-0.2/SolarBoardData/images/train/Imgclean_259_0_jpg.rf.0014fb642c3cac9c58996f58afef864d.jpg'),
       WindowsPath('E:/Yolo-FastestV2-0.2/SolarBoardData/images/train/IMG_0407_jpg.rf.85e3418a7a95258d828badf7d17bb5c5.jpg'),
       WindowsPath('E:/Yolo-FastestV2-0.2/SolarBoardData/images/train/pv_crack-96-_jpg.rf.5f740c061f2fb33c0466f9facd581ffb.jpg'),
       WindowsPath('E:/Yolo-FastestV2-0.2/SolarBoardData/images/train/cracked-66-_jpg.rf.a5d1c001a7450574adcef3ef20ad9064.jpg'),
       WindowsPath('E:/Yolo-FastestV2-0.2/SolarBoardData/images/train/WhatsApp-Image-2023-03-20-at-19-19-21_jpeg_jpg.rf.f0cb45ba006cdbd3091e1a88c34bfa29.jpg'),
       WindowsPath('E:/Yolo-FastestV2-0.2/SolarBoardData/images/train/Imgdirty_235_1_jpg.rf.9392a664178c4de3b8aed15d146b05fa.jpg'),
       WindowsPath('E:/Yolo-FastestV2-0.2/SolarBoardData/images/train/IMG_0391_jpg.rf.a88045e09e4b6efb33b08b7dd752af5f.jpg'),
       WindowsPath('E:/Yolo-FastestV2-0.2/SolarBoardData/images/train/good-cf110245-fe6f-11ed-affd-5c60ba7633ae_jpg.rf.89ba1e6342e954ed1e12474458d0fac1.jpg'),
       WindowsPath('E:/Yolo-FastestV2-0.2/SolarBoardData/images/train/Screenshot-2023-04-18-012316_png_jpg.rf.b1d9e45dbf9e4f57b27e756a8583d813.jpg'),
       WindowsPath('E:/Yolo-FastestV2-0.2/SolarBoardData/images/train/pv_crack-172-_jpg.rf.f5023670ec2082dd62c39e00b7c1d824.jpg'),
       WindowsPath('E:/Yolo-FastestV2-0.2/SolarBoardData/images/train/Imgdirty_679_1_jpg.rf.96385f8d2adf9625dc5ac04da677f325.jpg'),
       WindowsPath('E:/Yolo-FastestV2-0.2/SolarBoardData/images/train/IMG_0427_jpg.rf.15a8566e6761d808d6f552269f8e9720.jpg'),
       WindowsPath('E:/Yolo-FastestV2-0.2/SolarBoardData/images/train/pv_crack-175-_jpg.rf.aaa14856fd241a2666cfe80dc5f9efa6.jpg'),
       WindowsPath('E:/Yolo-FastestV2-0.2/SolarBoardData/images/train/Imgdirty_442_1_jpg.rf.0a48b411166f737b5f270830d797aabd.jpg'),
       WindowsPath('E:/Yolo-FastestV2-0.2/SolarBoardData/images/train/IMG_20230323_171047_jpg.rf.9f80ca086ede3d93874c1012495e786a.jpg'),
       WindowsPath('E:/Yolo-FastestV2-0.2/SolarBoardData/images/train/Imgdirty_150_1_jpg.rf.4054e2a2393f52813971ea349a52169c.jpg'),
       WindowsPath('E:/Yolo-FastestV2-0.2/SolarBoardData/images/train/cracked-69-_jpg.rf.a257298ea0ef3cc35ef99f31a3ffe345.jpg'),
       WindowsPath('E:/Yolo-FastestV2-0.2/SolarBoardData/images/train/Rusak909_jpg.rf.dfb7deb6e7c0cdb45ee48e1b89d5950b.jpg'),
       WindowsPath('E:/Yolo-FastestV2-0.2/SolarBoardData/images/train/Imgdirty_543_1_jpg.rf.e51c31af298942f103d6b7f507e625df.jpg'),
       WindowsPath('E:/Yolo-FastestV2-0.2/SolarBoardData/images/train/pv_crack-157-_jpg.rf.4c32effcc9567738025da3fa87deb612.jpg'),
       WindowsPath('E:/Yolo-FastestV2-0.2/SolarBoardData/images/train/IMG_0408_jpg.rf.ad600895f925d4bc9ceffdeadb99424e.jpg'),
       WindowsPath('E:/Yolo-FastestV2-0.2/SolarBoardData/images/train/IMG_0412_jpg.rf.38beeae186db6a2f3e3620e70fb24080.jpg'),
       WindowsPath('E:/Yolo-FastestV2-0.2/SolarBoardData/images/train/Crack_220_jpg.rf.8cb0c06d5427571f4bccd3d25f81ce37.jpg'),
       WindowsPath('E:/Yolo-FastestV2-0.2/SolarBoardData/images/train/IMG_20230323_170342_jpg.rf.9c456018fcfd9626bf0d4ae00f1bbfe4.jpg'),
       WindowsPath('E:/Yolo-FastestV2-0.2/SolarBoardData/images/train/Imgdirty_601_1_jpg.rf.c2be46d5db602e570cd0f4326b38c3d3.jpg'),
       WindowsPath('E:/Yolo-FastestV2-0.2/SolarBoardData/images/train/good-d2ada05e-fe6f-11ed-9f21-5c60ba7633ae_jpg.rf.6aa70ef438263499ba466ea4b93fda0a.jpg'),
       WindowsPath('E:/Yolo-FastestV2-0.2/SolarBoardData/images/train/WhatsApp-Image-2023-03-20-at-19-19-26_jpeg_jpg.rf.46b61a46e39ad139f755574d922bafaf.jpg'),
       WindowsPath('E:/Yolo-FastestV2-0.2/SolarBoardData/images/train/Imgdirty_127_1_jpg.rf.bd220ed23dadbf653562f8d9be7b0cb0.jpg'),
       WindowsPath('E:/Yolo-FastestV2-0.2/SolarBoardData/images/train/IMG_20230323_171321_jpg.rf.f73ad7ee7a295765183294c078d13cf9.jpg'),
       WindowsPath('E:/Yolo-FastestV2-0.2/SolarBoardData/images/train/IMG_0409_jpg.rf.fff0c583172e68f6b8cdf6265e890c4b.jpg'),
       WindowsPath('E:/Yolo-FastestV2-0.2/SolarBoardData/images/train/solar_Fri_Jun_30_11__39__41_2017_L_0-753945929051_I_0-501882352941_jpg.rf.1ac9253f21fdbc75da07b94244f7a336.jpg'),
       WindowsPath('E:/Yolo-FastestV2-0.2/SolarBoardData/images/train/cracked-f0c72d6f-fe6f-11ed-a636-5c60ba7633ae_jpg.rf.b5e0421682c9b15a17a75a2382200ffd.jpg'),
       WindowsPath('E:/Yolo-FastestV2-0.2/SolarBoardData/images/train/IMG_0421_jpg.rf.4dd133a214b87e12f38fa0048b0f03b8.jpg'),
       WindowsPath('E:/Yolo-FastestV2-0.2/SolarBoardData/images/train/pv_crack-182-_jpg.rf.05f51dc76efe5c547629bd33568cb7bd.jpg'),
       WindowsPath('E:/Yolo-FastestV2-0.2/SolarBoardData/images/train/IMG_20230323_170659_jpg.rf.594fe91d2d0579a26071ebdb743a2821.jpg'),
       WindowsPath('E:/Yolo-FastestV2-0.2/SolarBoardData/images/train/pv_crack-179-_jpg.rf.f8f5ba7a70cf26664d3f1f0c45268d3f.jpg'),
       WindowsPath('E:/Yolo-FastestV2-0.2/SolarBoardData/images/train/photo_2023-07-19_16-27-31-2-_jpg.rf.625cb8d29303db8efe169a5e1ed5e1c3.jpg'),
       WindowsPath('E:/Yolo-FastestV2-0.2/SolarBoardData/images/train/Imgdirty_756_1_jpg.rf.706d0ca2414054eed148824573a91b07.jpg'),
       WindowsPath('E:/Yolo-FastestV2-0.2/SolarBoardData/images/train/IMG-20230418-WA0038_jpg.rf.4f7d61b4a5bf6eac20fd36a17599e2f4.jpg'),
       WindowsPath('E:/Yolo-FastestV2-0.2/SolarBoardData/images/train/cracked-55-_jpg.rf.d239a1ea16dade42836f6beb077a6f55.jpg'),
       WindowsPath('E:/Yolo-FastestV2-0.2/SolarBoardData/images/train/photo_2023-07-19_16-27-32_jpg.rf.43367597d83e1855628b6480bfbd5c5c.jpg'),
       WindowsPath('E:/Yolo-FastestV2-0.2/SolarBoardData/images/train/Screenshot-2023-04-02-002532_png_jpg.rf.fedfe78c1b2520c8a3af651cca366044.jpg'),
       WindowsPath('E:/Yolo-FastestV2-0.2/SolarBoardData/images/train/IMG_20230325_113719_jpg.rf.05de0859816ae44641131ac0b495b538.jpg'),
       WindowsPath('E:/Yolo-FastestV2-0.2/SolarBoardData/images/train/Screenshot-2023-04-02-001348_png_jpg.rf.64af289fc22dcffaeea594c0be7116db.jpg'),
       WindowsPath('E:/Yolo-FastestV2-0.2/SolarBoardData/images/train/good-c9a4e5a6-fe6f-11ed-8112-5c60ba7633ae_jpg.rf.b1e8e18864aac832922f9d4b7176bdde.jpg'),
       WindowsPath('E:/Yolo-FastestV2-0.2/SolarBoardData/images/train/pv_crack-114-_jpg.rf.5071d751e1b801960e9e935472b7803b.jpg'),
       WindowsPath('E:/Yolo-FastestV2-0.2/SolarBoardData/images/train/Imgdirty_187_1_jpg.rf.1c7d0fc22ed6df12557234cebd3f2f8d.jpg'),
       WindowsPath('E:/Yolo-FastestV2-0.2/SolarBoardData/images/train/WhatsApp-Image-2023-03-20-at-19-19-28-1-_jpeg_jpg.rf.b4fcf89d677619926bb408bc651023c9.jpg'),
       WindowsPath('E:/Yolo-FastestV2-0.2/SolarBoardData/images/train/WhatsApp-Image-2023-03-20-at-19-19-21-2-_jpeg_jpg.rf.80fa70c6885135a9607c6b65a5d3356a.jpg'),
       WindowsPath('E:/Yolo-FastestV2-0.2/SolarBoardData/images/train/images-3-_jpg.rf.6f7791b965bcfd20bc7ad7ce4bde9046.jpg'),
       WindowsPath('E:/Yolo-FastestV2-0.2/SolarBoardData/images/train/Imgdirty_629_1_jpg.rf.6c7b93ac92f4d366abdd2507a173dcff.jpg'),
       WindowsPath('E:/Yolo-FastestV2-0.2/SolarBoardData/images/train/Imgdirty_723_1_jpg.rf.87ae9c8ff04f318c823fea93355657a2.jpg'),
       WindowsPath('E:/Yolo-FastestV2-0.2/SolarBoardData/images/train/cracked-f295ae67-fe6f-11ed-ae1c-5c60ba7633ae_jpg.rf.0bc73fa421cc80de3bb30a237656278c.jpg'),
       WindowsPath('E:/Yolo-FastestV2-0.2/SolarBoardData/images/train/cracked-ed29701c-fe6f-11ed-a2d7-5c60ba7633ae_jpg.rf.981e5bfe26a0be5ddbba61792ed67b09.jpg'),
       WindowsPath('E:/Yolo-FastestV2-0.2/SolarBoardData/images/train/IMG_20230324_162010_jpg.rf.7b9a61a99c7b2c646d0539ca989dac70.jpg'),
       WindowsPath('E:/Yolo-FastestV2-0.2/SolarBoardData/images/train/cracked-fba08fe1-fe6f-11ed-9db8-5c60ba7633ae_jpg.rf.c006671931f6c3dbeb7b1d36af190a85.jpg'),
       WindowsPath('E:/Yolo-FastestV2-0.2/SolarBoardData/images/train/WhatsApp-Image-2023-03-20-at-19-18-54_jpeg_jpg.rf.8324d3250bf50c3aca788bc57b70a97a.jpg'),
       WindowsPath('E:/Yolo-FastestV2-0.2/SolarBoardData/images/train/1677069179152_jpg.rf.f5ff781607941d2a7202ab4c0ef90066.jpg'),
       WindowsPath('E:/Yolo-FastestV2-0.2/SolarBoardData/images/train/cracked-416-_jpg.rf.ed10ccc13e7ec11dfaf6d3588fac1511.jpg'),
       WindowsPath('E:/Yolo-FastestV2-0.2/SolarBoardData/images/train/frame11_jpg.rf.5de06d201ee4d07db4e32ea302f72c50.jpg'),
       WindowsPath('E:/Yolo-FastestV2-0.2/SolarBoardData/images/train/IMG_20230324_115047_jpg.rf.3e394128ebb52c829724cf259dbfeafb.jpg'),
       WindowsPath('E:/Yolo-FastestV2-0.2/SolarBoardData/images/train/good-d0df07e1-fe6f-11ed-a98d-5c60ba7633ae_jpg.rf.baaef31fcb7d85d5c88e60176652eef4.jpg'),
       WindowsPath('E:/Yolo-FastestV2-0.2/SolarBoardData/images/train/Imgdirty_463_1_jpg.rf.28f72b13ba3c26af6045673fed8f62bd.jpg'),
       WindowsPath('E:/Yolo-FastestV2-0.2/SolarBoardData/images/train/Imgdirty_762_1_jpg.rf.000ed75cf6e11baffe07ca7d72e55bab.jpg'),
       WindowsPath('E:/Yolo-FastestV2-0.2/SolarBoardData/images/train/Imgdirty_605_1_jpg.rf.727c6a9f4e0872eb57ae859563417e74.jpg'),
       WindowsPath('E:/Yolo-FastestV2-0.2/SolarBoardData/images/train/cracked-309-_jpg.rf.0fea7d73ce4265416dee7ca976f9aab2.jpg'),
       WindowsPath('E:/Yolo-FastestV2-0.2/SolarBoardData/images/train/Screenshot-2023-04-01-182019_png_jpg.rf.4282d9b6082bc924e9a112d9c1948c57.jpg'),
       WindowsPath('E:/Yolo-FastestV2-0.2/SolarBoardData/images/train/Screenshot-2023-04-02-000751_png.rf.7e42c30356fca68f0e88759f12ec5105.jpg'),
       WindowsPath('E:/Yolo-FastestV2-0.2/SolarBoardData/images/train/IMG_0400_jpg.rf.10adf9ec0430a717a8b81fc3fb181685.jpg'),
       WindowsPath('E:/Yolo-FastestV2-0.2/SolarBoardData/images/train/Imgdirty_434_1_jpg.rf.1c2ab825be144348261ba05e05fa40bc.jpg'),
       WindowsPath('E:/Yolo-FastestV2-0.2/SolarBoardData/images/train/Rusak943_jpg.rf.5602522e29d5cb6a8de621b0fda0d033.jpg'),
       WindowsPath('E:/Yolo-FastestV2-0.2/SolarBoardData/images/train/IMG_0389_jpg.rf.907e579a5c338358bfc9dd0ca4f092d5.jpg'),
       WindowsPath('E:/Yolo-FastestV2-0.2/SolarBoardData/images/train/cracked-f6339856-fe6f-11ed-ad7d-5c60ba7633ae_jpg.rf.c3f75c57e6d639463cf46c9f19f28011.jpg'),
       WindowsPath('E:/Yolo-FastestV2-0.2/SolarBoardData/images/train/Screenshot-2023-04-02-001042_png_jpg.rf.8170c65babfa53ef8842a61a6a3efb06.jpg'),
       WindowsPath('E:/Yolo-FastestV2-0.2/SolarBoardData/images/train/good-a3be7f11-fe6f-11ed-a7bd-5c60ba7633ae_jpg.rf.548e362d7c3e3f0d3619702a30d96bc7.jpg'),
       WindowsPath('E:/Yolo-FastestV2-0.2/SolarBoardData/images/train/cracked-422-_jpg.rf.e2b20571e7fca498a189d8f2fae06729.jpg'),
       WindowsPath('E:/Yolo-FastestV2-0.2/SolarBoardData/images/train/IMG_8576_jpg.rf.5a6b89987662b31339a5f65084749f35.jpg'),
       WindowsPath('E:/Yolo-FastestV2-0.2/SolarBoardData/images/train/WhatsApp-Image-2023-03-20-at-19-18-54_jpeg_jpg.rf.396b8e263390dc3776b018562e6fb9be.jpg'),
       WindowsPath('E:/Yolo-FastestV2-0.2/SolarBoardData/images/train/images-30-_jpg.rf.34a30b58c455259bae5a01384e6e9844.jpg'),
       WindowsPath('E:/Yolo-FastestV2-0.2/SolarBoardData/images/train/Imgdirty_592_1_jpg.rf.5dd53f4a7b5c84f8c73c417761ebdbee.jpg'),
       WindowsPath('E:/Yolo-FastestV2-0.2/SolarBoardData/images/train/images-30-_jpg.rf.1a70a94893a08f4d22e77a1da49e036a.jpg'),
       WindowsPath('E:/Yolo-FastestV2-0.2/SolarBoardData/images/train/IMG_8598_jpg.rf.b1bdd69ec4867010d7eacc204f223ef9.jpg'),
       WindowsPath('E:/Yolo-FastestV2-0.2/SolarBoardData/images/train/cracked-aa528bb0-fe6f-11ed-aeff-5c60ba7633ae_jpg.rf.7f656f35ee3af92872f75440a90cb377.jpg'),
       WindowsPath('E:/Yolo-FastestV2-0.2/SolarBoardData/images/train/WhatsApp-Image-2023-03-20-at-19-19-26-1-_jpeg_jpg.rf.82566a48742af01885a427d5a4fe2a28.jpg'),
       WindowsPath('E:/Yolo-FastestV2-0.2/SolarBoardData/images/train/Crack_220_jpg.rf.9c1fb6182352482a1128155113665cc0.jpg'),
       WindowsPath('E:/Yolo-FastestV2-0.2/SolarBoardData/images/train/Imgdirty_1032_1_jpg.rf.fd8c9ee839137c49648767857708b675.jpg'),
       WindowsPath('E:/Yolo-FastestV2-0.2/SolarBoardData/images/train/Rusak878_jpg.rf.39f30caabe26beaf0651630959e217a9.jpg'),
       WindowsPath('E:/Yolo-FastestV2-0.2/SolarBoardData/images/train/pv_crack-127-_jpg.rf.18f1ffbd61f6b13612388f15c8e3620c.jpg'),
       WindowsPath('E:/Yolo-FastestV2-0.2/SolarBoardData/images/train/good-cd420062-fe6f-11ed-951b-5c60ba7633ae_jpg.rf.9f6535ded68dc3a51d1c8b5a12c46cb9.jpg'),
       WindowsPath('E:/Yolo-FastestV2-0.2/SolarBoardData/images/train/Screenshot-2023-04-02-001819_png_jpg.rf.cde2642a47c162edb549550de1db598d.jpg'),
       WindowsPath('E:/Yolo-FastestV2-0.2/SolarBoardData/images/train/WhatsApp-Image-2023-03-20-at-19-18-55-1-_jpeg_jpg.rf.015b8b2f27452df1ea006341b3abf081.jpg'),
       WindowsPath('E:/Yolo-FastestV2-0.2/SolarBoardData/images/train/Imgdirty_156_1_jpg.rf.9334b28d09d8dd0ac97701bc966a882b.jpg'),
       WindowsPath('E:/Yolo-FastestV2-0.2/SolarBoardData/images/train/Crack_253_jpg.rf.2fb643a9c07ce062d3e456223a8ddc85.jpg'),
       WindowsPath('E:/Yolo-FastestV2-0.2/SolarBoardData/images/train/Imgdirty_402_1_jpg.rf.f867e0741312ca3ba335e802ee88a7a3.jpg'),
       WindowsPath('E:/Yolo-FastestV2-0.2/SolarBoardData/images/train/good-e4c24e15-fe6f-11ed-986d-5c60ba7633ae_jpg.rf.c623d7f954e8724895cbf15bfdeb1bd0.jpg'),
       WindowsPath('E:/Yolo-FastestV2-0.2/SolarBoardData/images/train/Imgdirty_978_1_jpg.rf.6df2c9556edac38463d911444b9969c7.jpg'),
       WindowsPath('E:/Yolo-FastestV2-0.2/SolarBoardData/images/train/Imgdirty_242_1_jpg.rf.e164745968eeaba0350660a0e3cab9d8.jpg'),
       WindowsPath('E:/Yolo-FastestV2-0.2/SolarBoardData/images/train/Imgdirty_817_1_jpg.rf.b8619c1f04464f20cc64ca80cb450521.jpg'),
       WindowsPath('E:/Yolo-FastestV2-0.2/SolarBoardData/images/train/WhatsApp-Image-2023-03-20-at-19-18-54_jpeg_jpg.rf.1528b7501f82b6830f22fb21855bd81f.jpg'),
       WindowsPath('E:/Yolo-FastestV2-0.2/SolarBoardData/images/train/IMG_0389_jpg.rf.fd8229ebec586e9bc7cac66f8bdc349f.jpg'),
       WindowsPath('E:/Yolo-FastestV2-0.2/SolarBoardData/images/train/Imgdirty_249_1_jpg.rf.2b8d8bc1d1817e463a300d609be2fac0.jpg'),
       WindowsPath('E:/Yolo-FastestV2-0.2/SolarBoardData/images/train/IMG_0402_jpg.rf.e8372dc4a8197ae3c854185d4bb0ba1d.jpg'),
       WindowsPath('E:/Yolo-FastestV2-0.2/SolarBoardData/images/train/Imgdirty_751_1_jpg.rf.44b8305d3d1f34b4b82fdb632e2f4d0c.jpg'),
       WindowsPath('E:/Yolo-FastestV2-0.2/SolarBoardData/images/train/IMG_0391_jpg.rf.fd92dae31e1a72f95507cace31717ffb.jpg'),
       WindowsPath('E:/Yolo-FastestV2-0.2/SolarBoardData/images/train/cracked-51-_jpg.rf.9aff1ef838f8ace521c72d69a334af76.jpg'),
       WindowsPath('E:/Yolo-FastestV2-0.2/SolarBoardData/images/train/photo_2023-07-19_16-27-30_jpg.rf.00b43b8d0b1a71f0cd51a862cf91affb.jpg'),
       WindowsPath('E:/Yolo-FastestV2-0.2/SolarBoardData/images/train/IMG-20230418-WA0018_jpg.rf.0964928acc88e9ec6516f9a419f92d97.jpg'),
       WindowsPath('E:/Yolo-FastestV2-0.2/SolarBoardData/images/train/Screenshot-2023-04-02-002554_png_jpg.rf.654096a40f72ddf6a9e717658a3b61c4.jpg'),
       WindowsPath('E:/Yolo-FastestV2-0.2/SolarBoardData/images/train/solar_Fri_Jun_30_10__33__29_2017_L_0-755563621964_I_0-594196078431_jpg.rf.46bebac63396261c4222dd0441857b8b.jpg'),
       WindowsPath('E:/Yolo-FastestV2-0.2/SolarBoardData/images/train/Rusak947_jpg.rf.83add35d1b4ec186fe05bd982f30f8f5.jpg'),
       WindowsPath('E:/Yolo-FastestV2-0.2/SolarBoardData/images/train/IMG_20230324_114425_jpg.rf.b40813cae6213e9b64225a17eb4a6a89.jpg'),
       WindowsPath('E:/Yolo-FastestV2-0.2/SolarBoardData/images/train/cracked-404-_jpg.rf.c6271cb0b85a42fe473cbdd3ad37d4ac.jpg'),
       WindowsPath('E:/Yolo-FastestV2-0.2/SolarBoardData/images/train/IMG_0439_jpg.rf.8002c29b10e5db37fddf191e4be3816a.jpg'),
       WindowsPath('E:/Yolo-FastestV2-0.2/SolarBoardData/images/train/solar_Wed_Jun_14_9__54__27_2017_L_0-108195646473_I_0-299058823529_jpg.rf.df0efd6b7633ccb6a4e1f4a58eb8bf19.jpg'),
       WindowsPath('E:/Yolo-FastestV2-0.2/SolarBoardData/images/train/Screenshot-2023-04-18-012538_png_jpg.rf.236c33be9a3b79ef37d0efc105d59a92.jpg'),
       WindowsPath('E:/Yolo-FastestV2-0.2/SolarBoardData/images/train/Imgdirty_96_1_jpg.rf.320644e56515d49fee76c4d88858763d.jpg'),
       WindowsPath('E:/Yolo-FastestV2-0.2/SolarBoardData/images/train/cracked-424-_jpg.rf.dc28af7a96553eb1bc565381b1e26e25.jpg'),
       WindowsPath('E:/Yolo-FastestV2-0.2/SolarBoardData/images/train/Imgdirty_721_1_jpg.rf.6373426a233d709a2021b02d62976401.jpg'),
       WindowsPath('E:/Yolo-FastestV2-0.2/SolarBoardData/images/train/cracked-4-_jpg.rf.10377f3ab3f4b5706766f43472705e07.jpg'),
       WindowsPath('E:/Yolo-FastestV2-0.2/SolarBoardData/images/train/Imgdirty_190_1_jpg.rf.021afdbe2a1eee15b80fa4a922f171af.jpg'),
       WindowsPath('E:/Yolo-FastestV2-0.2/SolarBoardData/images/train/Imgdirty_277_1_jpg.rf.ddd77ee503f87835a4c9b5e23568263c.jpg'),
       WindowsPath('E:/Yolo-FastestV2-0.2/SolarBoardData/images/train/IMG-20230418-WA0033_jpg.rf.c37d083b3f00f4996b6b9c2d6443a754.jpg'),
       WindowsPath('E:/Yolo-FastestV2-0.2/SolarBoardData/images/train/pv_crack-179-_jpg.rf.2ecdabd454f6e9dcf6dd0fd06208323d.jpg'),
       WindowsPath('E:/Yolo-FastestV2-0.2/SolarBoardData/images/train/Imgdirty_223_1_jpg.rf.3d00f1c05f796e52042253feb8b98616.jpg'),
       WindowsPath('E:/Yolo-FastestV2-0.2/SolarBoardData/images/train/IMG_0409_jpg.rf.5b9abbfbbe8be09396298a7074d19474.jpg'),
       WindowsPath('E:/Yolo-FastestV2-0.2/SolarBoardData/images/train/FHvEcY-XsAYWn_7_jpeg_jpg.rf.0d6e12ccc451741700adbb1b5b8ff6c3.jpg'),
       WindowsPath('E:/Yolo-FastestV2-0.2/SolarBoardData/images/train/IMG_0403_jpg.rf.d9c9649bf22c319484ccc1a0f1ee2cee.jpg'),
       WindowsPath('E:/Yolo-FastestV2-0.2/SolarBoardData/images/train/pv_crack-17-_jpg.rf.01c16971bbaaa32549a88dd6e4955b2d.jpg'),
       WindowsPath('E:/Yolo-FastestV2-0.2/SolarBoardData/images/train/Imgdirty_335_1_jpg.rf.55b3cdf3ffecb2155d44b474d00f3549.jpg'),
       WindowsPath('E:/Yolo-FastestV2-0.2/SolarBoardData/images/train/Imgdirty_819_1_jpg.rf.21bb752a9cbb61fc52606eda901db8ad.jpg'),
       WindowsPath('E:/Yolo-FastestV2-0.2/SolarBoardData/images/train/IMG_20230323_170356_jpg.rf.68c7f05c44f5b95e9a5cc15745a85110.jpg'),
       WindowsPath('E:/Yolo-FastestV2-0.2/SolarBoardData/images/train/pv_crack-32-_jpg.rf.30e5ae513afac7d6a43aa105dbe88354.jpg'),
       WindowsPath('E:/Yolo-FastestV2-0.2/SolarBoardData/images/train/IMG_0407_jpg.rf.b208c6bfc4f11e05c978dd05ee96112d.jpg'),
       WindowsPath('E:/Yolo-FastestV2-0.2/SolarBoardData/images/train/WhatsApp-Image-2023-03-20-at-19-18-54-2-_jpeg_jpg.rf.0075dd41c2ea487fcce1a2b728c3da7c.jpg'),
       WindowsPath('E:/Yolo-FastestV2-0.2/SolarBoardData/images/train/pv_crack-137-_jpg.rf.979f9e8ff01c0996ec1c6d5908631813.jpg'),
       WindowsPath('E:/Yolo-FastestV2-0.2/SolarBoardData/images/train/Imgclean_140_0_jpg.rf.0c7be4cbb183d4f4b04763e0bfef8d67.jpg'),
       WindowsPath('E:/Yolo-FastestV2-0.2/SolarBoardData/images/train/IMG_20230324_171802_jpg.rf.2ad69d7dfbb655363e60c50b60db13bd.jpg'),
       WindowsPath('E:/Yolo-FastestV2-0.2/SolarBoardData/images/train/IMG_0392_jpg.rf.41edb020301186739f308408a60667b9.jpg'),
       WindowsPath('E:/Yolo-FastestV2-0.2/SolarBoardData/images/train/Imgdirty_634_1_jpg.rf.19dfb444ccbfe426966462a6a26c4593.jpg'),
       WindowsPath('E:/Yolo-FastestV2-0.2/SolarBoardData/images/train/Screenshot-2023-04-01-181128_png_jpg.rf.8a9fdd234b323af1660e5c143396f8c9.jpg'),
       WindowsPath('E:/Yolo-FastestV2-0.2/SolarBoardData/images/train/cracked-363-_jpg.rf.b489baafe0904219f508e683545bd2d9.jpg'),
       WindowsPath('E:/Yolo-FastestV2-0.2/SolarBoardData/images/train/images-33-_jpg.rf.66c9b4fa8787f89b8a8fdc628db06fee.jpg'),
       WindowsPath('E:/Yolo-FastestV2-0.2/SolarBoardData/images/train/pv_crack-15-_jpg.rf.7ee39a4fc84e91ddb59d69ff8d3d08d4.jpg'),
       WindowsPath('E:/Yolo-FastestV2-0.2/SolarBoardData/images/train/good-e4c24e15-fe6f-11ed-986d-5c60ba7633ae_jpg.rf.a4467da4a7d2cef352223c3bd6c64ae1.jpg'),
       WindowsPath('E:/Yolo-FastestV2-0.2/SolarBoardData/images/train/photo_2023-07-19_16-27-46_jpg.rf.b11bbb9804e2c1c7dbc4f9f4c0e3e26a.jpg'),
       WindowsPath('E:/Yolo-FastestV2-0.2/SolarBoardData/images/train/cracked-65-_jpg.rf.173d53115f7602e06f464ccea5b51b8e.jpg'),
       WindowsPath('E:/Yolo-FastestV2-0.2/SolarBoardData/images/train/good-d47d48f1-fe6f-11ed-9a5f-5c60ba7633ae_jpg.rf.1678a316cebd9e49368688f7516086fc.jpg'),
       WindowsPath('E:/Yolo-FastestV2-0.2/SolarBoardData/images/train/IMG_0419_jpg.rf.1cec7e4d4ecb446e80aec31bf50e872d.jpg'),
       WindowsPath('E:/Yolo-FastestV2-0.2/SolarBoardData/images/train/pv_crack-31-_jpg.rf.b30d72efcc9b36fae104ee3cdb45248b.jpg'),
       WindowsPath('E:/Yolo-FastestV2-0.2/SolarBoardData/images/train/Screenshot-2023-04-21-211102_png_jpg.rf.9c5a794ccb59aabf4a38ef2d4ae1329b.jpg'),
       WindowsPath('E:/Yolo-FastestV2-0.2/SolarBoardData/images/train/cracked-0675b62b-fe70-11ed-88cb-5c60ba7633ae_jpg.rf.21cb5792c60e3621acc693f0d11c88dc.jpg'),
       WindowsPath('E:/Yolo-FastestV2-0.2/SolarBoardData/images/train/IMG_0395_jpg.rf.665827a0a38ded9d3286fcde8a1b2e0c.jpg'),
       WindowsPath('E:/Yolo-FastestV2-0.2/SolarBoardData/images/train/IMG_8583_jpg.rf.3b505cb594db4b42a902129d9cdcee9e.jpg'),
       WindowsPath('E:/Yolo-FastestV2-0.2/SolarBoardData/images/train/cracked-f0c72d6f-fe6f-11ed-a636-5c60ba7633ae_jpg.rf.e8102177a6de8d4d9347262fa98704ab.jpg'),
       WindowsPath('E:/Yolo-FastestV2-0.2/SolarBoardData/images/train/IMG_0415_jpg.rf.2b034df113aafd3c8c4ef0d6dba4e440.jpg'),
       WindowsPath('E:/Yolo-FastestV2-0.2/SolarBoardData/images/train/IMG-20230418-WA0056_jpg.rf.b16578e7c18906303f0661ab61b3f4ea.jpg'),
       WindowsPath('E:/Yolo-FastestV2-0.2/SolarBoardData/images/train/Imgdirty_686_1_jpg.rf.51a15614be97f2dece063360d8178a07.jpg'),
       WindowsPath('E:/Yolo-FastestV2-0.2/SolarBoardData/images/train/Imgclean_34_0_jpg.rf.64564d21fee795b4a0ff7df8313e58bf.jpg'),
       WindowsPath('E:/Yolo-FastestV2-0.2/SolarBoardData/images/train/cracked-02d8e14c-fe70-11ed-8717-5c60ba7633ae_jpg.rf.85453ee9f2e2006058831a911d1e8ac0.jpg'),
       WindowsPath('E:/Yolo-FastestV2-0.2/SolarBoardData/images/train/pv_crack-170-_jpg.rf.7868f9923f3b7150533821f535ab8787.jpg'),
       WindowsPath('E:/Yolo-FastestV2-0.2/SolarBoardData/images/train/Rusak979_jpg.rf.420065aab6c1ade996558fb55cb335c4.jpg'),
       WindowsPath('E:/Yolo-FastestV2-0.2/SolarBoardData/images/train/IMG_0418_jpg.rf.ce1a2fd8fd97458d38106cc44f670fdb.jpg'),
       WindowsPath('E:/Yolo-FastestV2-0.2/SolarBoardData/images/train/Imgclean_34_0_jpg.rf.b301d27a6f9a2e324e177cb4fccd29b7.jpg'),
       WindowsPath('E:/Yolo-FastestV2-0.2/SolarBoardData/images/train/frame231_jpg.rf.6c70340886a35be58d26c90839cefc01.jpg'),
       WindowsPath('E:/Yolo-FastestV2-0.2/SolarBoardData/images/train/Imgclean_140_0_jpg.rf.fd77c226becd4abfd461b30596fbce61.jpg'),
       WindowsPath('E:/Yolo-FastestV2-0.2/SolarBoardData/images/train/Screenshot-2023-04-21-211119_png_jpg.rf.f86991243c72c3016332b701258b173a.jpg'),
       WindowsPath('E:/Yolo-FastestV2-0.2/SolarBoardData/images/train/Crack_222_jpg.rf.56dc0637c288772896652b7ec237aad1.jpg'),
       WindowsPath('E:/Yolo-FastestV2-0.2/SolarBoardData/images/train/IMG_0394_jpg.rf.b894f4b7646abd3053c288329547bb17.jpg'),
       WindowsPath('E:/Yolo-FastestV2-0.2/SolarBoardData/images/train/cracked-f464c296-fe6f-11ed-8a60-5c60ba7633ae_jpg.rf.4f895fafd61fdcccb26cb5237b0ba8ee.jpg'),
       WindowsPath('E:/Yolo-FastestV2-0.2/SolarBoardData/images/train/Crack_234_jpg.rf.ffb0d763158a09e6111a1dd59c67f89e.jpg'),
       WindowsPath('E:/Yolo-FastestV2-0.2/SolarBoardData/images/train/cracked-eef974b0-fe6f-11ed-9646-5c60ba7633ae_jpg.rf.7292e44c652363fa57a40ab715425c54.jpg'),
       WindowsPath('E:/Yolo-FastestV2-0.2/SolarBoardData/images/train/Screenshot-2023-04-01-180311_png_jpg.rf.7985574b0b0d2e5c041ee3f7c4dac229.jpg'),
       WindowsPath('E:/Yolo-FastestV2-0.2/SolarBoardData/images/train/WhatsApp-Image-2023-03-20-at-19-19-24_jpeg_jpg.rf.dbb3f9bdb3f17f454f332c361b3b338b.jpg'),
       WindowsPath('E:/Yolo-FastestV2-0.2/SolarBoardData/images/train/Imgdirty_683_1_jpg.rf.9d26c4e47eb14c8550b7952f7e6e2276.jpg'),
       WindowsPath('E:/Yolo-FastestV2-0.2/SolarBoardData/images/train/IMG_8617_jpg.rf.85b4123634395d11005b3c919ec4ec1d.jpg'),
       WindowsPath('E:/Yolo-FastestV2-0.2/SolarBoardData/images/train/IMG_20230323_165549_jpg.rf.8a9df427c019d8a4f58b2f467ee86f73.jpg'),
       WindowsPath('E:/Yolo-FastestV2-0.2/SolarBoardData/images/train/Imgdirty_499_1_jpg.rf.06b137e683af062804ef8f7fec814ef5.jpg'),
       WindowsPath('E:/Yolo-FastestV2-0.2/SolarBoardData/images/train/cracked-75-_jpg.rf.77af1927d2d6fb1d82737cdcff07f951.jpg'),
       WindowsPath('E:/Yolo-FastestV2-0.2/SolarBoardData/images/train/good-d0df07e1-fe6f-11ed-a98d-5c60ba7633ae_jpg.rf.b895e7324b7f46a1db5216309b85393d.jpg'),
       WindowsPath('E:/Yolo-FastestV2-0.2/SolarBoardData/images/train/IMG_20230324_163910_jpg.rf.684d3827b50e321865357f11b905ad18.jpg'),
       WindowsPath('E:/Yolo-FastestV2-0.2/SolarBoardData/images/train/Imgdirty_611_1_jpg.rf.5c8d259e49906ade1c61d0523ebd7fe9.jpg'),
       WindowsPath('E:/Yolo-FastestV2-0.2/SolarBoardData/images/train/Screenshot-2023-04-02-002333_png_jpg.rf.f16afa6d70ac793b3c5f425a1fd8b65e.jpg'),
       WindowsPath('E:/Yolo-FastestV2-0.2/SolarBoardData/images/train/cracked-0be0b6fb-fe70-11ed-b48f-5c60ba7633ae_jpg.rf.2cd4550fc4481f0d94f9bd80af38306b.jpg'),
       WindowsPath('E:/Yolo-FastestV2-0.2/SolarBoardData/images/train/Imgdirty_114_1_jpg.rf.8ac22944a96544c596c0d41dcb061c41.jpg'),
       WindowsPath('E:/Yolo-FastestV2-0.2/SolarBoardData/images/train/pv_crack-36-_jpg.rf.e32f9c1af816068c32fed99373b88dd9.jpg'),
       WindowsPath('E:/Yolo-FastestV2-0.2/SolarBoardData/images/train/WhatsApp-Image-2023-03-20-at-19-18-55-1-_jpeg_jpg.rf.2c729b8141a205f59302543effb2b1c1.jpg'),
       WindowsPath('E:/Yolo-FastestV2-0.2/SolarBoardData/images/train/photo_2023-07-19_16-27-43-2-_jpg.rf.7d77465b3b18d8637d35192c8ad62da1.jpg'),
       WindowsPath('E:/Yolo-FastestV2-0.2/SolarBoardData/images/train/Crack_249_jpg.rf.12cc86908405b1ff0dc07ded9fe1eaf0.jpg'),
       WindowsPath('E:/Yolo-FastestV2-0.2/SolarBoardData/images/train/pv_crack-97-_jpg.rf.8ec7caaeaee7cee78d26cdf1cc10fc8d.jpg'),
       WindowsPath('E:/Yolo-FastestV2-0.2/SolarBoardData/images/train/Imgdirty_531_1_jpg.rf.f4815249997a43278182f5bd49b3bae6.jpg'),
       WindowsPath('E:/Yolo-FastestV2-0.2/SolarBoardData/images/train/cracked-f6339856-fe6f-11ed-ad7d-5c60ba7633ae_jpg.rf.27af4e568c42735e8a464f6b1b8530c3.jpg'),
       WindowsPath('E:/Yolo-FastestV2-0.2/SolarBoardData/images/train/Screenshot-2023-04-02-001819_png_jpg.rf.0af33d731f9e89945f80f7f088b0e2bc.jpg'),
       WindowsPath('E:/Yolo-FastestV2-0.2/SolarBoardData/images/train/IMG_0401_jpg.rf.c465569e5d5f27fd9004ada33b57ecbe.jpg'),
       WindowsPath('E:/Yolo-FastestV2-0.2/SolarBoardData/images/train/good-dbb7c116-fe6f-11ed-8e77-5c60ba7633ae_jpg.rf.18e21bedc99f5bc6c2eeafc949f27f99.jpg'),
       WindowsPath('E:/Yolo-FastestV2-0.2/SolarBoardData/images/train/Screenshot-2023-04-18-012124_png_jpg.rf.0183d4dddfd73fe392947559c117caea.jpg'),
       WindowsPath('E:/Yolo-FastestV2-0.2/SolarBoardData/images/train/Screenshot-2023-04-01-180124_png_jpg.rf.dfc8f3541a9f18fb19a5f88f37a2ec1a.jpg'),
       WindowsPath('E:/Yolo-FastestV2-0.2/SolarBoardData/images/train/IMG_0391_jpg.rf.6b853677b1773fac9bc9679f1b2a52dd.jpg'),
       WindowsPath('E:/Yolo-FastestV2-0.2/SolarBoardData/images/train/Screenshot-2023-04-01-180950_png_jpg.rf.afffa7bfcc706c640fbaf43c60ec4882.jpg'),
       WindowsPath('E:/Yolo-FastestV2-0.2/SolarBoardData/images/train/cracked-430-_jpg.rf.fb5ceba8cb594c2eea3202d43c9822dd.jpg'),
       WindowsPath('E:/Yolo-FastestV2-0.2/SolarBoardData/images/train/IMG_0396_jpg.rf.fb959fe1b0c7206792c3fc8cd5b926b5.jpg'),
       WindowsPath('E:/Yolo-FastestV2-0.2/SolarBoardData/images/train/solar_Fri_Jun_30_12__34__28_2017_L_0-800202644022_I_0-32511372549_jpg.rf.a0d3ca77727ba71145765f372257e0f6.jpg'),
       WindowsPath('E:/Yolo-FastestV2-0.2/SolarBoardData/images/train/Screenshot-2023-04-02-002436_png_jpg.rf.274cb5a3d3203f90385734070d7e53a6.jpg'),
       WindowsPath('E:/Yolo-FastestV2-0.2/SolarBoardData/images/train/Imgdirty_226_1_jpg.rf.1ab4a57acdfe55b7e7f8768b3650bca3.jpg'),
       WindowsPath('E:/Yolo-FastestV2-0.2/SolarBoardData/images/train/cracked-f0c72d6f-fe6f-11ed-a636-5c60ba7633ae_jpg.rf.758fd0fca8a77096be6bd25bf620ee70.jpg'),
       WindowsPath('E:/Yolo-FastestV2-0.2/SolarBoardData/images/train/Imgdirty_500_1_jpg.rf.ec156f5ad95a63f7d71a95b18020ec7f.jpg'),
       WindowsPath('E:/Yolo-FastestV2-0.2/SolarBoardData/images/train/zxuKzaRpdJn5VvAkWuMVLROCKyv6N3dWa4w7o2XUZes-_plaintext_638173789917270213_jpg.rf.fd91efd9045c459d6c0231d9ea7208a6.jpg'),
       WindowsPath('E:/Yolo-FastestV2-0.2/SolarBoardData/images/train/indir-4-_jpg.rf.b91e0b32eaf04b6da1d6279e456190ca.jpg'),
       WindowsPath('E:/Yolo-FastestV2-0.2/SolarBoardData/images/train/cracked-55-_jpg.rf.b2f1b3a1ad1d6cc8fb5cb3470eb5de59.jpg'),
       WindowsPath('E:/Yolo-FastestV2-0.2/SolarBoardData/images/train/pv_crack-77-_jpg.rf.4897a0725f9f0b6681d1627505d5ed21.jpg'),
       WindowsPath('E:/Yolo-FastestV2-0.2/SolarBoardData/images/train/istockphoto-183037705-612x612_jpg.rf.30265af249b44058393deb907fe45316.jpg'),
       WindowsPath('E:/Yolo-FastestV2-0.2/SolarBoardData/images/train/solar_Fri_Jun_16_10__23__26_2017_L_0-869221820853_I_0-384305882353_jpg.rf.78328b69d1de26b0388aa02f1805766c.jpg'),
       WindowsPath('E:/Yolo-FastestV2-0.2/SolarBoardData/images/train/photo_2023-07-19_16-27-29_jpg.rf.bcfd48ef6f988378ebe9342ccef9e24b.jpg'),
       WindowsPath('E:/Yolo-FastestV2-0.2/SolarBoardData/images/train/solar_Fri_Jun_16_12__21__57_2017_L_0-59011406463_I_0-782494117647_jpg.rf.5c57885965bf439c869b9cd07f52f4c9.jpg'),
       WindowsPath('E:/Yolo-FastestV2-0.2/SolarBoardData/images/train/Screenshot-2023-04-02-001800_png_jpg.rf.bf232756050e631810c685a87be8c632.jpg'),
       WindowsPath('E:/Yolo-FastestV2-0.2/SolarBoardData/images/train/pv_crack-24-_jpg.rf.52f1ccde534deb531ec80b78e208e0ba.jpg'),
       WindowsPath('E:/Yolo-FastestV2-0.2/SolarBoardData/images/train/Imgdirty_1046_1_jpg.rf.b25246175c77be7331f8b0b98b094b08.jpg'),
       WindowsPath('E:/Yolo-FastestV2-0.2/SolarBoardData/images/train/good-c9a4e5a6-fe6f-11ed-8112-5c60ba7633ae_jpg.rf.3e947ca6aec192804989e4181ccc92e6.jpg'),
       WindowsPath('E:/Yolo-FastestV2-0.2/SolarBoardData/images/train/good-d9e936a6-fe6f-11ed-86e2-5c60ba7633ae_jpg.rf.d992dfabcdff4d70a3808dce02d7c9b5.jpg'),
       WindowsPath('E:/Yolo-FastestV2-0.2/SolarBoardData/images/train/IMG_0391_jpg.rf.d0ee01ffea78f37bfdb5f3cf79cf4b22.jpg'),
       WindowsPath('E:/Yolo-FastestV2-0.2/SolarBoardData/images/train/Imgdirty_1028_1_jpg.rf.0956b4b322d472c04d8193d6d92365ba.jpg'),
       WindowsPath('E:/Yolo-FastestV2-0.2/SolarBoardData/images/train/good-d47d48f1-fe6f-11ed-9a5f-5c60ba7633ae_jpg.rf.8a69192fba4e961a7c21e3d23decdfc0.jpg'),
       WindowsPath('E:/Yolo-FastestV2-0.2/SolarBoardData/images/train/Imgdirty_890_1_jpg.rf.5f31ae7f77fddf387c6d222427265c45.jpg'),
       WindowsPath('E:/Yolo-FastestV2-0.2/SolarBoardData/images/train/Imgclean_140_0_jpg.rf.78e3ec690117554d59bda7e2124b231d.jpg'),
       WindowsPath('E:/Yolo-FastestV2-0.2/SolarBoardData/images/train/IMG_8593_jpg.rf.299614a1a2b518d02bac2ace8868c928.jpg'),
       WindowsPath('E:/Yolo-FastestV2-0.2/SolarBoardData/images/train/Rusak918_jpg.rf.3a4f0ddfa92b5f87ca9b6c916b9b41dc.jpg'),
       WindowsPath('E:/Yolo-FastestV2-0.2/SolarBoardData/images/train/WhatsApp-Image-2023-03-20-at-19-19-29-1-_jpeg_jpg.rf.c3aebee7a75ff49bae30b5f80b85f40a.jpg'),
       WindowsPath('E:/Yolo-FastestV2-0.2/SolarBoardData/images/train/Imgdirty_868_1_jpg.rf.aec8ff3d18980e4c6e9e8d6e96560f0f.jpg'),
       WindowsPath('E:/Yolo-FastestV2-0.2/SolarBoardData/images/train/cracked-240-_jpg.rf.45137a8fe0125295538149757bbe5d8d.jpg'),
       WindowsPath('E:/Yolo-FastestV2-0.2/SolarBoardData/images/train/IMG_0414_jpg.rf.1aca051a35153b4a85f713ddc0c53279.jpg'),
       WindowsPath('E:/Yolo-FastestV2-0.2/SolarBoardData/images/train/IMG_20230325_113913_jpg.rf.c7d056bc5255111c8b30cd15eb94fbe6.jpg'),
       WindowsPath('E:/Yolo-FastestV2-0.2/SolarBoardData/images/train/pv_crack-154-_jpg.rf.f7b72b3d3b16b54bd9822747658a3b9e.jpg'),
       WindowsPath('E:/Yolo-FastestV2-0.2/SolarBoardData/images/train/Screenshot-2023-04-18-044452_png_jpg.rf.41323611054ccd92c4fc2a93856b7338.jpg'),
       WindowsPath('E:/Yolo-FastestV2-0.2/SolarBoardData/images/train/IMG_8574_jpg.rf.3f24f6c6edeb7d7398609ee5d31cf11a.jpg'),
       WindowsPath('E:/Yolo-FastestV2-0.2/SolarBoardData/images/train/Screenshot-2023-04-02-000524_png_jpg.rf.6ba5e6bb8ec2aeb891d4419365cdb0c4.jpg'),
       WindowsPath('E:/Yolo-FastestV2-0.2/SolarBoardData/images/train/WhatsApp-Image-2023-03-20-at-19-19-21_jpeg_jpg.rf.d425acab813fc24964af9fb4a328040b.jpg'),
       WindowsPath('E:/Yolo-FastestV2-0.2/SolarBoardData/images/train/Imgdirty_535_1_jpg.rf.8ae2603cba8425aab59f375c5b663910.jpg'),
       WindowsPath('E:/Yolo-FastestV2-0.2/SolarBoardData/images/train/pv_crack-38-_jpg.rf.ec4816b68690dd7f77fca6c99201963f.jpg'),
       WindowsPath('E:/Yolo-FastestV2-0.2/SolarBoardData/images/train/solar_Wed_Jun_21_8__46__46_2017_L_0-331512296823_I_0-406290196078_jpg.rf.a104b499b5c7566f0e1125e647c1c5aa.jpg'),
       WindowsPath('E:/Yolo-FastestV2-0.2/SolarBoardData/images/train/Screenshot-2023-04-21-211949_png_jpg.rf.dc56ebf8947b2843ce839e7393a3f200.jpg'),
       WindowsPath('E:/Yolo-FastestV2-0.2/SolarBoardData/images/train/photo_2023-07-19_16-27-42_jpg.rf.5127410679d8223ce5355313909b09a5.jpg'),
       WindowsPath('E:/Yolo-FastestV2-0.2/SolarBoardData/images/train/solar_Fri_Jun_16_14__9__15_2017_L_0-595394736842_I_0-271811764706_jpg.rf.a1f2614482259fcf08f622df185ecca0.jpg'),
       WindowsPath('E:/Yolo-FastestV2-0.2/SolarBoardData/images/train/pv_crack-37-_jpg.rf.daa23787030e040cf6b747f9f733c947.jpg'),
       WindowsPath('E:/Yolo-FastestV2-0.2/SolarBoardData/images/train/good-c9a4e5a6-fe6f-11ed-8112-5c60ba7633ae_jpg.rf.9385badac014e93168348de03c82be0a.jpg'),
       WindowsPath('E:/Yolo-FastestV2-0.2/SolarBoardData/images/train/IMG_20230324_112755_jpg.rf.9e960c4c8179b6529c0785cdee822834.jpg'),
       WindowsPath('E:/Yolo-FastestV2-0.2/SolarBoardData/images/train/good-a1ef5a32-fe6f-11ed-981d-5c60ba7633ae_jpg.rf.b5ddcc965111c8304e2171bc782239e6.jpg'),
       WindowsPath('E:/Yolo-FastestV2-0.2/SolarBoardData/images/train/IMG_20230323_171008_jpg.rf.a2124661f308e36b81f53733800575a4.jpg'),
       WindowsPath('E:/Yolo-FastestV2-0.2/SolarBoardData/images/train/pv_crack-13-_jpg.rf.4cb237e6877bee2d40f77e7b53db3f8e.jpg'),
       WindowsPath('E:/Yolo-FastestV2-0.2/SolarBoardData/images/train/pv_crack-176-_jpg.rf.8cc38852162f277d50eaf91609d4f12f.jpg'),
       WindowsPath('E:/Yolo-FastestV2-0.2/SolarBoardData/images/train/IMG_20230324_174730_jpg.rf.1b88a8347c9ca62fdec7b8c9cd121ca7.jpg'),
       WindowsPath('E:/Yolo-FastestV2-0.2/SolarBoardData/images/train/WhatsApp-Image-2023-03-20-at-19-19-22-2-_jpeg_jpg.rf.99b152aaecaa445b3fd52aed43c82ac1.jpg'),
       WindowsPath('E:/Yolo-FastestV2-0.2/SolarBoardData/images/train/pv_crack-9-_jpg.rf.211696d54b214035d96d2c375355784b.jpg'),
       WindowsPath('E:/Yolo-FastestV2-0.2/SolarBoardData/images/train/IMG-20230418-WA0039_jpg.rf.86bdace1cb12abd674c66ceda3f18a51.jpg'),
       WindowsPath('E:/Yolo-FastestV2-0.2/SolarBoardData/images/train/Screenshot-2023-04-01-180124_png_jpg.rf.8063d18c0dd884e54999837e8fb7d222.jpg'),
       WindowsPath('E:/Yolo-FastestV2-0.2/SolarBoardData/images/train/solar_Fri_Jun_16_14__3__26_2017_L_0-672714217014_I_0-595282352941_jpg.rf.45f6c103dce190be115b9425680c1f66.jpg'),
       WindowsPath('E:/Yolo-FastestV2-0.2/SolarBoardData/images/train/Imgdirty_1_1_jpg.rf.43a510da2c53aa575062431a7a012ba5.jpg'),
       WindowsPath('E:/Yolo-FastestV2-0.2/SolarBoardData/images/train/pv_crack-13-_jpg.rf.f44de00acf14e8e8ef80c62f55332b81.jpg'),
       WindowsPath('E:/Yolo-FastestV2-0.2/SolarBoardData/images/train/Screenshot-2023-04-01-180950_png_jpg.rf.e3c97e22be1486d94ff9032315b7e54d.jpg'),
       WindowsPath('E:/Yolo-FastestV2-0.2/SolarBoardData/images/train/Imgdirty_188_1_jpg.rf.3f7c5f543d39ad32773f8288f89deffd.jpg'),
       WindowsPath('E:/Yolo-FastestV2-0.2/SolarBoardData/images/train/solar_Thu_Jun_15_14__49__5_2017_L_0-321710600182_I_0-314349019608_jpg.rf.cc19d02c4c3d3c668834c0dffff61d24.jpg'),
       WindowsPath('E:/Yolo-FastestV2-0.2/SolarBoardData/images/train/Imgdirty_732_1_jpg.rf.a9e6c60ee39b05102c914472b9cf4d8f.jpg'),
       WindowsPath('E:/Yolo-FastestV2-0.2/SolarBoardData/images/train/cracked-f6339856-fe6f-11ed-ad7d-5c60ba7633ae_jpg.rf.790bd800c48a9ede99fe30e7f7559df7.jpg'),
       WindowsPath('E:/Yolo-FastestV2-0.2/SolarBoardData/images/train/Imgdirty_522_1_jpg.rf.1c20dd076dadc5832fffaa982cce40cc.jpg'),
       WindowsPath('E:/Yolo-FastestV2-0.2/SolarBoardData/images/train/photo_2023-07-19_16-27-45-2-_jpg.rf.04c7c645e89fb32eabfd99546eee7283.jpg'),
       WindowsPath('E:/Yolo-FastestV2-0.2/SolarBoardData/images/train/good-e2f2a720-fe6f-11ed-9edc-5c60ba7633ae_jpg.rf.c8e3b8585204fa31944de73520376d1a.jpg'),
       WindowsPath('E:/Yolo-FastestV2-0.2/SolarBoardData/images/train/Imgdirty_0_1_jpg.rf.d486d5e8f13c246f70e9c7fe9fc037b4.jpg'),
       WindowsPath('E:/Yolo-FastestV2-0.2/SolarBoardData/images/train/WhatsApp-Image-2023-03-20-at-19-18-55-2-_jpeg_jpg.rf.8e39dc41fc790e20b7af69111e5902ef.jpg'),
       WindowsPath('E:/Yolo-FastestV2-0.2/SolarBoardData/images/train/IMG_0399_jpg.rf.db9eb81c36f29eb458e9a9c3bf6707de.jpg'),
       WindowsPath('E:/Yolo-FastestV2-0.2/SolarBoardData/images/train/Screenshot-2023-04-02-002212_png.rf.07a668ae15d85edb7b875b3ed69a9aa1.jpg'),
       WindowsPath('E:/Yolo-FastestV2-0.2/SolarBoardData/images/train/good-d0df07e1-fe6f-11ed-a98d-5c60ba7633ae_jpg.rf.86b6fb5edb3656b365c3cfec29b04166.jpg'),
       WindowsPath('E:/Yolo-FastestV2-0.2/SolarBoardData/images/train/IMG_0424_jpg.rf.599251bb0fc82c85bdf6e0180a0d71cb.jpg'),
       WindowsPath('E:/Yolo-FastestV2-0.2/SolarBoardData/images/train/IMG_0440_jpg.rf.346decb440a1a84a5d1c387c5540f16f.jpg'),
       WindowsPath('E:/Yolo-FastestV2-0.2/SolarBoardData/images/train/Crack_233_jpg.rf.64b9f7c68a2d52d38471783e19b6f0e6.jpg'),
       WindowsPath('E:/Yolo-FastestV2-0.2/SolarBoardData/images/train/WhatsApp-Image-2023-03-20-at-19-19-21_jpeg_jpg.rf.966f19845c70844198d55b7bfe18a06e.jpg'),
       WindowsPath('E:/Yolo-FastestV2-0.2/SolarBoardData/images/train/pv_crack-134-_jpg.rf.556f4473523938c229eaeda047960de5.jpg'),
       WindowsPath('E:/Yolo-FastestV2-0.2/SolarBoardData/images/train/cracked-303-_jpg.rf.f7e3b4978987b8dd488656f8c101726c.jpg'),
       WindowsPath('E:/Yolo-FastestV2-0.2/SolarBoardData/images/train/IMG_20230323_170344_jpg.rf.1aa6d0046363db3053c52068771ef24a.jpg'),
       WindowsPath('E:/Yolo-FastestV2-0.2/SolarBoardData/images/train/good-e2f2a720-fe6f-11ed-9edc-5c60ba7633ae_jpg.rf.b3d9d66e6232bdd4c3e895ef8e6393c7.jpg'),
       WindowsPath('E:/Yolo-FastestV2-0.2/SolarBoardData/images/train/IMG_20230324_171619_jpg.rf.34100a56648f190e14f7279e9ab75e43.jpg'),
       WindowsPath('E:/Yolo-FastestV2-0.2/SolarBoardData/images/train/cracked-f0c72d6f-fe6f-11ed-a636-5c60ba7633ae_jpg.rf.8012be78f5bf5412478e0231d57cafac.jpg'),
       WindowsPath('E:/Yolo-FastestV2-0.2/SolarBoardData/images/train/cracked-421-_jpg.rf.ce71d798c2701291d9e9789546d2d984.jpg'),
       WindowsPath('E:/Yolo-FastestV2-0.2/SolarBoardData/images/train/IMG_0416_jpg.rf.4ff075ccb32523ca87320ba7c97f0a05.jpg'),
       WindowsPath('E:/Yolo-FastestV2-0.2/SolarBoardData/images/train/IMG_20230324_115344_jpg.rf.3837ec9271283a5b7e3883f9a082df96.jpg'),
       WindowsPath('E:/Yolo-FastestV2-0.2/SolarBoardData/images/train/1677069179169_jpg.rf.f38d61346a3c1549707b3ac0b0107e96.jpg'),
       WindowsPath('E:/Yolo-FastestV2-0.2/SolarBoardData/images/train/pv_crack-26-_jpg.rf.6f818191d5d1c7f40ecda9048bf521bd.jpg'),
       WindowsPath('E:/Yolo-FastestV2-0.2/SolarBoardData/images/train/Rusak874_jpg.rf.73ef20aae96c22452923adf8137db456.jpg'),
       WindowsPath('E:/Yolo-FastestV2-0.2/SolarBoardData/images/train/IMG_20230324_113753_jpg.rf.4241297f8a85b2ca78d509a83dd29983.jpg'),
       WindowsPath('E:/Yolo-FastestV2-0.2/SolarBoardData/images/train/IMG_0440_jpg.rf.209be312018d2c2c4a4d92d6816ca800.jpg'),
       WindowsPath('E:/Yolo-FastestV2-0.2/SolarBoardData/images/train/cracked-60-_jpg.rf.89910c003dd4d951a93755f0857ad9d3.jpg'),
       WindowsPath('E:/Yolo-FastestV2-0.2/SolarBoardData/images/train/cracked-0be0b6fb-fe70-11ed-b48f-5c60ba7633ae_jpg.rf.bfcbb9afca8b2bd4f61e64554eb0ee54.jpg'),
       WindowsPath('E:/Yolo-FastestV2-0.2/SolarBoardData/images/train/WhatsApp-Image-2023-03-20-at-19-19-21-1-_jpeg_jpg.rf.02d8d6bcfbb80835dd622eda203b95b9.jpg'),
       WindowsPath('E:/Yolo-FastestV2-0.2/SolarBoardData/images/train/Rusak892_jpg.rf.b5d98ba420c9a5beb94230cc728bad1d.jpg'),
       WindowsPath('E:/Yolo-FastestV2-0.2/SolarBoardData/images/train/good-a1ef5a32-fe6f-11ed-981d-5c60ba7633ae_jpg.rf.89b790120493e4bad217789d0d197e0f.jpg'),
       WindowsPath('E:/Yolo-FastestV2-0.2/SolarBoardData/images/train/cracked-ff3c284a-fe6f-11ed-9a94-5c60ba7633ae_jpg.rf.ca59ecef25742fcb5e0d4bda97f8d48f.jpg'),
       WindowsPath('E:/Yolo-FastestV2-0.2/SolarBoardData/images/train/cracked-fba08fe1-fe6f-11ed-9db8-5c60ba7633ae_jpg.rf.dd108a8e41ad209512af4138d5f46e3a.jpg'),
       WindowsPath('E:/Yolo-FastestV2-0.2/SolarBoardData/images/train/good-dbb7c116-fe6f-11ed-8e77-5c60ba7633ae_jpg.rf.33bc45934a0390bcae5232c30e445d23.jpg'),
       WindowsPath('E:/Yolo-FastestV2-0.2/SolarBoardData/images/train/photo_2023-07-19_16-27-32_jpg.rf.155cb785f4080d7cbe790d40e8139ea9.jpg'),
       WindowsPath('E:/Yolo-FastestV2-0.2/SolarBoardData/images/train/Imgdirty_142_1_jpg.rf.fa03bb9238e4c3f916ebb9961595ca53.jpg'),
       WindowsPath('E:/Yolo-FastestV2-0.2/SolarBoardData/images/train/photo_2023-07-19_16-27-25_jpg.rf.edb4ccd909dac49752dc1fc085a4c37a.jpg'),
       WindowsPath('E:/Yolo-FastestV2-0.2/SolarBoardData/images/train/131A7_WqH9V1JBEH8D5EV-xB7X2CM1OleZ_DDx7NNUU-_plaintext_638173789917439624_jpg.rf.5a38049691c3a5c309fba34b6e162d93.jpg'),
       WindowsPath('E:/Yolo-FastestV2-0.2/SolarBoardData/images/train/IMG_0414_jpg.rf.569f4fa51aa0eac8478ddc38d8b07a66.jpg'),
       WindowsPath('E:/Yolo-FastestV2-0.2/SolarBoardData/images/train/Crack_257_jpg.rf.7766f8857a7c8f8f7451420d30ec95c2.jpg'),
       WindowsPath('E:/Yolo-FastestV2-0.2/SolarBoardData/images/train/IMG_20230319222014_4133078441130112954-jpg_51_jpg.rf.e285b5d68271af578d17382461ff4a3f.jpg'),
       WindowsPath('E:/Yolo-FastestV2-0.2/SolarBoardData/images/train/solar_Fri_Jun_30_15__24__43_2017_L_0-570904681925_I_0-394592156863_jpg.rf.da9feda84b769e7b1e29b728a74d525e.jpg'),
       WindowsPath('E:/Yolo-FastestV2-0.2/SolarBoardData/images/train/pv_crack-130-_jpg.rf.a7720b84cbfb7af744bddce8b861eea0.jpg'),
       WindowsPath('E:/Yolo-FastestV2-0.2/SolarBoardData/images/train/pv_crack-159-_jpg.rf.e435fbb4f604c6d12a05b21efd62b51c.jpg'),
       WindowsPath('E:/Yolo-FastestV2-0.2/SolarBoardData/images/train/IMG_0415_jpg.rf.c870083a634e55bf49f560f5db6d15bf.jpg'),
       WindowsPath('E:/Yolo-FastestV2-0.2/SolarBoardData/images/train/cracked-316-_jpg.rf.a0df19bba5dde4422fa322570ade08b5.jpg'),
       WindowsPath('E:/Yolo-FastestV2-0.2/SolarBoardData/images/train/Imgclean_292_0_jpg.rf.c36d31455c5b94f871205a614253c037.jpg'),
       WindowsPath('E:/Yolo-FastestV2-0.2/SolarBoardData/images/train/Crack_212_jpg.rf.08f877549aa11a4381fe28e804722fb5.jpg'),
       WindowsPath('E:/Yolo-FastestV2-0.2/SolarBoardData/images/train/Screenshot-2023-04-02-050019_png_jpg.rf.e5caeca11f920b9ac53a1c324987f6ad.jpg'),
       WindowsPath('E:/Yolo-FastestV2-0.2/SolarBoardData/images/train/pv_crack-7-_jpg.rf.4a343366e223686c6e1ca5bdde8b4783.jpg'),
       WindowsPath('E:/Yolo-FastestV2-0.2/SolarBoardData/images/train/WhatsApp-Image-2023-03-20-at-19-19-23-2-_jpeg_jpg.rf.57d146ac8c3337b1ffb61960db73641e.jpg'),
       WindowsPath('E:/Yolo-FastestV2-0.2/SolarBoardData/images/train/Screenshot-2023-04-02-002333_png_jpg.rf.4d6f36ac59f6aca183a2db68112e21bb.jpg'),
       WindowsPath('E:/Yolo-FastestV2-0.2/SolarBoardData/images/train/cracked-88-_jpg.rf.a8f4ffd32c576ef553e87d0cfbef368b.jpg'),
       WindowsPath('E:/Yolo-FastestV2-0.2/SolarBoardData/images/train/cracked-02d8e14c-fe70-11ed-8717-5c60ba7633ae_jpg.rf.c1bd89c544e51e4253633ca8f4eaae67.jpg'),
       WindowsPath('E:/Yolo-FastestV2-0.2/SolarBoardData/images/train/Imgdirty_899_1_jpg.rf.9c2295ebff59d536c488e900a08212bc.jpg'),
       WindowsPath('E:/Yolo-FastestV2-0.2/SolarBoardData/images/train/IMG_0418_jpg.rf.8eb8d57e7a23b8c27e570a77e90c1c1c.jpg'),
       WindowsPath('E:/Yolo-FastestV2-0.2/SolarBoardData/images/train/WhatsApp-Image-2023-03-20-at-19-19-23_jpeg_jpg.rf.afe2901b7ca4d63259f0137045cae430.jpg'),
       WindowsPath('E:/Yolo-FastestV2-0.2/SolarBoardData/images/train/IMG_0448_jpg.rf.0bec309c29b9e155868e881f5fa8d8e8.jpg'),
       WindowsPath('E:/Yolo-FastestV2-0.2/SolarBoardData/images/train/Imgdirty_940_1_jpg.rf.92ce3a7d140d5518c95b0ffb79c54c0d.jpg'),
       WindowsPath('E:/Yolo-FastestV2-0.2/SolarBoardData/images/train/good-cf110245-fe6f-11ed-affd-5c60ba7633ae_jpg.rf.f4233c065736a3e50cd127d5a966140c.jpg'),
       WindowsPath('E:/Yolo-FastestV2-0.2/SolarBoardData/images/train/Screenshot-2023-04-02-002333_png_jpg.rf.0deea6dc03a88793ba55980bd2e3a4f0.jpg'),
       WindowsPath('E:/Yolo-FastestV2-0.2/SolarBoardData/images/train/cracked-73-_jpg.rf.dfe6ccaef1735a583322e45d5094892c.jpg'),
       WindowsPath('E:/Yolo-FastestV2-0.2/SolarBoardData/images/train/images-33-_jpg.rf.ce629c34af5b72557acad28a3b2d138f.jpg'),
       WindowsPath('E:/Yolo-FastestV2-0.2/SolarBoardData/images/train/cracked-39-_jpg.rf.8bff545fca684075c83e8952482cd9a3.jpg'),
       WindowsPath('E:/Yolo-FastestV2-0.2/SolarBoardData/images/train/pv_crack-4-_jpg.rf.5e733cdf13e1aa6115c6ff29984f4abc.jpg'),
       WindowsPath('E:/Yolo-FastestV2-0.2/SolarBoardData/images/train/Screenshot-2023-04-21-211949_png_jpg.rf.c71b10ea0e41cc48d0984d29ecfc67a7.jpg'),
       WindowsPath('E:/Yolo-FastestV2-0.2/SolarBoardData/images/train/IMG_0433_jpg.rf.66ebf54a6f253a1cc03a9f72ff9d26a0.jpg'),
       WindowsPath('E:/Yolo-FastestV2-0.2/SolarBoardData/images/train/Imgdirty_1055_1_jpg.rf.655513815b196780a0798cea3d1ec4a4.jpg'),
       WindowsPath('E:/Yolo-FastestV2-0.2/SolarBoardData/images/train/Crack_236_jpg.rf.20320937e6ca21518c27456361f3480e.jpg'),
       WindowsPath('E:/Yolo-FastestV2-0.2/SolarBoardData/images/train/Imgdirty_140_1_jpg.rf.48d4ae46be6c36ab3b811b1d4ee8b7f9.jpg'),
       WindowsPath('E:/Yolo-FastestV2-0.2/SolarBoardData/images/train/Imgdirty_741_1_jpg.rf.4681d8aac5386b83680ea0845d79c24b.jpg'),
       WindowsPath('E:/Yolo-FastestV2-0.2/SolarBoardData/images/train/Imgdirty_460_1_jpg.rf.047113bcaae1ff38e515a647a4ba6cf5.jpg'),
       WindowsPath('E:/Yolo-FastestV2-0.2/SolarBoardData/images/train/pv_crack-24-_jpg.rf.0c0d0dd21035e4e7545f12e3093b3a2b.jpg'),
       WindowsPath('E:/Yolo-FastestV2-0.2/SolarBoardData/images/train/Imgdirty_148_1_jpg.rf.3eec610ba063d69cf5c039f160dc3708.jpg'),
       WindowsPath('E:/Yolo-FastestV2-0.2/SolarBoardData/images/train/solar_Tue_Jun_13_16__20__22_2017_L_0-0948649106257_I_0-162129411765_jpg.rf.1701275dcf25ee3855de76e4379361cc.jpg'),
       WindowsPath('E:/Yolo-FastestV2-0.2/SolarBoardData/images/train/IMG_20230324_114327_jpg.rf.b093baf91dd1546f77f70f4b5f299636.jpg'),
       WindowsPath('E:/Yolo-FastestV2-0.2/SolarBoardData/images/train/Screenshot-2023-04-01-180510_png_jpg.rf.e5c006a73ee8c199f84ea9e8fa4bf514.jpg'),
       WindowsPath('E:/Yolo-FastestV2-0.2/SolarBoardData/images/train/Imgdirty_405_1_jpg.rf.4566b5ecbac035239e5e39f3f7fe6f05.jpg'),
       WindowsPath('E:/Yolo-FastestV2-0.2/SolarBoardData/images/train/Screenshot-2023-04-02-001348_png_jpg.rf.0197bec402750d3cbe7948523f2f4466.jpg'),
       WindowsPath('E:/Yolo-FastestV2-0.2/SolarBoardData/images/train/cracked-406-_jpg.rf.32a383397d6bc3fcc02236a6ae3eec78.jpg'),
       WindowsPath('E:/Yolo-FastestV2-0.2/SolarBoardData/images/train/IMG_20230324_115035_jpg.rf.2fcfa51c972f797716e139f5b10f45a2.jpg'),
       WindowsPath('E:/Yolo-FastestV2-0.2/SolarBoardData/images/train/good-e2f2a720-fe6f-11ed-9edc-5c60ba7633ae_jpg.rf.74e43c28298e2b28e392360c99184e39.jpg'),
       WindowsPath('E:/Yolo-FastestV2-0.2/SolarBoardData/images/train/Imgdirty_1047_1_jpg.rf.06a72eb1b6f7896bd4a79b340b4096f9.jpg'),
       WindowsPath('E:/Yolo-FastestV2-0.2/SolarBoardData/images/train/WhatsApp-Image-2023-03-20-at-19-19-29-1-_jpeg_jpg.rf.1ca5794007b1287a76657ecd06720f3b.jpg'),
       WindowsPath('E:/Yolo-FastestV2-0.2/SolarBoardData/images/train/cracked-86-_jpg.rf.51495102da61cb3561525d0f0f7e59ff.jpg'),
       WindowsPath('E:/Yolo-FastestV2-0.2/SolarBoardData/images/train/good-e2f2a720-fe6f-11ed-9edc-5c60ba7633ae_jpg.rf.e7462a81fc85d5057f50f6fa2db8525c.jpg'),
       WindowsPath('E:/Yolo-FastestV2-0.2/SolarBoardData/images/train/pv_crack-16-_jpg.rf.db24eafc9928aab552d18c394040ca53.jpg'),
       WindowsPath('E:/Yolo-FastestV2-0.2/SolarBoardData/images/train/Screenshot-2023-04-18-044452_png_jpg.rf.1f0dfed41102e53895ee5cc8caa474d2.jpg'),
       WindowsPath('E:/Yolo-FastestV2-0.2/SolarBoardData/images/train/images-33-_jpg.rf.c8414938c5201d5415b56548e7859b5b.jpg'),
       WindowsPath('E:/Yolo-FastestV2-0.2/SolarBoardData/images/train/good-e6914200-fe6f-11ed-8a99-5c60ba7633ae_jpg.rf.4cdc0a7e9741997457412fe029934b34.jpg'),
       WindowsPath('E:/Yolo-FastestV2-0.2/SolarBoardData/images/train/IMG-20230418-WA0031_jpg.rf.906cb036e91f2db43119cd42f4ef182b.jpg'),
       WindowsPath('E:/Yolo-FastestV2-0.2/SolarBoardData/images/train/cracked-418-_jpg.rf.4cf479652b9b0635252f4a9706de8008.jpg'),
       WindowsPath('E:/Yolo-FastestV2-0.2/SolarBoardData/images/train/IMG_0401_jpg.rf.f80e3450113ebeebb7a13e59ca8242e8.jpg'),
       WindowsPath('E:/Yolo-FastestV2-0.2/SolarBoardData/images/train/Screenshot-2023-04-02-000611_png_jpg.rf.66dd50a36c2b77a07334514549c3eeeb.jpg'),
       WindowsPath('E:/Yolo-FastestV2-0.2/SolarBoardData/images/train/IMG_0448_jpg.rf.235b023317bcdd0cc6834c7d75b3bfe2.jpg'),
       WindowsPath('E:/Yolo-FastestV2-0.2/SolarBoardData/images/train/WhatsApp-Image-2023-03-20-at-19-19-28_jpeg_jpg.rf.a7f7ae1b823aeb47eb27f8d5f898b260.jpg'),
       WindowsPath('E:/Yolo-FastestV2-0.2/SolarBoardData/images/train/1677069179169_jpg.rf.89894fed554f056a35969a9aebea28cd.jpg'),
       WindowsPath('E:/Yolo-FastestV2-0.2/SolarBoardData/images/train/IMG-20230418-WA0018_jpg.rf.77bdbdb4098ec079f0d6bffc972e2160.jpg'),
       WindowsPath('E:/Yolo-FastestV2-0.2/SolarBoardData/images/train/Crack_204_jpg.rf.4e5a75b5be96e99fd00a51cc0bd7d2d7.jpg'),
       WindowsPath('E:/Yolo-FastestV2-0.2/SolarBoardData/images/train/Screenshot-2023-04-02-002532_png_jpg.rf.ec382a9b1a5745562e19efce6a9fbcd1.jpg'),
       WindowsPath('E:/Yolo-FastestV2-0.2/SolarBoardData/images/train/Screenshot-2023-04-21-211949_png_jpg.rf.b1b30be2f22d1ab0e4b5e5b7f4681ded.jpg'),
       WindowsPath('E:/Yolo-FastestV2-0.2/SolarBoardData/images/train/pv_crack-179-_jpg.rf.ce49a7adc1ef8b7d016a2c94330911c8.jpg'),
       WindowsPath('E:/Yolo-FastestV2-0.2/SolarBoardData/images/train/WhatsApp-Image-2023-03-20-at-19-19-29-2-_jpeg_jpg.rf.ba4e600f81c9a6df59d67173b3d33600.jpg'),
       WindowsPath('E:/Yolo-FastestV2-0.2/SolarBoardData/images/train/pv_crack-106-_jpg.rf.60301f90011c53a2aac14e812fd9b0ce.jpg'),
       WindowsPath('E:/Yolo-FastestV2-0.2/SolarBoardData/images/train/good-e4c24e15-fe6f-11ed-986d-5c60ba7633ae_jpg.rf.c8468bec04d7b94955841fc39a346e8e.jpg'),
       WindowsPath('E:/Yolo-FastestV2-0.2/SolarBoardData/images/train/Imgdirty_554_1_jpg.rf.dcdb229781a0761c36b93467fa56d6de.jpg'),
       WindowsPath('E:/Yolo-FastestV2-0.2/SolarBoardData/images/train/Screenshot-2023-04-01-180950_png_jpg.rf.71eabfc0913000041127faa522a21ce8.jpg'),
       WindowsPath('E:/Yolo-FastestV2-0.2/SolarBoardData/images/train/pv_crack-122-_jpg.rf.c29d365a6aafb521915eff6a82547dee.jpg'),
       WindowsPath('E:/Yolo-FastestV2-0.2/SolarBoardData/images/train/Screenshot-2023-04-02-002436_png_jpg.rf.d66c4b922abe705622a8a8ee378baa07.jpg'),
       WindowsPath('E:/Yolo-FastestV2-0.2/SolarBoardData/images/train/IMG_0418_jpg.rf.b0c35047900376d739d3458bbbbf9aaf.jpg'),
       WindowsPath('E:/Yolo-FastestV2-0.2/SolarBoardData/images/train/Screenshot-2023-04-18-011947_png_jpg.rf.6892ed38e623cf5830a43fd68c1be042.jpg'),
       WindowsPath('E:/Yolo-FastestV2-0.2/SolarBoardData/images/train/Screenshot-2023-04-18-012044_png_jpg.rf.043cabc098f891845185a7bb7ae20d5d.jpg'),
       WindowsPath('E:/Yolo-FastestV2-0.2/SolarBoardData/images/train/cracked-428-_jpg.rf.c2245506e495462d0ff78d7f9740eb47.jpg'),
       WindowsPath('E:/Yolo-FastestV2-0.2/SolarBoardData/images/train/IMG_20230324_112151_jpg.rf.b758468b4e8a9882b7af6e1d4accb46f.jpg'),
       WindowsPath('E:/Yolo-FastestV2-0.2/SolarBoardData/images/train/cracked-ff3c284a-fe6f-11ed-9a94-5c60ba7633ae_jpg.rf.8e2248cb928aef31558dfe2665645b69.jpg'),
       WindowsPath('E:/Yolo-FastestV2-0.2/SolarBoardData/images/train/pv_crack-76-_jpg.rf.0210dd80d45f75e686f6af5245d8fa6a.jpg'),
       WindowsPath('E:/Yolo-FastestV2-0.2/SolarBoardData/images/train/IMG_0404_jpg.rf.ad986c7c85682b0c3af883b6aac638c4.jpg'),
       WindowsPath('E:/Yolo-FastestV2-0.2/SolarBoardData/images/train/Screenshot-2023-04-21-211949_png_jpg.rf.688406d52b14a524399429e1e19c2fb1.jpg'),
       WindowsPath('E:/Yolo-FastestV2-0.2/SolarBoardData/images/train/solar_Fri_Jun_16_14__6__43_2017_L_0-577434724073_I_0-562168627451_jpg.rf.77363283ae98de1cddfece50b20b00f3.jpg'),
       WindowsPath('E:/Yolo-FastestV2-0.2/SolarBoardData/images/train/cracked-437-_jpg.rf.10443fb3d230998ef8948814fdf58354.jpg'),
       WindowsPath('E:/Yolo-FastestV2-0.2/SolarBoardData/images/train/cracked-5-_jpg.rf.c698c8139662060e4e6655d98ea007bc.jpg'),
       WindowsPath('E:/Yolo-FastestV2-0.2/SolarBoardData/images/train/Screenshot-2023-04-02-001243_png_jpg.rf.a415c032613744149c67f472f903c500.jpg'),
       WindowsPath('E:/Yolo-FastestV2-0.2/SolarBoardData/images/train/Imgdirty_781_1_jpg.rf.918fd2840e16c41252e416355f5a80b0.jpg'),
       WindowsPath('E:/Yolo-FastestV2-0.2/SolarBoardData/images/train/Screenshot-2023-04-02-001523_png.rf.d4e7b8379908a1407252202949531415.jpg'),
       WindowsPath('E:/Yolo-FastestV2-0.2/SolarBoardData/images/train/IMG_0414_jpg.rf.8ec558d4c4af320d7fa334d3cdd7acc4.jpg'),
       WindowsPath('E:/Yolo-FastestV2-0.2/SolarBoardData/images/train/WhatsApp-Image-2023-03-20-at-19-19-23-2-_jpeg_jpg.rf.9a46b89fdfddd7a8c0d9e7e2cf00bc62.jpg'),
       WindowsPath('E:/Yolo-FastestV2-0.2/SolarBoardData/images/train/IMG_20230324_113749_jpg.rf.6808f3fdf6c3708db665711053f2e896.jpg'),
       WindowsPath('E:/Yolo-FastestV2-0.2/SolarBoardData/images/train/images-33-_jpg.rf.49eeeba705f2646eff13b28778e38a3a.jpg'),
       WindowsPath('E:/Yolo-FastestV2-0.2/SolarBoardData/images/train/Imgdirty_730_1_jpg.rf.9dba1212671ee26d40434bad4529dfce.jpg'),
       WindowsPath('E:/Yolo-FastestV2-0.2/SolarBoardData/images/train/good-a1ef5a32-fe6f-11ed-981d-5c60ba7633ae_jpg.rf.e872e3f269b916ef257b65f9323657e7.jpg'),
       WindowsPath('E:/Yolo-FastestV2-0.2/SolarBoardData/images/train/Screenshot-2023-04-18-011410_png.rf.6e9fd6cbb5f832b771d07b318a777dcd.jpg'),
       WindowsPath('E:/Yolo-FastestV2-0.2/SolarBoardData/images/train/IMG_0415_jpg.rf.fa457b85ab2cd53b78eeab6163cf35b7.jpg'),
       WindowsPath('E:/Yolo-FastestV2-0.2/SolarBoardData/images/train/solar_Wed_Jun_14_9__39__27_2017_L_0-279015320271_I_0-345050980392_jpg.rf.c515b77abc71a1d7177f13e30461c673.jpg'),
       WindowsPath('E:/Yolo-FastestV2-0.2/SolarBoardData/images/train/IMG_20230324_160255_jpg.rf.6b2bbccdc2fda368eb02088950f3bbcf.jpg'),
       WindowsPath('E:/Yolo-FastestV2-0.2/SolarBoardData/images/train/good-d64b447b-fe6f-11ed-a265-5c60ba7633ae_jpg.rf.40ccfc4f985759d9b8f81b1cccd4f246.jpg'),
       WindowsPath('E:/Yolo-FastestV2-0.2/SolarBoardData/images/train/Crack_19_jpg.rf.7f4263ec28de58d6dfeebc9ec955d118.jpg'),
       WindowsPath('E:/Yolo-FastestV2-0.2/SolarBoardData/images/train/IMG_20230319221952_3069230183487404545-jpg_23_jpg.rf.514c72ee62ec33e6bb3e7ca56f986b7c.jpg'),
       WindowsPath('E:/Yolo-FastestV2-0.2/SolarBoardData/images/train/WhatsApp-Image-2023-03-20-at-19-19-22_jpeg_jpg.rf.c486f32df7ba0552581567831897549e.jpg'),
       WindowsPath('E:/Yolo-FastestV2-0.2/SolarBoardData/images/train/solar_Thu_Jun_15_14__57__19_2017_L_0-438535668828_I_0-323509803922_jpg.rf.51b31721311b9b5965026f3e59ac22eb.jpg'),
       WindowsPath('E:/Yolo-FastestV2-0.2/SolarBoardData/images/train/IMG_0396_jpg.rf.660e193533e5a2521c621006dbda0503.jpg'),
       WindowsPath('E:/Yolo-FastestV2-0.2/SolarBoardData/images/train/cracked-85-_jpg.rf.1b841d374ab20d89cfa0af64813bd68b.jpg'),
       WindowsPath('E:/Yolo-FastestV2-0.2/SolarBoardData/images/train/cracked-0be0b6fb-fe70-11ed-b48f-5c60ba7633ae_jpg.rf.63348f12ccb7238b211270342edc1efb.jpg'),
       WindowsPath('E:/Yolo-FastestV2-0.2/SolarBoardData/images/train/good-d8194c79-fe6f-11ed-ac9a-5c60ba7633ae_jpg.rf.6fd8562fa4566e3af8a91453a23c5f2a.jpg'),
       WindowsPath('E:/Yolo-FastestV2-0.2/SolarBoardData/images/train/Screenshot-2023-04-21-211003_png_jpg.rf.bb5b10ea188da56501b4e11959a05f2c.jpg'),
       WindowsPath('E:/Yolo-FastestV2-0.2/SolarBoardData/images/train/Imgdirty_811_1_jpg.rf.16cf1c3dc656e57b4fb9554123ec826e.jpg'),
       WindowsPath('E:/Yolo-FastestV2-0.2/SolarBoardData/images/train/IMG_20230324_134107_jpg.rf.ee9b049f946ca7c2ba2b92c32155936a.jpg'),
       WindowsPath('E:/Yolo-FastestV2-0.2/SolarBoardData/images/train/good-dd86b288-fe6f-11ed-b752-5c60ba7633ae_jpg.rf.71eabd875474c59ffd40996a420c5778.jpg'),
       WindowsPath('E:/Yolo-FastestV2-0.2/SolarBoardData/images/train/IMG_0400_jpg.rf.904fc9bac8d0f77616d904c7fd7ef920.jpg'),
       WindowsPath('E:/Yolo-FastestV2-0.2/SolarBoardData/images/train/IMG_0433_jpg.rf.f1873613fa71bdab76c4bd7653e073d8.jpg'),
       WindowsPath('E:/Yolo-FastestV2-0.2/SolarBoardData/images/train/pv_crack-8-_jpg.rf.030d088f2e91dc080a2773e2f8f48e47.jpg'),
       WindowsPath('E:/Yolo-FastestV2-0.2/SolarBoardData/images/train/solar_Fri_Jun_30_15__15__8_2017_L_0-532686019519_I_0-471329411765_jpg.rf.ce913783404f61be2d3d32304a9126fb.jpg'),
       WindowsPath('E:/Yolo-FastestV2-0.2/SolarBoardData/images/train/Crack_231_jpg.rf.ef4c748b0a9232ddf03467263e79b94b.jpg'),
       WindowsPath('E:/Yolo-FastestV2-0.2/SolarBoardData/images/train/Imgdirty_615_1_jpg.rf.525bd89f81adc306788932c79b90abb9.jpg'),
       WindowsPath('E:/Yolo-FastestV2-0.2/SolarBoardData/images/train/WhatsApp-Image-2023-03-20-at-19-19-24_jpeg_jpg.rf.deee488786c7c2177a46d8899c3559fd.jpg'),
       WindowsPath('E:/Yolo-FastestV2-0.2/SolarBoardData/images/train/IMG_8574_jpg.rf.1427f3c905cad0a256d248472af963ac.jpg'),
       WindowsPath('E:/Yolo-FastestV2-0.2/SolarBoardData/images/train/Imgdirty_783_1_jpg.rf.6baab618383172a7c80bdaee6b7e3bb8.jpg'),
       WindowsPath('E:/Yolo-FastestV2-0.2/SolarBoardData/images/train/IMG_20230324_134052_jpg.rf.77bbf370dca078e2c0ef2f6a21e66d24.jpg'),
       WindowsPath('E:/Yolo-FastestV2-0.2/SolarBoardData/images/train/Crack_253_jpg.rf.931f84ca2e47b8543e123701b6d99899.jpg'),
       WindowsPath('E:/Yolo-FastestV2-0.2/SolarBoardData/images/train/good-a1ef5a32-fe6f-11ed-981d-5c60ba7633ae_jpg.rf.77a7afa78820570117361618efd6ab9c.jpg'),
       WindowsPath('E:/Yolo-FastestV2-0.2/SolarBoardData/images/train/Screenshot-2023-04-21-211416_png_jpg.rf.f29529ea3924ed601254254fb8753a72.jpg'),
       WindowsPath('E:/Yolo-FastestV2-0.2/SolarBoardData/images/train/Screenshot-2023-04-02-000552_png_jpg.rf.595a4108f97efd6263fcc52799700b54.jpg'),
       WindowsPath('E:/Yolo-FastestV2-0.2/SolarBoardData/images/train/Imgdirty_512_1_jpg.rf.695b0cc509f28119de70b0582731feed.jpg'),
       WindowsPath('E:/Yolo-FastestV2-0.2/SolarBoardData/images/train/IMG-20230418-WA0050_jpg.rf.eab6ab1d718a7216791064618bad2204.jpg'),
       WindowsPath('E:/Yolo-FastestV2-0.2/SolarBoardData/images/train/IMG_20230323_165048_jpg.rf.99f1e774a5f30218bbba2c3f65b7e987.jpg'),
       WindowsPath('E:/Yolo-FastestV2-0.2/SolarBoardData/images/train/Imgdirty_951_1_jpg.rf.4d25499a65b0324ab2f9e42054ee9d11.jpg'),
       WindowsPath('E:/Yolo-FastestV2-0.2/SolarBoardData/images/train/Screenshot-2023-04-18-012316_png_jpg.rf.9216cdbcaad0c2aa87b25d8c5fd04f91.jpg'),
       WindowsPath('E:/Yolo-FastestV2-0.2/SolarBoardData/images/train/cracked-418-_jpg.rf.74eed7cb658b40203d465235e2d17924.jpg'),
       WindowsPath('E:/Yolo-FastestV2-0.2/SolarBoardData/images/train/IMG_20230324_162101_jpg.rf.d51deb1172f262457b6a36d7fb52f45b.jpg'),
       WindowsPath('E:/Yolo-FastestV2-0.2/SolarBoardData/images/train/Imgclean_294_0_jpg.rf.b331cdccb1de26ec3f8ef5b1e23681d4.jpg'),
       WindowsPath('E:/Yolo-FastestV2-0.2/SolarBoardData/images/train/IMG_0395_jpg.rf.2d13c6cc35fab9dfaa42650e9d08f86e.jpg'),
       WindowsPath('E:/Yolo-FastestV2-0.2/SolarBoardData/images/train/Crack_216_jpg.rf.df98054a9c5ee7c87c4916953a1fc02d.jpg'),
       WindowsPath('E:/Yolo-FastestV2-0.2/SolarBoardData/images/train/photo_2023-07-19_16-27-27-2-_jpg.rf.6ecc9db3328b4c93bfa1226947cf1d7f.jpg'),
       WindowsPath('E:/Yolo-FastestV2-0.2/SolarBoardData/images/train/cracked-67-_jpg.rf.aee761dc2629001e967898885194735e.jpg'),
       WindowsPath('E:/Yolo-FastestV2-0.2/SolarBoardData/images/train/Imgdirty_799_1_jpg.rf.b7ba49dc01458fbcce6c20faa5ee5eb6.jpg'),
       WindowsPath('E:/Yolo-FastestV2-0.2/SolarBoardData/images/train/91_jpg.rf.45332315a8e4c6e7b65a4be457f5df58.jpg'),
       WindowsPath('E:/Yolo-FastestV2-0.2/SolarBoardData/images/train/cracked-240-_jpg.rf.f80fce1cf40d365cfca2e88d4654853e.jpg'),
       WindowsPath('E:/Yolo-FastestV2-0.2/SolarBoardData/images/train/Imgdirty_194_1_jpg.rf.2476117f1f4a4a9c96d1b81969f03ce8.jpg'),
       WindowsPath('E:/Yolo-FastestV2-0.2/SolarBoardData/images/train/pv_crack-176-_jpg.rf.e997bfad8729823d3bc05bee74c01246.jpg'),
       WindowsPath('E:/Yolo-FastestV2-0.2/SolarBoardData/images/train/Crack_225_jpg.rf.ab27da33dbe1ed2ee40b61ee649d1daf.jpg'),
       WindowsPath('E:/Yolo-FastestV2-0.2/SolarBoardData/images/train/Screenshot-2023-04-02-001800_png.rf.786995d8d1ba6cbdb2319b58573ae103.jpg'),
       WindowsPath('E:/Yolo-FastestV2-0.2/SolarBoardData/images/train/IMG_8595_jpg.rf.7727f094dbf1ce64e5061c9049f03d93.jpg'),
       WindowsPath('E:/Yolo-FastestV2-0.2/SolarBoardData/images/train/Screenshot-2023-04-01-181910_png.rf.581fd94cb8a581ab981ef01a00f11fdb.jpg'),
       WindowsPath('E:/Yolo-FastestV2-0.2/SolarBoardData/images/train/Imgdirty_802_1_jpg.rf.236cad501395706328472ba73a071e25.jpg'),
       WindowsPath('E:/Yolo-FastestV2-0.2/SolarBoardData/images/train/IMG_20230323_165709_jpg.rf.1f827f74a9d6a5320141b7c51fc290f2.jpg'),
       WindowsPath('E:/Yolo-FastestV2-0.2/SolarBoardData/images/train/cracked-431-_jpg.rf.0b3b6bfeea70cc7cf0d787d27d1b871b.jpg'),
       WindowsPath('E:/Yolo-FastestV2-0.2/SolarBoardData/images/train/cracked-40-_jpg.rf.12c1d899299ab1e42489bd4e06213239.jpg'),
       WindowsPath('E:/Yolo-FastestV2-0.2/SolarBoardData/images/train/IMG_0403_jpg.rf.678d100cedfa702b37e4ed0d61c7432e.jpg'),
       WindowsPath('E:/Yolo-FastestV2-0.2/SolarBoardData/images/train/016_jpg.rf.ebd487f92bc7b3777a1f3322a25edfbd.jpg'),
       WindowsPath('E:/Yolo-FastestV2-0.2/SolarBoardData/images/train/Crack_201_jpg.rf.6f1e039c6a03b42dd2278f42d89e6f16.jpg'),
       WindowsPath('E:/Yolo-FastestV2-0.2/SolarBoardData/images/train/good-c9a4e5a6-fe6f-11ed-8112-5c60ba7633ae_jpg.rf.f02193bc31eb4d37dffe4e0e4fc36bae.jpg'),
       WindowsPath('E:/Yolo-FastestV2-0.2/SolarBoardData/images/train/good-df559385-fe6f-11ed-86dd-5c60ba7633ae_jpg.rf.971dd4a0e9389477129f75912db36996.jpg'),
       WindowsPath('E:/Yolo-FastestV2-0.2/SolarBoardData/images/train/frame105_jpg.rf.4763f75b9d9b61400ca66c7f7bdb1c81.jpg'),
       WindowsPath('E:/Yolo-FastestV2-0.2/SolarBoardData/images/train/good-d64b447b-fe6f-11ed-a265-5c60ba7633ae_jpg.rf.2e993e2f509c3a9a784d72d58e756be8.jpg'),
       WindowsPath('E:/Yolo-FastestV2-0.2/SolarBoardData/images/train/IMG_20230323_173324_jpg.rf.219c7b2205b0e6fec1776aafd3f61880.jpg'),
       WindowsPath('E:/Yolo-FastestV2-0.2/SolarBoardData/images/train/photo_2023-07-19_16-27-27-2-_jpg.rf.44d8f4055f2075a4627429c80efe7f60.jpg'),
       WindowsPath('E:/Yolo-FastestV2-0.2/SolarBoardData/images/train/good-d9e936a6-fe6f-11ed-86e2-5c60ba7633ae_jpg.rf.ba2b921dcf531336286d1c0e87c840fe.jpg'),
       WindowsPath('E:/Yolo-FastestV2-0.2/SolarBoardData/images/train/IMG_0448_jpg.rf.7a7bb961119aab221785adf74f741ae4.jpg'),
       WindowsPath('E:/Yolo-FastestV2-0.2/SolarBoardData/images/train/solar_Fri_Jun_23_17__34__12_2017_L_0-24779967066_I_0-069062745098_jpg.rf.34b2b428b54c27575872e0f668422967.jpg'),
       WindowsPath('E:/Yolo-FastestV2-0.2/SolarBoardData/images/train/Imgdirty_797_1_jpg.rf.8f043c1f5d6356cd5ed0cadc03da8720.jpg'),
       WindowsPath('E:/Yolo-FastestV2-0.2/SolarBoardData/images/train/good-d9e936a6-fe6f-11ed-86e2-5c60ba7633ae_jpg.rf.50aa0d91f4f9fdd78f020a1835e13a49.jpg'),
       WindowsPath('E:/Yolo-FastestV2-0.2/SolarBoardData/images/train/Imgclean_34_0_jpg.rf.ee0f7011f96947022309dd464321ead7.jpg'),
       WindowsPath('E:/Yolo-FastestV2-0.2/SolarBoardData/images/train/IMG_0440_jpg.rf.0688567254d2da25ba4e9719a571dc1b.jpg'),
       WindowsPath('E:/Yolo-FastestV2-0.2/SolarBoardData/images/train/cracked-0f7dfef7-fe70-11ed-ac7b-5c60ba7633ae_jpg.rf.5fc6940f781c9ea99bddba508e12de6e.jpg'),
       WindowsPath('E:/Yolo-FastestV2-0.2/SolarBoardData/images/train/IMG_0403_jpg.rf.807ab219d44863dafadf4bb108693d22.jpg'),
       WindowsPath('E:/Yolo-FastestV2-0.2/SolarBoardData/images/train/pv_crack-24-_jpg.rf.c233b48eb382a1a9945f7abfefc261f9.jpg'),
       WindowsPath('E:/Yolo-FastestV2-0.2/SolarBoardData/images/train/Imgdirty_609_1_jpg.rf.1408dd3e2e27b5426639dc0253d15aa5.jpg'),
       WindowsPath('E:/Yolo-FastestV2-0.2/SolarBoardData/images/train/Imgdirty_347_1_jpg.rf.81110357941583d65acc8bcf23b74935.jpg'),
       WindowsPath('E:/Yolo-FastestV2-0.2/SolarBoardData/images/train/IMG_0449_jpg.rf.8fa10af49a74ef04583ad46430bf554a.jpg'),
       WindowsPath('E:/Yolo-FastestV2-0.2/SolarBoardData/images/train/cracked-56-_jpg.rf.6cecb9843a560a5400f8b632d3b2c85d.jpg'),
       WindowsPath('E:/Yolo-FastestV2-0.2/SolarBoardData/images/train/cracked-54-_jpg.rf.44db44a8f16b7056943eabb90073fb47.jpg'),
       WindowsPath('E:/Yolo-FastestV2-0.2/SolarBoardData/images/train/Imgdirty_1014_1_jpg.rf.48c8dc96c38913fc1a87489ea7a170ea.jpg'),
       WindowsPath('E:/Yolo-FastestV2-0.2/SolarBoardData/images/train/Imgdirty_1059_1_jpg.rf.0ad81f1617a97c47bdcdef1e5c0f55d7.jpg'),
       WindowsPath('E:/Yolo-FastestV2-0.2/SolarBoardData/images/train/cracked-f464c296-fe6f-11ed-8a60-5c60ba7633ae_jpg.rf.e97c0380ea603c528d13e905ad73ba3d.jpg'),
       WindowsPath('E:/Yolo-FastestV2-0.2/SolarBoardData/images/train/IMG_0418_jpg.rf.07b22acae14ab1f1c1c9c11b3facaec1.jpg'),
       WindowsPath('E:/Yolo-FastestV2-0.2/SolarBoardData/images/train/cracked-95-_jpg.rf.8275a5775245492f4dfdaae77ac3c6fa.jpg'),
       WindowsPath('E:/Yolo-FastestV2-0.2/SolarBoardData/images/train/solar_Wed_Jun_21_9__1__36_2017_L_0-231275582035_I_0-4206_jpg.rf.51db4909022b4368f6de81ee0f5414fc.jpg'),
       WindowsPath('E:/Yolo-FastestV2-0.2/SolarBoardData/images/train/good-e4c24e15-fe6f-11ed-986d-5c60ba7633ae_jpg.rf.50a295c5aa53911b4e1293cd3c46777f.jpg'),
       WindowsPath('E:/Yolo-FastestV2-0.2/SolarBoardData/images/train/IMG_8580_jpg.rf.ecba487b132a0c2079f8532c5dfcc729.jpg'),
       WindowsPath('E:/Yolo-FastestV2-0.2/SolarBoardData/images/train/Imgdirty_208_1_jpg.rf.20791e4b88a7ca2b8b8bceb121e6f344.jpg'),
       WindowsPath('E:/Yolo-FastestV2-0.2/SolarBoardData/images/train/WhatsApp-Image-2023-03-20-at-19-19-24_jpeg_jpg.rf.f500932458f4400c63ae82bc619dd932.jpg'),
       WindowsPath('E:/Yolo-FastestV2-0.2/SolarBoardData/images/train/Imgdirty_674_1_jpg.rf.9e37f05cb704f5acb56acdf92611b13e.jpg'),
       WindowsPath('E:/Yolo-FastestV2-0.2/SolarBoardData/images/train/Imgdirty_813_1_jpg.rf.8070b251573849ffcf8102f1c0116315.jpg'),
       WindowsPath('E:/Yolo-FastestV2-0.2/SolarBoardData/images/train/Rusak958_png_jpg.rf.870e1de2720ac82ba1ac46f5974726cc.jpg'),
       WindowsPath('E:/Yolo-FastestV2-0.2/SolarBoardData/images/train/good-d64b447b-fe6f-11ed-a265-5c60ba7633ae_jpg.rf.304d1999b3b8144c735ef0548260acda.jpg'),
       WindowsPath('E:/Yolo-FastestV2-0.2/SolarBoardData/images/train/IMG_0394_jpg.rf.4584e274e07adbba56e8015e8dc89807.jpg'),
       WindowsPath('E:/Yolo-FastestV2-0.2/SolarBoardData/images/train/cracked-0dafdbd6-fe70-11ed-bc65-5c60ba7633ae_jpg.rf.366aac8b3aa4bc65cb4422fe89b9f431.jpg'),
       WindowsPath('E:/Yolo-FastestV2-0.2/SolarBoardData/images/train/IMG_0408_jpg.rf.ed0d8632bc4d27e8e72a7c01ec1a4f16.jpg'),
       WindowsPath('E:/Yolo-FastestV2-0.2/SolarBoardData/images/train/IMG_0418_jpg.rf.80713d357b6e91d66e1403d654d923be.jpg'),
       WindowsPath('E:/Yolo-FastestV2-0.2/SolarBoardData/images/train/IMG_0445_jpg.rf.ea213f9c76afdbc0772e361c324dfcb4.jpg'),
       WindowsPath('E:/Yolo-FastestV2-0.2/SolarBoardData/images/train/good-cd420062-fe6f-11ed-951b-5c60ba7633ae_jpg.rf.f1bce5e5b6563444a52318a17bd20767.jpg'),
       WindowsPath('E:/Yolo-FastestV2-0.2/SolarBoardData/images/train/pv_crack-100-_jpg.rf.9ff2609bf23fb38f751bfe5bc4697a05.jpg'),
       WindowsPath('E:/Yolo-FastestV2-0.2/SolarBoardData/images/train/IMG_20230324_113224_jpg.rf.dfbb588922dc2089967a200a1e2d7a41.jpg'),
       WindowsPath('E:/Yolo-FastestV2-0.2/SolarBoardData/images/train/photo_2023-07-19_16-27-18_jpg.rf.bccaee8d60c74b6f358839178ef764d1.jpg'),
       WindowsPath('E:/Yolo-FastestV2-0.2/SolarBoardData/images/train/good-dd86b288-fe6f-11ed-b752-5c60ba7633ae_jpg.rf.aa68d91e382287f2b9081ba15a689904.jpg'),
       WindowsPath('E:/Yolo-FastestV2-0.2/SolarBoardData/images/train/good-d47d48f1-fe6f-11ed-9a5f-5c60ba7633ae_jpg.rf.e5c80a36d001b9c949ed8e51c7e399d4.jpg'),
       WindowsPath('E:/Yolo-FastestV2-0.2/SolarBoardData/images/train/pv_crack-108-_jpg.rf.774e81578f22a4e0cb5dc8ecad0d0e04.jpg'),
       WindowsPath('E:/Yolo-FastestV2-0.2/SolarBoardData/images/train/solar_Tue_Jun_13_14__48__8_2017_L_0-134016340584_I_0-699329411765_jpg.rf.a769496c41f09e03ec12b2111991b5ea.jpg'),
       WindowsPath('E:/Yolo-FastestV2-0.2/SolarBoardData/images/train/good-d64b447b-fe6f-11ed-a265-5c60ba7633ae_jpg.rf.956db6c0424f23a684ef7938f2f7f389.jpg'),
       WindowsPath('E:/Yolo-FastestV2-0.2/SolarBoardData/images/train/photo_2023-07-19_16-27-31_jpg.rf.500845a5f8561e984b22112a0c1dfd8b.jpg'),
       WindowsPath('E:/Yolo-FastestV2-0.2/SolarBoardData/images/train/cracked-ed29701c-fe6f-11ed-a2d7-5c60ba7633ae_jpg.rf.6c23cfe07d09b03cd6f8ee08d782cf2f.jpg'),
       WindowsPath('E:/Yolo-FastestV2-0.2/SolarBoardData/images/train/Imgdirty_17_1_jpg.rf.b523b45cce746bec904ca597e58f4401.jpg'),
       WindowsPath('E:/Yolo-FastestV2-0.2/SolarBoardData/images/train/cracked-0be0b6fb-fe70-11ed-b48f-5c60ba7633ae_jpg.rf.a51917098043438b7ef92049ef5317fb.jpg'),
       WindowsPath('E:/Yolo-FastestV2-0.2/SolarBoardData/images/train/pv_crack-9-_jpg.rf.d2899e97499e7e3f7804fcadbbf2ec78.jpg'),
       WindowsPath('E:/Yolo-FastestV2-0.2/SolarBoardData/images/train/WhatsApp-Image-2023-03-20-at-19-19-22_jpeg_jpg.rf.5a91f5033155c495f47eeaa2a7885acf.jpg'),
       WindowsPath('E:/Yolo-FastestV2-0.2/SolarBoardData/images/train/good-e2f2a720-fe6f-11ed-9edc-5c60ba7633ae_jpg.rf.df46f528b77d930ecff3bda78e7f1923.jpg'),
       WindowsPath('E:/Yolo-FastestV2-0.2/SolarBoardData/images/train/IMG_20230325_114400_jpg.rf.31481f52850300a0b113675fd21a44e8.jpg'),
       WindowsPath('E:/Yolo-FastestV2-0.2/SolarBoardData/images/train/cracked-61-_jpg.rf.a696f944c9d5752d78eca1233cb6baf7.jpg'),
       WindowsPath('E:/Yolo-FastestV2-0.2/SolarBoardData/images/train/IMG_8574_jpg.rf.c7f455f788de84da86269d284ecbcadc.jpg'),
       WindowsPath('E:/Yolo-FastestV2-0.2/SolarBoardData/images/train/pv_crack-35-_jpg.rf.44cd71d8e741f22b9973bfc70e488693.jpg'),
       WindowsPath('E:/Yolo-FastestV2-0.2/SolarBoardData/images/train/Screenshot-2023-04-01-182226_png.rf.0f305bc6be9bb986a93c5d65e2b47e39.jpg'),
       WindowsPath('E:/Yolo-FastestV2-0.2/SolarBoardData/images/train/Screenshot-2023-04-02-002333_png_jpg.rf.585e7d7a3839e18327920710b56ea295.jpg'),
       WindowsPath('E:/Yolo-FastestV2-0.2/SolarBoardData/images/train/IMG_0418_jpg.rf.8ba20b4c12488b360145189c3d183308.jpg'),
       WindowsPath('E:/Yolo-FastestV2-0.2/SolarBoardData/images/train/good-df559385-fe6f-11ed-86dd-5c60ba7633ae_jpg.rf.aaeada2e10c99453d247c27415d92ee2.jpg'),
       WindowsPath('E:/Yolo-FastestV2-0.2/SolarBoardData/images/train/IMG_0393_jpg.rf.78740d6a06325d41acb0de9419af14a1.jpg'),
       WindowsPath('E:/Yolo-FastestV2-0.2/SolarBoardData/images/train/pv_crack-128-_jpg.rf.ed4bda116570662178bc4681d08b39ea.jpg'),
       WindowsPath('E:/Yolo-FastestV2-0.2/SolarBoardData/images/train/good-d0df07e1-fe6f-11ed-a98d-5c60ba7633ae_jpg.rf.7d6bd2d446ae7f26b0ca0c11e3030324.jpg'),
       WindowsPath('E:/Yolo-FastestV2-0.2/SolarBoardData/images/train/photo_2023-07-19_16-27-31-2-_jpg.rf.7a81fef054892e81920faaba2b9d9628.jpg'),
       WindowsPath('E:/Yolo-FastestV2-0.2/SolarBoardData/images/train/Imgdirty_1060_1_jpg.rf.ad5a9d2d5c9f250062c7588638d63c44.jpg'),
       WindowsPath('E:/Yolo-FastestV2-0.2/SolarBoardData/images/train/WhatsApp-Image-2023-03-20-at-19-19-28-1-_jpeg_jpg.rf.501b29fd6e7219fb663ebae3f81de647.jpg'),
       WindowsPath('E:/Yolo-FastestV2-0.2/SolarBoardData/images/train/IMG_20230319222042_940316520959800810-jpg_87_jpg.rf.5cc59ddc169695f7240dd9658b211a19.jpg'),
       WindowsPath('E:/Yolo-FastestV2-0.2/SolarBoardData/images/train/Screenshot-2023-04-01-181128_png_jpg.rf.72e225b06b0164cf9f7b967b671970ad.jpg'),
       WindowsPath('E:/Yolo-FastestV2-0.2/SolarBoardData/images/train/pv_crack-120-_jpg.rf.bb95fac97c808a4d7aba32f71007ef7e.jpg'),
       WindowsPath('E:/Yolo-FastestV2-0.2/SolarBoardData/images/train/cracked-422-_jpg.rf.60e3d26b86407af89fab50f0a9d2afcd.jpg'),
       WindowsPath('E:/Yolo-FastestV2-0.2/SolarBoardData/images/train/WhatsApp-Image-2023-03-20-at-19-19-26_jpeg_jpg.rf.1a83daac95a428f7f25aa567f5b91316.jpg'),
       WindowsPath('E:/Yolo-FastestV2-0.2/SolarBoardData/images/train/Screenshot-2023-04-02-000939_png_jpg.rf.eb0bc5e86640148ced6f6fb0dbe91214.jpg'),
       WindowsPath('E:/Yolo-FastestV2-0.2/SolarBoardData/images/train/solar_Thu_Jun_15_15__45__39_2017_L_0-399406198313_I_0-289262745098_jpg.rf.cba5aa5274c29eca882ad2f8bb21c40d.jpg'),
       WindowsPath('E:/Yolo-FastestV2-0.2/SolarBoardData/images/train/IMG_0415_jpg.rf.0b2b4b836e9fa41d314229f5ea6017a6.jpg'),
       WindowsPath('E:/Yolo-FastestV2-0.2/SolarBoardData/images/train/good-d8194c79-fe6f-11ed-ac9a-5c60ba7633ae_jpg.rf.d7758e95375dc15187af82c4a4343d3c.jpg'),
       WindowsPath('E:/Yolo-FastestV2-0.2/SolarBoardData/images/train/IMG_20230325_132857_jpg.rf.54ce0a473763ca9027098aa5428f73c6.jpg'),
       WindowsPath('E:/Yolo-FastestV2-0.2/SolarBoardData/images/train/IMG_0404_jpg.rf.708011b7160e22c559a6b16bc9488567.jpg'),
       WindowsPath('E:/Yolo-FastestV2-0.2/SolarBoardData/images/train/IMG_0400_jpg.rf.97efaf39644a25778d4613535913ea60.jpg'),
       WindowsPath('E:/Yolo-FastestV2-0.2/SolarBoardData/images/train/Imgdirty_341_1_jpg.rf.fcc2c0160bd360d3aff6b818964a1594.jpg'),
       WindowsPath('E:/Yolo-FastestV2-0.2/SolarBoardData/images/train/good-d47d48f1-fe6f-11ed-9a5f-5c60ba7633ae_jpg.rf.4352021b6a584a3f7ebb42b0081fc9f3.jpg'),
       WindowsPath('E:/Yolo-FastestV2-0.2/SolarBoardData/images/train/Imgdirty_880_1_jpg.rf.a637b6696a5c7834ad7e1ebb60f2449a.jpg'),
       WindowsPath('E:/Yolo-FastestV2-0.2/SolarBoardData/images/train/Imgdirty_261_1_jpg.rf.967d87879b1842bc15daba6202439cf2.jpg'),
       WindowsPath('E:/Yolo-FastestV2-0.2/SolarBoardData/images/train/IMG_20230323_165221_jpg.rf.777fd218c6dfdc05635266aade09b697.jpg'),
       WindowsPath('E:/Yolo-FastestV2-0.2/SolarBoardData/images/train/IMG_0389_jpg.rf.c417012aab52f3b6f15eaf8b253003d9.jpg'),
       WindowsPath('E:/Yolo-FastestV2-0.2/SolarBoardData/images/train/IMG_0403_jpg.rf.9ec00f8f89062e5e2af5dc2431a787e0.jpg'),
       WindowsPath('E:/Yolo-FastestV2-0.2/SolarBoardData/images/train/1677069179169_jpg.rf.b8bf7209db45faef6ca2d0cb6c32ae4c.jpg'),
       WindowsPath('E:/Yolo-FastestV2-0.2/SolarBoardData/images/train/pv_crack-12-_jpg.rf.c761259fa742ef10c8feddd8874618fc.jpg'),
       WindowsPath('E:/Yolo-FastestV2-0.2/SolarBoardData/images/train/Imgdirty_67_1_jpg.rf.e2895996c7b05ee37f859ff9026384a8.jpg'),
       WindowsPath('E:/Yolo-FastestV2-0.2/SolarBoardData/images/train/Imgdirty_525_1_jpg.rf.e7a753cdd009cc35149f426d6e6c0514.jpg'),
       WindowsPath('E:/Yolo-FastestV2-0.2/SolarBoardData/images/train/good-e2f2a720-fe6f-11ed-9edc-5c60ba7633ae_jpg.rf.69abe113018015a3afb28913a294b142.jpg'),
       WindowsPath('E:/Yolo-FastestV2-0.2/SolarBoardData/images/train/cracked-f0c72d6f-fe6f-11ed-a636-5c60ba7633ae_jpg.rf.a3881dbfeae25f43b62693802c6cb2c9.jpg'),
       WindowsPath('E:/Yolo-FastestV2-0.2/SolarBoardData/images/train/Imgdirty_767_1_jpg.rf.b8672c57bebc3878665c6dbada60eacd.jpg'),
       WindowsPath('E:/Yolo-FastestV2-0.2/SolarBoardData/images/train/Crack_253_jpg.rf.d64ffa0805e7ab0c64b990a16fcf43d0.jpg'),
       WindowsPath('E:/Yolo-FastestV2-0.2/SolarBoardData/images/train/solar_Fri_Jun_16_13__17__22_2017_L_0-490579414355_I_0-365074509804_jpg.rf.7c1895f27beedb07fe5af795ad581ca3.jpg'),
       WindowsPath('E:/Yolo-FastestV2-0.2/SolarBoardData/images/train/cracked-434-_jpg.rf.2b7cc68aead764bc42553122ac20c967.jpg'),
       WindowsPath('E:/Yolo-FastestV2-0.2/SolarBoardData/images/train/pv_crack-169-_jpg.rf.05d66eac6df1f4f0bb2a51bb4176bb47.jpg'),
       WindowsPath('E:/Yolo-FastestV2-0.2/SolarBoardData/images/train/IMG_8599_jpg.rf.cfa296f86f758d1d95543eb11ed61c68.jpg'),
       WindowsPath('E:/Yolo-FastestV2-0.2/SolarBoardData/images/train/cracked-72-_jpg.rf.fcefa4f185c2a267ae7412a41a003c5d.jpg'),
       WindowsPath('E:/Yolo-FastestV2-0.2/SolarBoardData/images/train/good-c7d66523-fe6f-11ed-8e67-5c60ba7633ae_jpg.rf.4f25f944b20206eccee8a0834ba0354d.jpg'),
       WindowsPath('E:/Yolo-FastestV2-0.2/SolarBoardData/images/train/solar_Fri_Jun_16_10__5__24_2017_L_0-883261205564_I_0-253725490196_jpg.rf.6a4754c19080fead75c3e16021557e54.jpg'),
       WindowsPath('E:/Yolo-FastestV2-0.2/SolarBoardData/images/train/Imgdirty_1065_1_jpg.rf.7021b45b6e569cd16b518eebae8b51da.jpg'),
       WindowsPath('E:/Yolo-FastestV2-0.2/SolarBoardData/images/train/Screenshot-2023-04-21-211102_png_jpg.rf.b577874c8861f6b10a7ca5e7fdba848a.jpg'),
       WindowsPath('E:/Yolo-FastestV2-0.2/SolarBoardData/images/train/98_jpg.rf.390f43169466dcab7900a2fc911f8ad9.jpg'),
       WindowsPath('E:/Yolo-FastestV2-0.2/SolarBoardData/images/train/IMG_0449_jpg.rf.8e99ae9489461b495cb64d58bc23d4a9.jpg'),
       WindowsPath('E:/Yolo-FastestV2-0.2/SolarBoardData/images/train/cracked-58-_jpg.rf.61df2abe176087d80f75e6424da59b6b.jpg'),
       WindowsPath('E:/Yolo-FastestV2-0.2/SolarBoardData/images/train/Crack_217_jpg.rf.d88f6f281a12337ed627acc8c8954fce.jpg'),
       WindowsPath('E:/Yolo-FastestV2-0.2/SolarBoardData/images/train/WhatsApp-Image-2023-03-20-at-19-19-26-2-_jpeg_jpg.rf.c48cd2f209a10511f847dfed93c74dd8.jpg'),
       WindowsPath('E:/Yolo-FastestV2-0.2/SolarBoardData/images/train/IMG_0418_jpg.rf.a105a9c1c3771c2a6ad9dce507d5571a.jpg'),
       WindowsPath('E:/Yolo-FastestV2-0.2/SolarBoardData/images/train/IMG_0415_jpg.rf.48345d6a2455493ff4d63d9fa53e6832.jpg'),
       WindowsPath('E:/Yolo-FastestV2-0.2/SolarBoardData/images/train/good-df559385-fe6f-11ed-86dd-5c60ba7633ae_jpg.rf.1c5805ef0d38bdea9bf60d2938d423cb.jpg'),
       WindowsPath('E:/Yolo-FastestV2-0.2/SolarBoardData/images/train/pv_crack-76-_jpg.rf.7dab271a11023c3e2cc3fd94e7881f94.jpg'),
       WindowsPath('E:/Yolo-FastestV2-0.2/SolarBoardData/images/train/pv_crack-192-_jpg.rf.06968bc66ab1b1fefc252f406ebfc58e.jpg'),
       WindowsPath('E:/Yolo-FastestV2-0.2/SolarBoardData/images/train/cracked-0dafdbd6-fe70-11ed-bc65-5c60ba7633ae_jpg.rf.2efaa9a21ec3ec020c026a195f531c3c.jpg'),
       WindowsPath('E:/Yolo-FastestV2-0.2/SolarBoardData/images/train/IMG_20230324_164200_jpg.rf.c4985e5c84807869db9d5d27ac00c91a.jpg'),
       WindowsPath('E:/Yolo-FastestV2-0.2/SolarBoardData/images/train/Imgclean_7_0_jpg.rf.624eb15b3c7a60100f1104241234e344.jpg'),
       WindowsPath('E:/Yolo-FastestV2-0.2/SolarBoardData/images/train/cracked-48-_jpg.rf.83a067d3908308348417182771ff0510.jpg'),
       WindowsPath('E:/Yolo-FastestV2-0.2/SolarBoardData/images/train/Imgdirty_682_1_jpg.rf.76bf3061d627a293c24dbabdafd10428.jpg'),
       WindowsPath('E:/Yolo-FastestV2-0.2/SolarBoardData/images/train/frame137_jpg.rf.7d167e5f711dc09fdcd30f7e3fb7d424.jpg'),
       WindowsPath('E:/Yolo-FastestV2-0.2/SolarBoardData/images/train/IMG_20230324_174944_jpg.rf.9906c77072bd459f5bb384f33dd4a075.jpg'),
       WindowsPath('E:/Yolo-FastestV2-0.2/SolarBoardData/images/train/IMG_20230324_174829_jpg.rf.0440ae5ab64fd7179acd60ace6ba8f64.jpg'),
       WindowsPath('E:/Yolo-FastestV2-0.2/SolarBoardData/images/train/good-c9a4e5a6-fe6f-11ed-8112-5c60ba7633ae_jpg.rf.ee65bc02f47de48424dbad1f76b883eb.jpg'),
       WindowsPath('E:/Yolo-FastestV2-0.2/SolarBoardData/images/train/IMG_0390_jpg.rf.1d30b20c25a099fc128e3b8b806d82f7.jpg'),
       WindowsPath('E:/Yolo-FastestV2-0.2/SolarBoardData/images/train/Imgdirty_800_1_jpg.rf.8313da881b22eda7d21e5264689a6c1f.jpg'),
       WindowsPath('E:/Yolo-FastestV2-0.2/SolarBoardData/images/train/good-df559385-fe6f-11ed-86dd-5c60ba7633ae_jpg.rf.f98e534a2391a0b1378d6c02eb617612.jpg'),
       WindowsPath('E:/Yolo-FastestV2-0.2/SolarBoardData/images/train/IMG_8578_jpg.rf.e9d8c0b7563ffa375be75fe573add69a.jpg'),
       WindowsPath('E:/Yolo-FastestV2-0.2/SolarBoardData/images/train/IMG_20230324_171708_jpg.rf.02627ddac41105ec0b70b3761f080060.jpg'),
       WindowsPath('E:/Yolo-FastestV2-0.2/SolarBoardData/images/train/Imgdirty_859_1_jpg.rf.7a1f86f8e4ffa1fbae2d913600546800.jpg'),
       WindowsPath('E:/Yolo-FastestV2-0.2/SolarBoardData/images/train/Imgdirty_1040_1_jpg.rf.915536a15353909d95cd942062d38802.jpg'),
       WindowsPath('E:/Yolo-FastestV2-0.2/SolarBoardData/images/train/solar_Fri_Jun_30_15__32__38_2017_L_0-533905228758_I_0-4128_jpg.rf.e823d120ac2fde7d78d88c94ecdbcc52.jpg'),
       WindowsPath('E:/Yolo-FastestV2-0.2/SolarBoardData/images/train/Screenshot-2023-04-02-000611_png_jpg.rf.a9afe5a0d1e3ba222dafd54aeaceb642.jpg'),
       WindowsPath('E:/Yolo-FastestV2-0.2/SolarBoardData/images/train/WhatsApp-Image-2023-03-20-at-19-19-26-1-_jpeg_jpg.rf.03769be580bb3d10c0181a65db119b99.jpg'),
       WindowsPath('E:/Yolo-FastestV2-0.2/SolarBoardData/images/train/pv_crack-130-_jpg.rf.58a3cabe6d25dd6d6ffeb6d8b92fcc8e.jpg'),
       WindowsPath('E:/Yolo-FastestV2-0.2/SolarBoardData/images/train/pv_crack-32-_jpg.rf.50f37bbfc65c41879674302785b396d7.jpg'),
       WindowsPath('E:/Yolo-FastestV2-0.2/SolarBoardData/images/train/cracked-90-_jpg.rf.8c07414f3cc18c02ba8e58c16977bb12.jpg'),
       WindowsPath('E:/Yolo-FastestV2-0.2/SolarBoardData/images/train/pv_crack-179-_jpg.rf.fba4096c775dfadd76d6887c0c6efd3e.jpg'),
       WindowsPath('E:/Yolo-FastestV2-0.2/SolarBoardData/images/train/Screenshot-2023-04-02-002532_png_jpg.rf.547d10663f5222178dde4f1296b70d0a.jpg'),
       WindowsPath('E:/Yolo-FastestV2-0.2/SolarBoardData/images/train/good-e4c24e15-fe6f-11ed-986d-5c60ba7633ae_jpg.rf.73cc27e59cf965b198a07a12af133501.jpg'),
       WindowsPath('E:/Yolo-FastestV2-0.2/SolarBoardData/images/train/cracked-f0c72d6f-fe6f-11ed-a636-5c60ba7633ae_jpg.rf.263207035a3cffd6f42bb2df69ea0331.jpg'),
       WindowsPath('E:/Yolo-FastestV2-0.2/SolarBoardData/images/train/pv_crack-22-_jpg.rf.de3cac18d936e3e3188ef0c68791cebf.jpg'),
       WindowsPath('E:/Yolo-FastestV2-0.2/SolarBoardData/images/train/cracked-0675b62b-fe70-11ed-88cb-5c60ba7633ae_jpg.rf.5bd3968474d1a6615034ed73502d70d6.jpg'),
       WindowsPath('E:/Yolo-FastestV2-0.2/SolarBoardData/images/train/IMG_0424_jpg.rf.a11c2a08c7d757b09edbeb93c3534ca1.jpg'),
       WindowsPath('E:/Yolo-FastestV2-0.2/SolarBoardData/images/train/IMG_0448_jpg.rf.d684902990e7f70b71a5749a0e9ef4fe.jpg'),
       WindowsPath('E:/Yolo-FastestV2-0.2/SolarBoardData/images/train/Screenshot-2023-04-02-001906_png_jpg.rf.65ba00133138ca7fc2b63a4ad1381400.jpg'),
       WindowsPath('E:/Yolo-FastestV2-0.2/SolarBoardData/images/train/IMG_0395_jpg.rf.f08fb3da024636c707a774ec3ed82359.jpg'),
       WindowsPath('E:/Yolo-FastestV2-0.2/SolarBoardData/images/train/Screenshot-2023-04-21-211416_png_jpg.rf.906911bac8696192afcca5faab6b29df.jpg'),
       WindowsPath('E:/Yolo-FastestV2-0.2/SolarBoardData/images/train/good-c9a4e5a6-fe6f-11ed-8112-5c60ba7633ae_jpg.rf.2e7b5f3d57dd5f8865b9de2c4db21da8.jpg'),
       WindowsPath('E:/Yolo-FastestV2-0.2/SolarBoardData/images/train/IMG_0411_jpg.rf.e942ac46aa2b5188c70911ea5ab9fc4e.jpg'),
       WindowsPath('E:/Yolo-FastestV2-0.2/SolarBoardData/images/train/Crack_207_jpg.rf.9df700af2525b00aefc69884e971536e.jpg'),
       WindowsPath('E:/Yolo-FastestV2-0.2/SolarBoardData/images/train/good-df559385-fe6f-11ed-86dd-5c60ba7633ae_jpg.rf.68399fb84fc428588ff371002e175b7b.jpg'),
       WindowsPath('E:/Yolo-FastestV2-0.2/SolarBoardData/images/train/frame122_jpg.rf.8b2ef3ab38a8e2446850ff12890ac1c7.jpg'),
       WindowsPath('E:/Yolo-FastestV2-0.2/SolarBoardData/images/train/IMG_0403_jpg.rf.75f6b26aef416366cc07778d1289351e.jpg'),
       WindowsPath('E:/Yolo-FastestV2-0.2/SolarBoardData/images/train/IMG_0426_jpg.rf.c59e11665b37f76b668a5686f4fff2b5.jpg'),
       WindowsPath('E:/Yolo-FastestV2-0.2/SolarBoardData/images/train/pv_crack-117-_jpg.rf.d3e59d92355b17fad3d7186274a949f3.jpg'),
       WindowsPath('E:/Yolo-FastestV2-0.2/SolarBoardData/images/train/IMG-20230418-WA0034_jpg.rf.767fec4dc9d7a71388e5b871a652bdab.jpg'),
       WindowsPath('E:/Yolo-FastestV2-0.2/SolarBoardData/images/train/pv_crack-117-_jpg.rf.a5ede8382908e2a075466fd0b7015b8b.jpg'),
       WindowsPath('E:/Yolo-FastestV2-0.2/SolarBoardData/images/train/pv_crack-8-_jpg.rf.65a287d045be3dd409761aabb30a3f44.jpg'),
       WindowsPath('E:/Yolo-FastestV2-0.2/SolarBoardData/images/train/cracked-ed29701c-fe6f-11ed-a2d7-5c60ba7633ae_jpg.rf.4a4ed621d6256739b1ff5312566b5772.jpg'),
       WindowsPath('E:/Yolo-FastestV2-0.2/SolarBoardData/images/train/Imgdirty_265_1_jpg.rf.dacb3e0d5a6b4312aa2888fea92dfebd.jpg'),
       WindowsPath('E:/Yolo-FastestV2-0.2/SolarBoardData/images/train/IMG_20230325_113725_jpg.rf.d5b9d274cf161a3ae09c06a8dbf919a4.jpg'),
       WindowsPath('E:/Yolo-FastestV2-0.2/SolarBoardData/images/train/WhatsApp-Image-2023-03-20-at-19-19-26-1-_jpeg_jpg.rf.31c0f1fc940b6da8b4e06c610fb3c5d1.jpg'),
       WindowsPath('E:/Yolo-FastestV2-0.2/SolarBoardData/images/train/IMG_20230324_111709_jpg.rf.a08162380f15d73ae124dac531dc70ce.jpg'),
       WindowsPath('E:/Yolo-FastestV2-0.2/SolarBoardData/images/train/good-e2f2a720-fe6f-11ed-9edc-5c60ba7633ae_jpg.rf.08766fb654c375f0383ad4fc1091c70b.jpg'),
       WindowsPath('E:/Yolo-FastestV2-0.2/SolarBoardData/images/train/IMG_8579_jpg.rf.e326b2f5b77f858aa6159f593977545d.jpg'),
       WindowsPath('E:/Yolo-FastestV2-0.2/SolarBoardData/images/train/Imgdirty_922_1_jpg.rf.ca10154ac4a2d7de673e7260f66f5361.jpg'),
       WindowsPath('E:/Yolo-FastestV2-0.2/SolarBoardData/images/train/Screenshot-2023-04-02-000708_png_jpg.rf.87920f93838da802094aef3685ad030d.jpg'),
       WindowsPath('E:/Yolo-FastestV2-0.2/SolarBoardData/images/train/IMG_20230324_113800_jpg.rf.e199cd1a2e22277f5a5a06b5347958b6.jpg'),
       WindowsPath('E:/Yolo-FastestV2-0.2/SolarBoardData/images/train/IMG_0409_jpg.rf.20be8b5bb6228730817fc8146a91eac3.jpg'),
       WindowsPath('E:/Yolo-FastestV2-0.2/SolarBoardData/images/train/frame120_jpg.rf.c3305e239745b66867874c3b5f51aef1.jpg'),
       WindowsPath('E:/Yolo-FastestV2-0.2/SolarBoardData/images/train/Imgdirty_267_1_jpg.rf.8f70b9fb4f942c3b9a5f618363c5bca8.jpg'),
       WindowsPath('E:/Yolo-FastestV2-0.2/SolarBoardData/images/train/good-c6051bc1-fe6f-11ed-ac63-5c60ba7633ae_jpg.rf.078b8a06cb11e625542aead63ca23bbc.jpg'),
       WindowsPath('E:/Yolo-FastestV2-0.2/SolarBoardData/images/train/Imgdirty_323_1_jpg.rf.8e078c9bc35ca2ab2a71c952e328c77f.jpg'),
       WindowsPath('E:/Yolo-FastestV2-0.2/SolarBoardData/images/train/IMG_20230325_114255_jpg.rf.044cabeeb13cab512c1163bb784e2924.jpg'),
       WindowsPath('E:/Yolo-FastestV2-0.2/SolarBoardData/images/train/WhatsApp-Image-2023-03-20-at-19-19-26-1-_jpeg_jpg.rf.45fcf2957e425ff3dbbeb87ed0cac29c.jpg'),
       WindowsPath('E:/Yolo-FastestV2-0.2/SolarBoardData/images/train/Imgdirty_39_1_jpg.rf.3f6415001563bb7195fed913f41518a9.jpg'),
       WindowsPath('E:/Yolo-FastestV2-0.2/SolarBoardData/images/train/IMG_0401_jpg.rf.f2432978b55fce6d0b17bc1a9fc09529.jpg'),
       WindowsPath('E:/Yolo-FastestV2-0.2/SolarBoardData/images/train/1677069179152_jpg.rf.474d682674a01a760f31e3ecdcc3b7cc.jpg'),
       WindowsPath('E:/Yolo-FastestV2-0.2/SolarBoardData/images/train/IMG_0402_jpg.rf.7d22e845b7b4fcebf484d589877d4965.jpg'),
       WindowsPath('E:/Yolo-FastestV2-0.2/SolarBoardData/images/train/IMG_0400_jpg.rf.179b10978a844da32095c73bcfea2a4b.jpg'),
       WindowsPath('E:/Yolo-FastestV2-0.2/SolarBoardData/images/train/WhatsApp-Image-2023-03-20-at-19-19-21-2-_jpeg_jpg.rf.12f60a149c386e0d9a351bd06a282c1c.jpg'),
       WindowsPath('E:/Yolo-FastestV2-0.2/SolarBoardData/images/train/Screenshot-2023-04-18-011347_png_jpg.rf.73dd454b69815b81803e955079681d94.jpg'),
       WindowsPath('E:/Yolo-FastestV2-0.2/SolarBoardData/images/train/IMG_20230324_112612_jpg.rf.6ea0ce47028780492c56a748a3f49b90.jpg'),
       WindowsPath('E:/Yolo-FastestV2-0.2/SolarBoardData/images/train/pv_crack-60-_jpg.rf.0e8936b17ba647ac9c39675ed5de175c.jpg'),
       WindowsPath('E:/Yolo-FastestV2-0.2/SolarBoardData/images/train/good-a3be7f11-fe6f-11ed-a7bd-5c60ba7633ae_jpg.rf.4cb3550a261cba01da63dfc2078fcf41.jpg'),
       WindowsPath('E:/Yolo-FastestV2-0.2/SolarBoardData/images/train/IMG_20230323_171441_jpg.rf.32af9dc8aa54f509cfcf92d5cee7bd23.jpg'),
       WindowsPath('E:/Yolo-FastestV2-0.2/SolarBoardData/images/train/IMG_0404_jpg.rf.bea6ff654030f47136c7a1ce7fd783aa.jpg'),
       WindowsPath('E:/Yolo-FastestV2-0.2/SolarBoardData/images/train/IMG_0403_jpg.rf.85fa2012482b10f89bf9d46cd33bcf86.jpg'),
       WindowsPath('E:/Yolo-FastestV2-0.2/SolarBoardData/images/train/good-d8194c79-fe6f-11ed-ac9a-5c60ba7633ae_jpg.rf.53ff706eb054d8451ee5f4b784eb7ba3.jpg'),
       WindowsPath('E:/Yolo-FastestV2-0.2/SolarBoardData/images/train/solar_Wed_Jun_21_7__20__31_2017_L_0-325188015089_I_0-163211764706_jpg.rf.c7f55e0a205e1b06816ceb3bb784a187.jpg'),
       WindowsPath('E:/Yolo-FastestV2-0.2/SolarBoardData/images/train/IMG_0399_jpg.rf.4d699cfdc0b6da0035cd5c5fc28c3ee2.jpg'),
       WindowsPath('E:/Yolo-FastestV2-0.2/SolarBoardData/images/train/Screenshot-2023-04-02-000611_png_jpg.rf.b4220a5c54bc5a73d832c3ba43d86096.jpg'),
       WindowsPath('E:/Yolo-FastestV2-0.2/SolarBoardData/images/train/Crack_254_jpg.rf.a429fca99c7735eaabba4a6e1fb53848.jpg'),
       WindowsPath('E:/Yolo-FastestV2-0.2/SolarBoardData/images/train/cracked-436-_jpg.rf.81e597e456e0da6542575da4809e2cc3.jpg'),
       WindowsPath('E:/Yolo-FastestV2-0.2/SolarBoardData/images/train/IMG_0409_jpg.rf.e217339ff02056055f898d3d2d889cd5.jpg'),
       WindowsPath('E:/Yolo-FastestV2-0.2/SolarBoardData/images/train/cracked-87-_jpg.rf.43534c0f87e70a7240e424a7052e3fce.jpg'),
       WindowsPath('E:/Yolo-FastestV2-0.2/SolarBoardData/images/train/pv_crack-142-_jpg.rf.593fb3b091750293bca631bd06c18fb8.jpg'),
       WindowsPath('E:/Yolo-FastestV2-0.2/SolarBoardData/images/train/IMG_20230323_170749_jpg.rf.1a671dcfd957f86b9800174f82306bbf.jpg'),
       WindowsPath('E:/Yolo-FastestV2-0.2/SolarBoardData/images/train/Imgdirty_498_1_jpg.rf.27f4ecbc7c5ce94c77bdfb01e4b8ed01.jpg'),
       WindowsPath('E:/Yolo-FastestV2-0.2/SolarBoardData/images/train/cracked-47-_jpg.rf.cc9b2579791e24951b0acb9d1b3a0b18.jpg'),
       WindowsPath('E:/Yolo-FastestV2-0.2/SolarBoardData/images/train/IMG_0394_jpg.rf.e491f1259e617ff167ac55b3b5fbf841.jpg'),
       WindowsPath('E:/Yolo-FastestV2-0.2/SolarBoardData/images/train/IMG_0420_jpg.rf.233cd7ea2aee7fbcb0e8a653ba03da54.jpg'),
       WindowsPath('E:/Yolo-FastestV2-0.2/SolarBoardData/images/train/Imgdirty_247_1_jpg.rf.44b49af385604b4b251e369626998e53.jpg'),
       WindowsPath('E:/Yolo-FastestV2-0.2/SolarBoardData/images/train/IMG_0418_jpg.rf.6615b72a97101278d44439178932ac76.jpg'),
       WindowsPath('E:/Yolo-FastestV2-0.2/SolarBoardData/images/train/good-e2f2a720-fe6f-11ed-9edc-5c60ba7633ae_jpg.rf.56a2a5f108a664c83559d674b5864cfb.jpg'),
       WindowsPath('E:/Yolo-FastestV2-0.2/SolarBoardData/images/train/IMG_20230313091841_9076289259331532525-jpg_34_jpg.rf.944bf1691b212a2fc2bb0a3e1cbaf82e.jpg'),
       WindowsPath('E:/Yolo-FastestV2-0.2/SolarBoardData/images/train/Imgdirty_670_1_jpg.rf.89fbdef709c05ebdbf42d656473b603b.jpg'),
       WindowsPath('E:/Yolo-FastestV2-0.2/SolarBoardData/images/train/good-d47d48f1-fe6f-11ed-9a5f-5c60ba7633ae_jpg.rf.a395305026d4fe0cfaa2b410ccec816b.jpg'),
       WindowsPath('E:/Yolo-FastestV2-0.2/SolarBoardData/images/train/IMG_8600_jpg.rf.2bc50bc80d82411075ec4ffeca654246.jpg'),
       WindowsPath('E:/Yolo-FastestV2-0.2/SolarBoardData/images/train/pv_crack-115-_jpg.rf.e8a4814710c473a13af22c5a76fdd221.jpg'),
       WindowsPath('E:/Yolo-FastestV2-0.2/SolarBoardData/images/train/Imgdirty_518_1_jpg.rf.a0e74487f872db0847682a093320391b.jpg'),
       WindowsPath('E:/Yolo-FastestV2-0.2/SolarBoardData/images/train/IMG_20230324_104950_jpg.rf.ae455bcc76f688ca2106e8b32ed545c3.jpg'),
       WindowsPath('E:/Yolo-FastestV2-0.2/SolarBoardData/images/train/good-d47d48f1-fe6f-11ed-9a5f-5c60ba7633ae_jpg.rf.e21a85a1936ebb6de22ac93550c81bd5.jpg'),
       WindowsPath('E:/Yolo-FastestV2-0.2/SolarBoardData/images/train/Screenshot-2023-04-18-012556_png_jpg.rf.ef5b372bfdca99bc0e5d089e24eddb19.jpg'),
       WindowsPath('E:/Yolo-FastestV2-0.2/SolarBoardData/images/train/Imgdirty_192_1_jpg.rf.e4a3a8b02bb01e8c1a752e829e754701.jpg'),
       WindowsPath('E:/Yolo-FastestV2-0.2/SolarBoardData/images/train/IMG_8576_jpg.rf.0286cae7e93464e8cd0752a43b3e072e.jpg'),
       WindowsPath('E:/Yolo-FastestV2-0.2/SolarBoardData/images/train/photo_2023-07-19_16-27-28_jpg.rf.7536a5e2bc8e057e555136ccc4e71f82.jpg'),
       WindowsPath('E:/Yolo-FastestV2-0.2/SolarBoardData/images/train/IMG_0399_jpg.rf.0574f7c8859bc8d82a51c9f02f81f555.jpg'),
       WindowsPath('E:/Yolo-FastestV2-0.2/SolarBoardData/images/train/good-df559385-fe6f-11ed-86dd-5c60ba7633ae_jpg.rf.3c8241dacce13e13b0a69b6ec071c5d1.jpg'),
       WindowsPath('E:/Yolo-FastestV2-0.2/SolarBoardData/images/train/Imgdirty_244_1_jpg.rf.8af51e5f8b7536cad6b64a0dc148cf40.jpg'),
       WindowsPath('E:/Yolo-FastestV2-0.2/SolarBoardData/images/train/IMG_0392_jpg.rf.23d35c4b9b57b68b63d386e3942184a7.jpg'),
       WindowsPath('E:/Yolo-FastestV2-0.2/SolarBoardData/images/train/cracked-f9d17ad1-fe6f-11ed-ab5f-5c60ba7633ae_jpg.rf.bdd4474ef2c5e3ee13566aad76c1c6d9.jpg'),
       WindowsPath('E:/Yolo-FastestV2-0.2/SolarBoardData/images/train/IMG_0422_jpg.rf.3539551bef23083ff3764c11948a3dea.jpg'),
       WindowsPath('E:/Yolo-FastestV2-0.2/SolarBoardData/images/train/IMG_8579_jpg.rf.5e81e6cb4c898c5cfadbd2825ae4fe99.jpg'),
       WindowsPath('E:/Yolo-FastestV2-0.2/SolarBoardData/images/train/Imgdirty_737_1_jpg.rf.a8ad05d36013c097ed15bc0ec0168d9c.jpg'),
       WindowsPath('E:/Yolo-FastestV2-0.2/SolarBoardData/images/train/Screenshot-2023-04-02-001243_png_jpg.rf.ff32033ee6cb6c985714e26fe5f8b693.jpg'),
       WindowsPath('E:/Yolo-FastestV2-0.2/SolarBoardData/images/train/pv_crack-1-_JPG_jpg.rf.9fdcf255064a61e41415e731c489cb3e.jpg'),
       WindowsPath('E:/Yolo-FastestV2-0.2/SolarBoardData/images/train/good-cd420062-fe6f-11ed-951b-5c60ba7633ae_jpg.rf.9cd8aed0b7c953523828f97425880eb5.jpg'),
       WindowsPath('E:/Yolo-FastestV2-0.2/SolarBoardData/images/train/IMG-20230418-WA0037_jpg.rf.bfb127ad2b008589761bcc5045c9db4c.jpg'),
       WindowsPath('E:/Yolo-FastestV2-0.2/SolarBoardData/images/train/IMG_0418_jpg.rf.da1f580f5aeef13f1aff4e39f20c85c4.jpg'),
       WindowsPath('E:/Yolo-FastestV2-0.2/SolarBoardData/images/train/Imgdirty_772_1_jpg.rf.83ad8ab6c9bd59cad69482e7ceafa3a0.jpg'),
       WindowsPath('E:/Yolo-FastestV2-0.2/SolarBoardData/images/train/cracked-0be0b6fb-fe70-11ed-b48f-5c60ba7633ae_jpg.rf.f88ee64ae520cb33178b462885483ac1.jpg'),
       WindowsPath('E:/Yolo-FastestV2-0.2/SolarBoardData/images/train/pv_crack-124-_jpg.rf.53ab065bd49e157aae3ee17284fad843.jpg'),
       WindowsPath('E:/Yolo-FastestV2-0.2/SolarBoardData/images/train/Imgdirty_630_1_jpg.rf.b7171cf424e53db8ddc11cd2ebc7a5be.jpg'),
       WindowsPath('E:/Yolo-FastestV2-0.2/SolarBoardData/images/train/photo_2023-07-19_16-27-25_jpg.rf.fbe8cde4e47746dd7982df507c9260ce.jpg'),
       WindowsPath('E:/Yolo-FastestV2-0.2/SolarBoardData/images/train/good-a1ef5a32-fe6f-11ed-981d-5c60ba7633ae_jpg.rf.ba441a0d8272a6629a473422b8f46391.jpg'),
       WindowsPath('E:/Yolo-FastestV2-0.2/SolarBoardData/images/train/cracked-333-_jpg.rf.77feeb5c14b35517c56fe1e48d18a3a4.jpg'),
       WindowsPath('E:/Yolo-FastestV2-0.2/SolarBoardData/images/train/pv_crack-184-_jpg.rf.3c887392959948fce2d305f20afe7bb3.jpg'),
       WindowsPath('E:/Yolo-FastestV2-0.2/SolarBoardData/images/train/cracked-98-_jpg.rf.a5320dc7bb6951a8f47c245e840a6d16.jpg'),
       WindowsPath('E:/Yolo-FastestV2-0.2/SolarBoardData/images/train/pv_crack-36-_jpg.rf.3e211f03ae75f9e57c59d3194c8ed2d5.jpg'),
       WindowsPath('E:/Yolo-FastestV2-0.2/SolarBoardData/images/train/IMG_8576_jpg.rf.3751b40e04647fb11fa317cbbf0963a6.jpg'),
       WindowsPath('E:/Yolo-FastestV2-0.2/SolarBoardData/images/train/IMG_0427_jpg.rf.c1842e97c201e5856dff57acc292ed14.jpg'),
       WindowsPath('E:/Yolo-FastestV2-0.2/SolarBoardData/images/train/good-a1ef5a32-fe6f-11ed-981d-5c60ba7633ae_jpg.rf.582ec903a43d114c60067f9be63ebd37.jpg'),
       WindowsPath('E:/Yolo-FastestV2-0.2/SolarBoardData/images/train/good-cd420062-fe6f-11ed-951b-5c60ba7633ae_jpg.rf.5005e59c117467f3eed64e3ee5874ca2.jpg'),
       WindowsPath('E:/Yolo-FastestV2-0.2/SolarBoardData/images/train/solar_Wed_Jun_14_8__15__49_2017_L_0-0987686540606_I_0-165290196078_jpg.rf.199a0b3e03b81198e93bbfe0c545d2f6.jpg'),
       WindowsPath('E:/Yolo-FastestV2-0.2/SolarBoardData/images/train/cracked-f0c72d6f-fe6f-11ed-a636-5c60ba7633ae_jpg.rf.05d51dbc928f898c15aab74314af45dc.jpg'),
       WindowsPath('E:/Yolo-FastestV2-0.2/SolarBoardData/images/train/photo_2023-07-19_16-27-29_jpg.rf.b15046d9bbb213a9ce0194d6aa81f2c2.jpg'),
       WindowsPath('E:/Yolo-FastestV2-0.2/SolarBoardData/images/train/Imgdirty_404_1_jpg.rf.45983248da2192f1d7993ea4e9821a6a.jpg'),
       WindowsPath('E:/Yolo-FastestV2-0.2/SolarBoardData/images/train/good-a1ef5a32-fe6f-11ed-981d-5c60ba7633ae_jpg.rf.df6bb4a101e2dc3174ffa24f369313db.jpg'),
       WindowsPath('E:/Yolo-FastestV2-0.2/SolarBoardData/images/train/cracked-74-_jpg.rf.5807d4be2f75e77b74e275958dd1a9c7.jpg'),
       WindowsPath('E:/Yolo-FastestV2-0.2/SolarBoardData/images/train/Imgdirty_175_1_jpg.rf.5a9e2870eeacd2db240740e1b45d7080.jpg'),
       WindowsPath('E:/Yolo-FastestV2-0.2/SolarBoardData/images/train/istockphoto-1226698631-612x612_jpg.rf.d6610ba11cfc2483680e2233e24777bf.jpg'),
       WindowsPath('E:/Yolo-FastestV2-0.2/SolarBoardData/images/train/pv_crack-188-_jpg.rf.298a50055cad30a3d42d6d6fb79ebcb3.jpg'),
       WindowsPath('E:/Yolo-FastestV2-0.2/SolarBoardData/images/train/Imgdirty_715_1_jpg.rf.be478567367e2f92bdf6d0d6708a0d16.jpg'),
       WindowsPath('E:/Yolo-FastestV2-0.2/SolarBoardData/images/train/cracked-ed29701c-fe6f-11ed-a2d7-5c60ba7633ae_jpg.rf.6d956cf980587fc5357eb272b58243b3.jpg'),
       WindowsPath('E:/Yolo-FastestV2-0.2/SolarBoardData/images/train/WhatsApp-Image-2023-03-20-at-19-19-26-1-_jpeg_jpg.rf.7781aca77a1b4d82e0354bd50a24deef.jpg'),
       WindowsPath('E:/Yolo-FastestV2-0.2/SolarBoardData/images/train/IMG-20230418-WA0039_jpg.rf.ca313fd0b39abfed64c40a3a551c7fed.jpg'),
       WindowsPath('E:/Yolo-FastestV2-0.2/SolarBoardData/images/train/good-c7d66523-fe6f-11ed-8e67-5c60ba7633ae_jpg.rf.ad97cc4a33442292fa5287f04f6f041f.jpg'),
       WindowsPath('E:/Yolo-FastestV2-0.2/SolarBoardData/images/train/Imgclean_259_0_jpg.rf.7feabaa0881e971c2dd90478ecffa662.jpg'),
       WindowsPath('E:/Yolo-FastestV2-0.2/SolarBoardData/images/train/Screenshot-2023-04-01-180713_png_jpg.rf.608f652e05608b8e612e8adeda894450.jpg'),
       WindowsPath('E:/Yolo-FastestV2-0.2/SolarBoardData/images/train/Imgdirty_22_1_jpg.rf.f7a6941103486a223397551dbb7ee6d1.jpg'),
       WindowsPath('E:/Yolo-FastestV2-0.2/SolarBoardData/images/train/WhatsApp-Image-2023-03-20-at-19-19-21-3-_jpeg_jpg.rf.5bdcd3399b6a0e36a9ac96b041648a78.jpg'),
       WindowsPath('E:/Yolo-FastestV2-0.2/SolarBoardData/images/train/good-df559385-fe6f-11ed-86dd-5c60ba7633ae_jpg.rf.cf9e7856e7996137a426ff1ff0a297b2.jpg'),
       WindowsPath('E:/Yolo-FastestV2-0.2/SolarBoardData/images/train/Imgdirty_1006_1_jpg.rf.466cffa4e17f35fca1080218bcfd52db.jpg'),
       WindowsPath('E:/Yolo-FastestV2-0.2/SolarBoardData/images/train/Screenshot-2023-04-01-180311_png_jpg.rf.71bb94f041705e69b71b322452fd7c14.jpg'),
       WindowsPath('E:/Yolo-FastestV2-0.2/SolarBoardData/images/train/good-d0df07e1-fe6f-11ed-a98d-5c60ba7633ae_jpg.rf.3a2164f3bfe159fee41a6e1f81945484.jpg'),
       WindowsPath('E:/Yolo-FastestV2-0.2/SolarBoardData/images/train/IMG_0408_jpg.rf.7e9e18ef481994fd0e79830c6339690a.jpg'),
       WindowsPath('E:/Yolo-FastestV2-0.2/SolarBoardData/images/train/cracked-aa528bb0-fe6f-11ed-aeff-5c60ba7633ae_jpg.rf.efa08bb37d3aea4e606483db1e26a803.jpg'),
       WindowsPath('E:/Yolo-FastestV2-0.2/SolarBoardData/images/train/Imgdirty_1020_1_jpg.rf.1692a923cba528e9f790ee5d1f717204.jpg'),
       WindowsPath('E:/Yolo-FastestV2-0.2/SolarBoardData/images/train/Imgdirty_70_1_jpg.rf.4415c0037f8b3491dcaf8426cd07e3da.jpg'),
       WindowsPath('E:/Yolo-FastestV2-0.2/SolarBoardData/images/train/cracked-89-_jpg.rf.8562e880b46433884ee763c252d14135.jpg'),
       WindowsPath('E:/Yolo-FastestV2-0.2/SolarBoardData/images/train/good-e2f2a720-fe6f-11ed-9edc-5c60ba7633ae_jpg.rf.40ab0444dd35b37cc3970fc3866c59f9.jpg'),
       WindowsPath('E:/Yolo-FastestV2-0.2/SolarBoardData/images/train/cracked-88-_jpg.rf.0c3ad91ad83e021e7db90f0fd68a79fb.jpg'),
       WindowsPath('E:/Yolo-FastestV2-0.2/SolarBoardData/images/train/cracked-459-_jpg.rf.03aa73e404aa64c9d88c0613cf50c25f.jpg'),
       WindowsPath('E:/Yolo-FastestV2-0.2/SolarBoardData/images/train/pv_crack-188-_jpg.rf.70707fb573c0ba3244f9414e373100cb.jpg'),
       WindowsPath('E:/Yolo-FastestV2-0.2/SolarBoardData/images/train/Screenshot-2023-04-02-000552_png_jpg.rf.0d262ea5e123e5156a85ce60d47ee0c7.jpg'),
       WindowsPath('E:/Yolo-FastestV2-0.2/SolarBoardData/images/train/WhatsApp-Image-2023-03-20-at-19-19-29_jpeg_jpg.rf.19b72ceb2ee7069a26380424c390ff93.jpg'),
       WindowsPath('E:/Yolo-FastestV2-0.2/SolarBoardData/images/train/solar_Wed_Jun_21_8__42__38_2017_L_0-399503428707_I_0-364854901961_jpg.rf.245b24d553e1d0794bf2985162f7eaa8.jpg'),
       WindowsPath('E:/Yolo-FastestV2-0.2/SolarBoardData/images/train/Imgdirty_1030_1_jpg.rf.1896854b8f0ba666b90668ea761356ae.jpg'),
       WindowsPath('E:/Yolo-FastestV2-0.2/SolarBoardData/images/train/Imgdirty_372_1_jpg.rf.e203b75f9aee22bffc6670cb00d98d46.jpg'),
       WindowsPath('E:/Yolo-FastestV2-0.2/SolarBoardData/images/train/IMG_20230323_171054_jpg.rf.a26b66cf7c18bd52b9d4fd87fefc97fd.jpg'),
       WindowsPath('E:/Yolo-FastestV2-0.2/SolarBoardData/images/train/Imgdirty_292_1_jpg.rf.9f30abe62e31f3646a8207d9867d408f.jpg'),
       WindowsPath('E:/Yolo-FastestV2-0.2/SolarBoardData/images/train/IMG_0409_jpg.rf.290bcd7452a98b09d413555d9b366f4f.jpg'),
       WindowsPath('E:/Yolo-FastestV2-0.2/SolarBoardData/images/train/pv_crack-44-_jpg.rf.a6706a099762dae9d9dc7c4e0beffcf1.jpg'),
       WindowsPath('E:/Yolo-FastestV2-0.2/SolarBoardData/images/train/cracked-0675b62b-fe70-11ed-88cb-5c60ba7633ae_jpg.rf.8eb39d4a77c96b013beb40fed5b63cc0.jpg'),
       WindowsPath('E:/Yolo-FastestV2-0.2/SolarBoardData/images/train/solar_Wed_Jun_14_9__27__0_2017_L_0-0972486379583_I_0-517533333333_jpg.rf.facd8515f5c5f2bab9759d1cba2c4614.jpg'),
       WindowsPath('E:/Yolo-FastestV2-0.2/SolarBoardData/images/train/WhatsApp-Image-2023-03-20-at-19-18-54-2-_jpeg_jpg.rf.a7dba8ac60bd5f6c224f6f2f9a71fefd.jpg'),
       WindowsPath('E:/Yolo-FastestV2-0.2/SolarBoardData/images/train/pv_crack-172-_jpg.rf.202a5d0fb8c619c298332f276b2c237c.jpg'),
       WindowsPath('E:/Yolo-FastestV2-0.2/SolarBoardData/images/train/Imgdirty_214_1_jpg.rf.c748d650481b42544db62def3c788ead.jpg'),
       WindowsPath('E:/Yolo-FastestV2-0.2/SolarBoardData/images/train/IMG_0448_jpg.rf.e8d183e8dc5b06994c5988c61fafc172.jpg'),
       WindowsPath('E:/Yolo-FastestV2-0.2/SolarBoardData/images/train/Imgdirty_240_1_jpg.rf.5e2304e79c2fadea7a7484a88cf0b768.jpg'),
       WindowsPath('E:/Yolo-FastestV2-0.2/SolarBoardData/images/train/Imgdirty_1047_1_jpg.rf.2ad584f525fa4ef977665495dc3d9698.jpg'),
       WindowsPath('E:/Yolo-FastestV2-0.2/SolarBoardData/images/train/Screenshot-2023-04-01-180311_png_jpg.rf.aa5253897e8ffe6fe2bf54fc495167c1.jpg'),
       WindowsPath('E:/Yolo-FastestV2-0.2/SolarBoardData/images/train/Imgdirty_296_1_jpg.rf.039d8a74bb6fab790cc2a5371f4c98f7.jpg'),
       WindowsPath('E:/Yolo-FastestV2-0.2/SolarBoardData/images/train/Screenshot-2023-04-01-181509_png_jpg.rf.6cc75b6b77bb4ff5255bd96bf05c677c.jpg'),
       WindowsPath('E:/Yolo-FastestV2-0.2/SolarBoardData/images/train/pv_crack-144-_jpg.rf.5f95fb2e89b22a0e4fa4f1cd9cb8b1e8.jpg'),
       WindowsPath('E:/Yolo-FastestV2-0.2/SolarBoardData/images/train/IMG_0411_jpg.rf.6632a5d513405900dfa9f8ad30e1b0c8.jpg'),
       WindowsPath('E:/Yolo-FastestV2-0.2/SolarBoardData/images/train/Imgdirty_607_1_jpg.rf.241773da521a84e7b0747f8600a99db6.jpg'),
       WindowsPath('E:/Yolo-FastestV2-0.2/SolarBoardData/images/train/IMG_20230323_171241_jpg.rf.97791757df52c1107b3725b9f0676dee.jpg'),
       WindowsPath('E:/Yolo-FastestV2-0.2/SolarBoardData/images/train/Screenshot-2023-04-01-180811_png.rf.7244ad00844996dc6e03d9edb0a419f0.jpg'),
       WindowsPath('E:/Yolo-FastestV2-0.2/SolarBoardData/images/train/cracked-ff3c284a-fe6f-11ed-9a94-5c60ba7633ae_jpg.rf.ab345273987e06bc1fd4f782f798ed94.jpg'),
       WindowsPath('E:/Yolo-FastestV2-0.2/SolarBoardData/images/train/Crack_133_jpg.rf.9d79c3bfa6ce6a32f5fb5adc2f8b4a0e.jpg'),
       WindowsPath('E:/Yolo-FastestV2-0.2/SolarBoardData/images/train/Imgclean_34_0_jpg.rf.ce0366acb4914536df483ecda91c9d8d.jpg'),
       WindowsPath('E:/Yolo-FastestV2-0.2/SolarBoardData/images/train/cracked-f0c72d6f-fe6f-11ed-a636-5c60ba7633ae_jpg.rf.ced41c91640e91a7fd90d5fd3a0ee10e.jpg'),
       WindowsPath('E:/Yolo-FastestV2-0.2/SolarBoardData/images/train/IMG_0409_jpg.rf.65c15599f5c711a2bfc9da265175338f.jpg'),
       WindowsPath('E:/Yolo-FastestV2-0.2/SolarBoardData/images/train/IMG_0395_jpg.rf.bf60addf4a3db31a24953a3b4aaf5490.jpg'),
       WindowsPath('E:/Yolo-FastestV2-0.2/SolarBoardData/images/train/WhatsApp-Image-2023-03-20-at-19-19-26_jpeg_jpg.rf.60f3169689853d8473a256a4890f50a6.jpg'),
       WindowsPath('E:/Yolo-FastestV2-0.2/SolarBoardData/images/train/Imgdirty_1018_1_jpg.rf.f90bc7153a0bc2ebeb61016c6687008b.jpg'),
       WindowsPath('E:/Yolo-FastestV2-0.2/SolarBoardData/images/train/Imgdirty_312_1_jpg.rf.1db8aec5892c420c2b3f82dbfe6f2938.jpg'),
       WindowsPath('E:/Yolo-FastestV2-0.2/SolarBoardData/images/train/solar_Thu_Jun_15_15__3__7_2017_L_0-415578958906_I_0-429337254902_jpg.rf.afd1c4fad89df55edc9e2785eb79288a.jpg'),
       WindowsPath('E:/Yolo-FastestV2-0.2/SolarBoardData/images/train/IMG_0400_jpg.rf.47d0d8c77f794a629c2142c46c4624bf.jpg'),
       WindowsPath('E:/Yolo-FastestV2-0.2/SolarBoardData/images/train/IMG_0426_jpg.rf.afe298ca74853856349e7f0fc4428704.jpg'),
       WindowsPath('E:/Yolo-FastestV2-0.2/SolarBoardData/images/train/Imgdirty_42_1_jpg.rf.5a170b7f956319ae7ff2395f5b9da9c8.jpg'),
       WindowsPath('E:/Yolo-FastestV2-0.2/SolarBoardData/images/train/IMG_0421_jpg.rf.03c0b1f6e1dc96c7d5e606127afc680c.jpg'),
       WindowsPath('E:/Yolo-FastestV2-0.2/SolarBoardData/images/train/cracked-354-_jpg.rf.89230778d1fb949d8abdb2e7b3f1c9c0.jpg'),
       WindowsPath('E:/Yolo-FastestV2-0.2/SolarBoardData/images/train/IMG_0390_jpg.rf.51198518fd6717dfe478318de9515998.jpg'),
       WindowsPath('E:/Yolo-FastestV2-0.2/SolarBoardData/images/train/IMG_8602_jpg.rf.c13a5605dc7b3cebffcbb6c6702d9d45.jpg'),
       WindowsPath('E:/Yolo-FastestV2-0.2/SolarBoardData/images/train/IMG_20230323_165337_jpg.rf.f57cd37ffde892a8ec675cc5aec58604.jpg'),
       WindowsPath('E:/Yolo-FastestV2-0.2/SolarBoardData/images/train/cracked-426-_jpg.rf.790ca4e312fcbd5faca61770e6854d3d.jpg'),
       WindowsPath('E:/Yolo-FastestV2-0.2/SolarBoardData/images/train/cracked-284-_jpg.rf.a300467a6d290daee626c8848bc723c8.jpg'),
       WindowsPath('E:/Yolo-FastestV2-0.2/SolarBoardData/images/train/Imgdirty_468_1_jpg.rf.f4787774787e2515528eb5635a774417.jpg'),
       WindowsPath('E:/Yolo-FastestV2-0.2/SolarBoardData/images/train/pv_crack-36-_jpg.rf.2f78523b7f84848b2742148db78fce4b.jpg'),
       WindowsPath('E:/Yolo-FastestV2-0.2/SolarBoardData/images/train/Rusak909_jpg.rf.c0477ad82b9ac93cf00d2772244bb5b7.jpg'),
       WindowsPath('E:/Yolo-FastestV2-0.2/SolarBoardData/images/train/photo_2023-07-19_16-27-44_jpg.rf.d6c449fbf7aac5b27d177bd66ed21f64.jpg'),
       WindowsPath('E:/Yolo-FastestV2-0.2/SolarBoardData/images/train/good-c9a4e5a6-fe6f-11ed-8112-5c60ba7633ae_jpg.rf.5eb1f684c125b4117aa8e65497ff6bda.jpg'),
       WindowsPath('E:/Yolo-FastestV2-0.2/SolarBoardData/images/train/Screenshot-2023-04-01-180619_png.rf.08cb6c85aa9dff4a91cd51dca229efe2.jpg'),
       WindowsPath('E:/Yolo-FastestV2-0.2/SolarBoardData/images/train/Scratch_333_png_jpg.rf.367ea2ee979bca34339a84e02724f98f.jpg'),
       WindowsPath('E:/Yolo-FastestV2-0.2/SolarBoardData/images/train/IMG_0449_jpg.rf.ce2b6afcd563534f5e252141d6ab151f.jpg'),
       WindowsPath('E:/Yolo-FastestV2-0.2/SolarBoardData/images/train/Screenshot-2023-04-01-180834_png_jpg.rf.ac3b9cc989fd6ee97356b2462b7082c0.jpg'),
       WindowsPath('E:/Yolo-FastestV2-0.2/SolarBoardData/images/train/cracked-316-_jpg.rf.ad314a131a9ebf35ca00665fee741072.jpg'),
       WindowsPath('E:/Yolo-FastestV2-0.2/SolarBoardData/images/train/WhatsApp-Image-2023-03-20-at-19-19-20_jpeg_jpg.rf.d9b3900197a4e8de560df878132572ca.jpg'),
       WindowsPath('E:/Yolo-FastestV2-0.2/SolarBoardData/images/train/Crack_217_jpg.rf.de880f8807710ba7d8ec2d20fbc90831.jpg'),
       WindowsPath('E:/Yolo-FastestV2-0.2/SolarBoardData/images/train/Screenshot-2023-04-01-180510_png_jpg.rf.cd756b3094f5b7fdec68e3c256237de4.jpg'),
       WindowsPath('E:/Yolo-FastestV2-0.2/SolarBoardData/images/train/cracked-93-_jpg.rf.572b882abcdca31c4b255e9eb4328592.jpg'),
       WindowsPath('E:/Yolo-FastestV2-0.2/SolarBoardData/images/train/IMG_0415_jpg.rf.1bacede7d931bee53106cbd6a759c81a.jpg'),
       WindowsPath('E:/Yolo-FastestV2-0.2/SolarBoardData/images/train/Imgdirty_661_1_jpg.rf.ce932e11a8c5e19b84f688bafd40706b.jpg'),
       WindowsPath('E:/Yolo-FastestV2-0.2/SolarBoardData/images/train/cracked-80-_jpg.rf.795263ede45a95ecf315aa01b9a76009.jpg'),
       WindowsPath('E:/Yolo-FastestV2-0.2/SolarBoardData/images/train/IMG-20230418-WA0031_jpg.rf.a358a81c2f9eabb97845485f2d2e227c.jpg'),
       WindowsPath('E:/Yolo-FastestV2-0.2/SolarBoardData/images/train/IMG_0406_jpg.rf.c8a78f3897cffe2480b4a8e3094689fb.jpg'),
       WindowsPath('E:/Yolo-FastestV2-0.2/SolarBoardData/images/train/Screenshot-2023-04-02-002333_png_jpg.rf.ad7052dee838b8cc5a66771ce98c203b.jpg'),
       WindowsPath('E:/Yolo-FastestV2-0.2/SolarBoardData/images/train/Imgdirty_930_1_jpg.rf.ee7481f320066d5ef3e76ffba1fe1ef1.jpg'),
       WindowsPath('E:/Yolo-FastestV2-0.2/SolarBoardData/images/train/IMG_0431_jpg.rf.12b996ec418854049c66eb22e1825f58.jpg'),
       WindowsPath('E:/Yolo-FastestV2-0.2/SolarBoardData/images/train/Imgdirty_167_1_jpg.rf.6f1fb4f77ae8bd9ccfbb6e3a09e75d43.jpg'),
       WindowsPath('E:/Yolo-FastestV2-0.2/SolarBoardData/images/train/pv_crack-99-_jpg.rf.9eac7f247472409c32c9dc8360949590.jpg'),
       WindowsPath('E:/Yolo-FastestV2-0.2/SolarBoardData/images/train/Imgclean_7_0_jpg.rf.edc09211c24592b757a6a5e3f362d793.jpg'),
       WindowsPath('E:/Yolo-FastestV2-0.2/SolarBoardData/images/train/Imgdirty_546_1_jpg.rf.4a820071a1ec84ae7e2e2df2f6dbb15a.jpg'),
       WindowsPath('E:/Yolo-FastestV2-0.2/SolarBoardData/images/train/pv_crack-78-_jpg.rf.d8b6202b91f613f6b4584c61ca9e5c12.jpg'),
       WindowsPath('E:/Yolo-FastestV2-0.2/SolarBoardData/images/train/Imgclean_424_0_jpg.rf.3c5fa617af4af2fb60ecb9da097cc5bd.jpg'),
       WindowsPath('E:/Yolo-FastestV2-0.2/SolarBoardData/images/train/pv_crack-117-_jpg.rf.77d043b22d122f6d1e0a2b498181afb9.jpg'),
       WindowsPath('E:/Yolo-FastestV2-0.2/SolarBoardData/images/train/IMG_0448_jpg.rf.3335b263e3030854901e83e0393b0302.jpg'),
       WindowsPath('E:/Yolo-FastestV2-0.2/SolarBoardData/images/train/Crack_1_jpg.rf.d68c6dd4c010e2f02deab91b73349bc0.jpg'),
       WindowsPath('E:/Yolo-FastestV2-0.2/SolarBoardData/images/train/Imgdirty_840_1_jpg.rf.2eb4d59590d133bba160499f4dea45cb.jpg'),
       WindowsPath('E:/Yolo-FastestV2-0.2/SolarBoardData/images/train/photo_2023-07-19_16-27-26_jpg.rf.7b8326297bbb1887fecd342b54ab48e6.jpg'),
       WindowsPath('E:/Yolo-FastestV2-0.2/SolarBoardData/images/train/pv_crack-64-_jpg.rf.a5682028f6dd033a581ff99a1ec0e37f.jpg'),
       WindowsPath('E:/Yolo-FastestV2-0.2/SolarBoardData/images/train/IMG_0427_jpg.rf.0f96b85bb70ac793617191abc11ba5f7.jpg'),
       WindowsPath('E:/Yolo-FastestV2-0.2/SolarBoardData/images/train/IMG_20230323_164830_jpg.rf.2091dbb3d6ddf3862af5ecf6d448d93b.jpg'),
       WindowsPath('E:/Yolo-FastestV2-0.2/SolarBoardData/images/train/solar_Wed_Jun_14_9__48__18_2017_L_0-300001871503_I_0-419082352941_jpg.rf.b755e26d08cfd34732d8dc5e235760e9.jpg'),
       WindowsPath('E:/Yolo-FastestV2-0.2/SolarBoardData/images/train/Screenshot-2023-04-18-044452_png_jpg.rf.0f9c2ed58f3a7b459d92518e43b3b4cf.jpg'),
       WindowsPath('E:/Yolo-FastestV2-0.2/SolarBoardData/images/train/IMG_0406_jpg.rf.cb74014cab8c74f7e57a6a498e9ab2a4.jpg'),
       WindowsPath('E:/Yolo-FastestV2-0.2/SolarBoardData/images/train/good-a3be7f11-fe6f-11ed-a7bd-5c60ba7633ae_jpg.rf.934ff9cd9c3873ca1b8745c1c155b824.jpg'),
       WindowsPath('E:/Yolo-FastestV2-0.2/SolarBoardData/images/train/cracked-4-_jpg.rf.ff65161f8e21aaed07939635ea09ac99.jpg'),
       WindowsPath('E:/Yolo-FastestV2-0.2/SolarBoardData/images/train/Imgdirty_585_1_jpg.rf.671260062c3f446ea046cc0f90e57da2.jpg'),
       WindowsPath('E:/Yolo-FastestV2-0.2/SolarBoardData/images/train/cracked-352-_jpg.rf.0e37349ea423bfbb66eada4acb43798d.jpg'),
       WindowsPath('E:/Yolo-FastestV2-0.2/SolarBoardData/images/train/cracked-59-_jpg.rf.ce81ffaae559e1294dcf261e7c1fe2f6.jpg'),
       WindowsPath('E:/Yolo-FastestV2-0.2/SolarBoardData/images/train/Imgdirty_1037_1_jpg.rf.9be8e76b6fd0470db4ccdf0a30edf45a.jpg'),
       WindowsPath('E:/Yolo-FastestV2-0.2/SolarBoardData/images/train/1677073267914_jpg.rf.b7f31da36255be66518933acadca6d36.jpg'),
       WindowsPath('E:/Yolo-FastestV2-0.2/SolarBoardData/images/train/good-a1ef5a32-fe6f-11ed-981d-5c60ba7633ae_jpg.rf.56dfe8f50658a40e565f5e6eca5daa68.jpg'),
       WindowsPath('E:/Yolo-FastestV2-0.2/SolarBoardData/images/train/IMG_0391_jpg.rf.25d393f031d2217e503bb8cf42dbc919.jpg'),
       WindowsPath('E:/Yolo-FastestV2-0.2/SolarBoardData/images/train/cracked-415-_jpg.rf.186f2508a9d0527ba642f4280ee2b7ca.jpg'),
       WindowsPath('E:/Yolo-FastestV2-0.2/SolarBoardData/images/train/pv_crack-200-_jpg.rf.2b324705346ef630f522c5b842236b5b.jpg'),
       WindowsPath('E:/Yolo-FastestV2-0.2/SolarBoardData/images/train/photo_2023-07-19_16-27-42_jpg.rf.779ac57473bd9f14f9616fbea3535d57.jpg'),
       WindowsPath('E:/Yolo-FastestV2-0.2/SolarBoardData/images/train/IMG_0422_jpg.rf.a01327c5a5127be038b4f0fd9af234af.jpg'),
       WindowsPath('E:/Yolo-FastestV2-0.2/SolarBoardData/images/train/good-a3be7f11-fe6f-11ed-a7bd-5c60ba7633ae_jpg.rf.f76fd526232c683c38f99cfb9aaeacbe.jpg'),
       WindowsPath('E:/Yolo-FastestV2-0.2/SolarBoardData/images/train/Rusak961_jpg.rf.81aeb82faf884f448cd0c5057d227199.jpg'),
       WindowsPath('E:/Yolo-FastestV2-0.2/SolarBoardData/images/train/images-20-_jpg.rf.c8f2d1dd525ab6e5610648338604c847.jpg'),
       WindowsPath('E:/Yolo-FastestV2-0.2/SolarBoardData/images/train/pv_crack-137-_jpg.rf.5bdccddaaff88ccd26dff7fec808b5b0.jpg'),
       WindowsPath('E:/Yolo-FastestV2-0.2/SolarBoardData/images/train/Screenshot-2023-04-01-181509_png_jpg.rf.f1dbef9077a4ba82d4b5faa1b6ef40e9.jpg'),
       WindowsPath('E:/Yolo-FastestV2-0.2/SolarBoardData/images/train/good-df559385-fe6f-11ed-86dd-5c60ba7633ae_jpg.rf.c896165d8f4e153fcc549b4a0f3e1e8e.jpg'),
       WindowsPath('E:/Yolo-FastestV2-0.2/SolarBoardData/images/train/WhatsApp-Image-2023-03-20-at-19-19-28_jpeg_jpg.rf.431ad1052471e9ef35cc53af26ccc0df.jpg'),
       WindowsPath('E:/Yolo-FastestV2-0.2/SolarBoardData/images/train/IMG_0391_jpg.rf.5c2b7e9eb05ec0504395501da8bb94a1.jpg'),
       WindowsPath('E:/Yolo-FastestV2-0.2/SolarBoardData/images/train/good-dd86b288-fe6f-11ed-b752-5c60ba7633ae_jpg.rf.019eefc537be7fcce9aa1baa605c061f.jpg'),
       WindowsPath('E:/Yolo-FastestV2-0.2/SolarBoardData/images/train/good-dbb7c116-fe6f-11ed-8e77-5c60ba7633ae_jpg.rf.ae14316907b43e10bc33f93fd472a98a.jpg'),
       WindowsPath('E:/Yolo-FastestV2-0.2/SolarBoardData/images/train/solar_Thu_Jun_15_14__51__47_2017_L_0-405347035374_I_0-435792156863_jpg.rf.c4c17c5b0175e36c53ea66fb7019ad33.jpg'),
       WindowsPath('E:/Yolo-FastestV2-0.2/SolarBoardData/images/train/IMG_0392_jpg.rf.af69d8cf4fec43aa5735fb9c51e49584.jpg'),
       WindowsPath('E:/Yolo-FastestV2-0.2/SolarBoardData/images/train/photo_2023-07-19_16-27-18_jpg.rf.188b19ab6a07aa89312f9ea407868bd9.jpg'),
       WindowsPath('E:/Yolo-FastestV2-0.2/SolarBoardData/images/train/IMG_20230324_112158_jpg.rf.d6a83cfac2bd126cd572b2c197b02f24.jpg'),
       WindowsPath('E:/Yolo-FastestV2-0.2/SolarBoardData/images/train/good-d8194c79-fe6f-11ed-ac9a-5c60ba7633ae_jpg.rf.b1ef17920a8f5f10f4e5a31fc91997e4.jpg'),
       WindowsPath('E:/Yolo-FastestV2-0.2/SolarBoardData/images/train/IMG_0408_jpg.rf.591ae25e62d7569d89a365e3b5e29257.jpg'),
       WindowsPath('E:/Yolo-FastestV2-0.2/SolarBoardData/images/train/WhatsApp-Image-2023-03-20-at-19-19-23_jpeg_jpg.rf.c072b611fa1e90420a1fba6ea841b0fb.jpg'),
       WindowsPath('E:/Yolo-FastestV2-0.2/SolarBoardData/images/train/WhatsApp-Image-2023-03-20-at-19-19-21-2-_jpeg_jpg.rf.d6cca3e7be1818d3b98a1ae34a93d167.jpg'),
       WindowsPath('E:/Yolo-FastestV2-0.2/SolarBoardData/images/train/Screenshot-2023-04-02-002436_png_jpg.rf.30ccc31289b52fe4e20349f2281c392e.jpg'),
       WindowsPath('E:/Yolo-FastestV2-0.2/SolarBoardData/images/train/Imgdirty_1024_1_jpg.rf.4c00784fbb20adb52fb67f6bf7e09a4a.jpg'),
       WindowsPath('E:/Yolo-FastestV2-0.2/SolarBoardData/images/train/Imgclean_34_0_jpg.rf.c6bbd67d5b7d1e8d8e0c336d961c4eb2.jpg'),
       WindowsPath('E:/Yolo-FastestV2-0.2/SolarBoardData/images/train/Screenshot-2023-04-18-044452_png_jpg.rf.e34d32c809d8f3335419c2cf8ee401b0.jpg'),
       WindowsPath('E:/Yolo-FastestV2-0.2/SolarBoardData/images/train/Imgclean_34_0_jpg.rf.a5462b1835c8e0b4f4d431e286f050bb.jpg'),
       WindowsPath('E:/Yolo-FastestV2-0.2/SolarBoardData/images/train/WhatsApp-Image-2023-03-20-at-19-19-29_jpeg_jpg.rf.85ce2914810314221eb88fb66e2b9307.jpg'),
       WindowsPath('E:/Yolo-FastestV2-0.2/SolarBoardData/images/train/solar_Fri_Jun_30_11__48__41_2017_L_0-776222987657_I_0-765082352941_jpg.rf.e4943580b3dfee4fe45c8b999bb1b601.jpg'),
       WindowsPath('E:/Yolo-FastestV2-0.2/SolarBoardData/images/train/Imgdirty_151_1_jpg.rf.bb3a1aa853b64cae81fd165984e915d0.jpg'),
       WindowsPath('E:/Yolo-FastestV2-0.2/SolarBoardData/images/train/cracked-f0c72d6f-fe6f-11ed-a636-5c60ba7633ae_jpg.rf.d5971d9b4521f0b320303df6339435cd.jpg'),
       WindowsPath('E:/Yolo-FastestV2-0.2/SolarBoardData/images/train/IMG-20230418-WA0040_jpg.rf.70ef55effd59f57c1a6336b72109f004.jpg'),
       WindowsPath('E:/Yolo-FastestV2-0.2/SolarBoardData/images/train/cracked-53-_jpg.rf.8c44e10fe206496b4d538f7250f1981d.jpg'),
       WindowsPath('E:/Yolo-FastestV2-0.2/SolarBoardData/images/train/cracked-eef974b0-fe6f-11ed-9646-5c60ba7633ae_jpg.rf.ea6eb14234d48d2233f54066ff6948f5.jpg'),
       WindowsPath('E:/Yolo-FastestV2-0.2/SolarBoardData/images/train/good-dd86b288-fe6f-11ed-b752-5c60ba7633ae_jpg.rf.5b41e7e5af9ab2f7056ece4973fc3408.jpg'),
       WindowsPath('E:/Yolo-FastestV2-0.2/SolarBoardData/images/train/solar_Fri_Jun_30_11__39__56_2017_L_0-755393550234_I_0-383537254902_jpg.rf.fcbcac579fc29158ed6699cb92eaa817.jpg'),
       WindowsPath('E:/Yolo-FastestV2-0.2/SolarBoardData/images/train/Imgclean_292_0_jpg.rf.b736ec9097b3ea903163dc5436dd54b6.jpg'),
       WindowsPath('E:/Yolo-FastestV2-0.2/SolarBoardData/images/train/solar_Fri_Jun_16_10__32__11_2017_L_0-795547391483_I_0-409894117647_jpg.rf.e852739e3ecfd3e42eadfd416729724e.jpg'),
       WindowsPath('E:/Yolo-FastestV2-0.2/SolarBoardData/images/train/Screenshot-2023-04-18-011936_png.rf.c8987cc10d922cf992cf81463395ebc8.jpg'),
       WindowsPath('E:/Yolo-FastestV2-0.2/SolarBoardData/images/train/WhatsApp-Image-2023-03-20-at-19-19-28-1-_jpeg_jpg.rf.e42639ccada6c98af042603d50d54142.jpg'),
       WindowsPath('E:/Yolo-FastestV2-0.2/SolarBoardData/images/train/Crack_232_jpg.rf.537ba91b55e2407b98ee4f63a6a467dc.jpg'),
       WindowsPath('E:/Yolo-FastestV2-0.2/SolarBoardData/images/train/good-c7d66523-fe6f-11ed-8e67-5c60ba7633ae_jpg.rf.daa931f1fdf27b4fb95a1bed35dcbae2.jpg'),
       WindowsPath('E:/Yolo-FastestV2-0.2/SolarBoardData/images/train/Imgdirty_234_1_jpg.rf.81c9e241a8ae0b094d415aeb8caadab8.jpg'),
       WindowsPath('E:/Yolo-FastestV2-0.2/SolarBoardData/images/train/WhatsApp-Image-2023-03-20-at-19-19-21_jpeg_jpg.rf.e085d3a229cef63ebecde9ef9112c010.jpg'),
       WindowsPath('E:/Yolo-FastestV2-0.2/SolarBoardData/images/train/cracked-f9d17ad1-fe6f-11ed-ab5f-5c60ba7633ae_jpg.rf.c85b4eeea44e358a1d2fc3d8b3a0d8cf.jpg'),
       WindowsPath('E:/Yolo-FastestV2-0.2/SolarBoardData/images/train/IMG_8601_jpg.rf.d32e1d1631309fe4ddc892c2cbaac4da.jpg'),
       WindowsPath('E:/Yolo-FastestV2-0.2/SolarBoardData/images/train/good-d0df07e1-fe6f-11ed-a98d-5c60ba7633ae_jpg.rf.dc95e852f42af8c83bed72cd7c81b87c.jpg'),
       WindowsPath('E:/Yolo-FastestV2-0.2/SolarBoardData/images/train/cracked-eef974b0-fe6f-11ed-9646-5c60ba7633ae_jpg.rf.399aa7b1a0652f037f71e06f611f96d2.jpg'),
       WindowsPath('E:/Yolo-FastestV2-0.2/SolarBoardData/images/train/photo_2023-07-19_16-27-25_jpg.rf.bf41c720563e632514a6a2a5326726c5.jpg'),
       WindowsPath('E:/Yolo-FastestV2-0.2/SolarBoardData/images/train/Imgdirty_619_1_jpg.rf.436a71465203df8f98894aafec47d50f.jpg'),
       WindowsPath('E:/Yolo-FastestV2-0.2/SolarBoardData/images/train/IMG_20230324_155801_jpg.rf.aa93567a4c7e2e61037e57af460be68a.jpg'),
       WindowsPath('E:/Yolo-FastestV2-0.2/SolarBoardData/images/train/Screenshot-2023-04-02-002333_png_jpg.rf.7f599c7c1c173dfe64b9fca46581d2d0.jpg'),
       WindowsPath('E:/Yolo-FastestV2-0.2/SolarBoardData/images/train/Screenshot-2023-04-01-180124_png_jpg.rf.8fda2009ea5c2dddc5e0fe4698053d1e.jpg'),
       WindowsPath('E:/Yolo-FastestV2-0.2/SolarBoardData/images/train/good-d47d48f1-fe6f-11ed-9a5f-5c60ba7633ae_jpg.rf.cc631c382db971e195bed76b18dbd6aa.jpg'),
       WindowsPath('E:/Yolo-FastestV2-0.2/SolarBoardData/images/train/pv_crack-149-_jpg.rf.da75eb0c75244140ec464dd4b203aa38.jpg'),
       WindowsPath('E:/Yolo-FastestV2-0.2/SolarBoardData/images/train/cracked-96-_jpg.rf.e96100c2487cfbae3a5ff8b94898f49b.jpg'),
       WindowsPath('E:/Yolo-FastestV2-0.2/SolarBoardData/images/train/Rusak921_jpg.rf.92f9378ba4013c35ff0e49ce3921d729.jpg'),
       WindowsPath('E:/Yolo-FastestV2-0.2/SolarBoardData/images/train/IMG_0400_jpg.rf.8ea0704e095dfa5ed4710a617923ef46.jpg'),
       WindowsPath('E:/Yolo-FastestV2-0.2/SolarBoardData/images/train/pv_crack-117-_jpg.rf.e03e80c008edabe2c54e95f5ad815f71.jpg'),
       WindowsPath('E:/Yolo-FastestV2-0.2/SolarBoardData/images/train/cracked-428-_jpg.rf.9c8bb5f1c03c340380274036790eabd1.jpg'),
       WindowsPath('E:/Yolo-FastestV2-0.2/SolarBoardData/images/train/IMG_0413_jpg.rf.14cd5c04502639c4486a3eea4ad7ad7b.jpg'),
       WindowsPath('E:/Yolo-FastestV2-0.2/SolarBoardData/images/train/Imgdirty_693_1_jpg.rf.e2cb61482c928313ad433bb15a8e757a.jpg'),
       WindowsPath('E:/Yolo-FastestV2-0.2/SolarBoardData/images/train/pv_crack-86-_jpg.rf.0592afd3d309b6532a6719356944a395.jpg'),
       WindowsPath('E:/Yolo-FastestV2-0.2/SolarBoardData/images/train/cracked-92-_jpg.rf.d6b9d51b074c49a939012aadb0719205.jpg'),
       WindowsPath('E:/Yolo-FastestV2-0.2/SolarBoardData/images/train/Imgclean_7_0_jpg.rf.7807eb3c4177bf8c943461d29ea087cc.jpg'),
       WindowsPath('E:/Yolo-FastestV2-0.2/SolarBoardData/images/train/Imgclean_343_0_jpg.rf.72a6eb91c9bf0f8ed7703b4a118f8060.jpg'),
       WindowsPath('E:/Yolo-FastestV2-0.2/SolarBoardData/images/train/Imgdirty_1034_1_jpg.rf.3d1fc589582ad5cc342939763a10111a.jpg'),
       WindowsPath('E:/Yolo-FastestV2-0.2/SolarBoardData/images/train/IMG_0400_jpg.rf.24980322a43203a53d3c0508e975ebb7.jpg'),
       WindowsPath('E:/Yolo-FastestV2-0.2/SolarBoardData/images/train/Imgdirty_875_1_jpg.rf.6d8310be910e0a1c105ccfacf4b1e8f2.jpg'),
       WindowsPath('E:/Yolo-FastestV2-0.2/SolarBoardData/images/train/good-dd86b288-fe6f-11ed-b752-5c60ba7633ae_jpg.rf.be2d1af8d924bfdcf792e1f3a71fd7e2.jpg'),
       WindowsPath('E:/Yolo-FastestV2-0.2/SolarBoardData/images/train/Imgdirty_728_1_jpg.rf.51133140df0e2b4bfccd8aa881494d75.jpg'),
       WindowsPath('E:/Yolo-FastestV2-0.2/SolarBoardData/images/train/Imgdirty_266_1_jpg.rf.7e011de90de12cc47db37cd3c7b79239.jpg'),
       WindowsPath('E:/Yolo-FastestV2-0.2/SolarBoardData/images/train/IMG_0415_jpg.rf.9ef7757abf8427a1228130be2b19a9b1.jpg'),
       WindowsPath('E:/Yolo-FastestV2-0.2/SolarBoardData/images/train/Imgdirty_911_1_jpg.rf.b12b1502c388015c681a58b1ff6633fd.jpg')],
      dtype=object)}], 'node': [{'name': 'input.1', 'calibrate_sample_dir': 'E:\\Yolo-FastestV2-0.2\\SolarBoardData\\images\\train', 'mean': [0.0, 0.0, 0.0], 'std': [255.0, 255.0, 255.0], 'file_list': array([WindowsPath('E:/Yolo-FastestV2-0.2/SolarBoardData/images/train/IMG_20230325_114714_jpg.rf.b982868cba84623de7e57c4e8b37ecbb.jpg'),
       WindowsPath('E:/Yolo-FastestV2-0.2/SolarBoardData/images/train/solar_Thu_Jun_15_10__2__22_2017_L_0-221812804239_I_0-318215686275_jpg.rf.10a29ab2afe8482e614808581b66051f.jpg'),
       WindowsPath('E:/Yolo-FastestV2-0.2/SolarBoardData/images/train/IMG_0424_jpg.rf.6bb10fa8a443601cf671f60c46db3020.jpg'),
       WindowsPath('E:/Yolo-FastestV2-0.2/SolarBoardData/images/train/good-a3be7f11-fe6f-11ed-a7bd-5c60ba7633ae_jpg.rf.f614fb87a2bd4f889ae401995f065648.jpg'),
       WindowsPath('E:/Yolo-FastestV2-0.2/SolarBoardData/images/train/Imgdirty_186_1_jpg.rf.e343b987907b232f5d33be9a0c0a5db4.jpg'),
       WindowsPath('E:/Yolo-FastestV2-0.2/SolarBoardData/images/train/Screenshot-2023-04-02-001311_png_jpg.rf.1cd019dba39550167d1c1ec4c34d1d5b.jpg'),
       WindowsPath('E:/Yolo-FastestV2-0.2/SolarBoardData/images/train/Imgclean_259_0_jpg.rf.d98b64ae7fc692d16e9485bd2d2fffac.jpg'),
       WindowsPath('E:/Yolo-FastestV2-0.2/SolarBoardData/images/train/Screenshot-2023-04-01-182019_png_jpg.rf.94d68976b315149e98e93535018efdfa.jpg'),
       WindowsPath('E:/Yolo-FastestV2-0.2/SolarBoardData/images/train/IMG_0448_jpg.rf.c964902e5ab7f3e37c21b93180a7817e.jpg'),
       WindowsPath('E:/Yolo-FastestV2-0.2/SolarBoardData/images/train/WhatsApp-Image-2023-03-20-at-19-19-27-1-_jpeg_jpg.rf.5dbe1d5bf24422cf602de3e48513bb00.jpg'),
       WindowsPath('E:/Yolo-FastestV2-0.2/SolarBoardData/images/train/cracked-0f7dfef7-fe70-11ed-ac7b-5c60ba7633ae_jpg.rf.791917ecf3827a8d4c6f10a98a542547.jpg'),
       WindowsPath('E:/Yolo-FastestV2-0.2/SolarBoardData/images/train/Screenshot-2023-04-01-181249_png.rf.296105a31a5f53d7191a3915535289f7.jpg'),
       WindowsPath('E:/Yolo-FastestV2-0.2/SolarBoardData/images/train/Imgdirty_765_1_jpg.rf.8f149c20e5b84122e54c22b821831609.jpg'),
       WindowsPath('E:/Yolo-FastestV2-0.2/SolarBoardData/images/train/Crack_222_jpg.rf.7bae18b29c232215c84324f0b3afbe40.jpg'),
       WindowsPath('E:/Yolo-FastestV2-0.2/SolarBoardData/images/train/Imgdirty_640_1_jpg.rf.bd6a444f6f536d20379a5e9fd573f3d2.jpg'),
       WindowsPath('E:/Yolo-FastestV2-0.2/SolarBoardData/images/train/pv_crack-169-_jpg.rf.9485f84e059ffb5f0083e3b46b457810.jpg'),
       WindowsPath('E:/Yolo-FastestV2-0.2/SolarBoardData/images/train/Screenshot-2023-04-02-001650_png_jpg.rf.76b702aad06cc252719df75dd07db3ac.jpg'),
       WindowsPath('E:/Yolo-FastestV2-0.2/SolarBoardData/images/train/WhatsApp-Image-2023-03-20-at-19-19-21-1-_jpeg_jpg.rf.96f254ff2bfb015448cffe87651c9a0b.jpg'),
       WindowsPath('E:/Yolo-FastestV2-0.2/SolarBoardData/images/train/Screenshot-2023-04-02-002333_png_jpg.rf.62221aa06068e3df4f96e19a824fa896.jpg'),
       WindowsPath('E:/Yolo-FastestV2-0.2/SolarBoardData/images/train/Imgdirty_690_1_jpg.rf.4fe33d3f2e97c22605d15c5750718141.jpg'),
       WindowsPath('E:/Yolo-FastestV2-0.2/SolarBoardData/images/train/Screenshot-2023-04-02-001348_png_jpg.rf.06a2b8962e09db5587e0682a878b51a3.jpg'),
       WindowsPath('E:/Yolo-FastestV2-0.2/SolarBoardData/images/train/Crack_253_jpg.rf.fc290a0bd174fcff86f86588280ad93a.jpg'),
       WindowsPath('E:/Yolo-FastestV2-0.2/SolarBoardData/images/train/photo_2023-07-19_16-27-41_jpg.rf.90c00db7ba7849411ccee6e1167e2653.jpg'),
       WindowsPath('E:/Yolo-FastestV2-0.2/SolarBoardData/images/train/pv_crack-48-_jpg.rf.bfe54f847c4bc68ee1773c5c2c3725f2.jpg'),
       WindowsPath('E:/Yolo-FastestV2-0.2/SolarBoardData/images/train/Screenshot-2023-04-01-180227_png.rf.073938371795211de4a2900662c99cc5.jpg'),
       WindowsPath('E:/Yolo-FastestV2-0.2/SolarBoardData/images/train/IMG_20230323_165800_jpg.rf.bc215394ac8134b7b7545b8393922991.jpg'),
       WindowsPath('E:/Yolo-FastestV2-0.2/SolarBoardData/images/train/Imgdirty_740_1_jpg.rf.13bbb9ca3098c7848271a740867479fd.jpg'),
       WindowsPath('E:/Yolo-FastestV2-0.2/SolarBoardData/images/train/cracked-92-_jpg.rf.06018c3e4e4ae1f3259b0bdc89681301.jpg'),
       WindowsPath('E:/Yolo-FastestV2-0.2/SolarBoardData/images/train/Imgdirty_201_1_jpg.rf.749494e54076c4eeacd2bdf69b960e88.jpg'),
       WindowsPath('E:/Yolo-FastestV2-0.2/SolarBoardData/images/train/Imgdirty_702_1_jpg.rf.3ad77c893625a0ceffb70cdc6e1d05d6.jpg'),
       WindowsPath('E:/Yolo-FastestV2-0.2/SolarBoardData/images/train/IMG_0401_jpg.rf.e83404ec8daf6de4d2acc84eb4ecbf2d.jpg'),
       WindowsPath('E:/Yolo-FastestV2-0.2/SolarBoardData/images/train/pv_crack-31-_jpg.rf.ef3bbe0f5f71202d85c5d042a41efdc8.jpg'),
       WindowsPath('E:/Yolo-FastestV2-0.2/SolarBoardData/images/train/IMG_0414_jpg.rf.f5ee3dfe1697b3d5a805f866bfb1f38c.jpg'),
       WindowsPath('E:/Yolo-FastestV2-0.2/SolarBoardData/images/train/pv_crack-19-_jpg.rf.3fcf074c61df7c1a929c79d58e79f586.jpg'),
       WindowsPath('E:/Yolo-FastestV2-0.2/SolarBoardData/images/train/pv_crack-13-_jpg.rf.ae7ffafec08f249d3b360c53c68599d1.jpg'),
       WindowsPath('E:/Yolo-FastestV2-0.2/SolarBoardData/images/train/solar_Fri_Jun_16_13__56__42_2017_L_0-541628060887_I_0-296274509804_jpg.rf.e9d516269c9b32c970d8ea8b739cd13a.jpg'),
       WindowsPath('E:/Yolo-FastestV2-0.2/SolarBoardData/images/train/Imgdirty_25_1_jpg.rf.4985e915981c8a6ac8b9fd31df9c5d57.jpg'),
       WindowsPath('E:/Yolo-FastestV2-0.2/SolarBoardData/images/train/Imgdirty_5_1_jpg.rf.aa4e212a23afb3dbfd405663ceb92615.jpg'),
       WindowsPath('E:/Yolo-FastestV2-0.2/SolarBoardData/images/train/IMG_20230324_172724_jpg.rf.80de328bc71f4b57e058616ae2a668c8.jpg'),
       WindowsPath('E:/Yolo-FastestV2-0.2/SolarBoardData/images/train/IMG_20230324_162057_jpg.rf.016fffd3539ff7411de79bc25225ef73.jpg'),
       WindowsPath('E:/Yolo-FastestV2-0.2/SolarBoardData/images/train/photo_2023-07-19_16-27-26_jpg.rf.ba236e4e88bc800242bae13479aa41da.jpg'),
       WindowsPath('E:/Yolo-FastestV2-0.2/SolarBoardData/images/train/Imgdirty_33_1_jpg.rf.1ba923b7adb17c55af66e48614fca185.jpg'),
       WindowsPath('E:/Yolo-FastestV2-0.2/SolarBoardData/images/train/IMG_8598_jpg.rf.c457020a7eb91e0f422921200c224b3a.jpg'),
       WindowsPath('E:/Yolo-FastestV2-0.2/SolarBoardData/images/train/Imgdirty_40_1_jpg.rf.ae06dee57348e783c593ec295713a776.jpg'),
       WindowsPath('E:/Yolo-FastestV2-0.2/SolarBoardData/images/train/cracked-56-_jpg.rf.b020ba7c483377d1be84b890c4c1f679.jpg'),
       WindowsPath('E:/Yolo-FastestV2-0.2/SolarBoardData/images/train/pv_crack-158-_jpg.rf.bbdb25b2c390f6dd165ad6ad51caae99.jpg'),
       WindowsPath('E:/Yolo-FastestV2-0.2/SolarBoardData/images/train/IMG_0403_jpg.rf.23a2e4154ee0f9b6989d3867475e7b3b.jpg'),
       WindowsPath('E:/Yolo-FastestV2-0.2/SolarBoardData/images/train/cracked-434-_jpg.rf.1753d05a470443f18413041eefe272c2.jpg'),
       WindowsPath('E:/Yolo-FastestV2-0.2/SolarBoardData/images/train/IMG_0414_jpg.rf.a735c34418c05fb917d973738ee2342d.jpg'),
       WindowsPath('E:/Yolo-FastestV2-0.2/SolarBoardData/images/train/pv_crack-32-_jpg.rf.8811ed0202f5b0ae18818d45ccbefb88.jpg'),
       WindowsPath('E:/Yolo-FastestV2-0.2/SolarBoardData/images/train/good-e860861f-fe6f-11ed-bb18-5c60ba7633ae_jpg.rf.eb52b93327ef35ab7f9aa73758ac01e5.jpg'),
       WindowsPath('E:/Yolo-FastestV2-0.2/SolarBoardData/images/train/cracked-89-_jpg.rf.787ebf26f4d73dbd9b8b93e44125b1db.jpg'),
       WindowsPath('E:/Yolo-FastestV2-0.2/SolarBoardData/images/train/photo_2023-07-19_16-27-31_jpg.rf.d4592ede83a7b8c678ca9364e8549a0f.jpg'),
       WindowsPath('E:/Yolo-FastestV2-0.2/SolarBoardData/images/train/IMG_8576_jpg.rf.5fac7057abaf5e4880026da72fe0e6ce.jpg'),
       WindowsPath('E:/Yolo-FastestV2-0.2/SolarBoardData/images/train/WhatsApp-Image-2023-03-20-at-19-19-21-1-_jpeg_jpg.rf.2e8eb890516b14a210c13fc4853d828a.jpg'),
       WindowsPath('E:/Yolo-FastestV2-0.2/SolarBoardData/images/train/Screenshot-2023-04-02-002554_png.rf.ee156fa60172fec2ef1a6cc0a91bf12a.jpg'),
       WindowsPath('E:/Yolo-FastestV2-0.2/SolarBoardData/images/train/IMG_0426_jpg.rf.041b611b89f6f3fb80870383dfbb228a.jpg'),
       WindowsPath('E:/Yolo-FastestV2-0.2/SolarBoardData/images/train/Imgdirty_456_1_jpg.rf.596f1d452e351a9cadc8cb69abb6090f.jpg'),
       WindowsPath('E:/Yolo-FastestV2-0.2/SolarBoardData/images/train/IMG_20230325_114726_jpg.rf.e1990156ceacaa4f87e10de7fb498d99.jpg'),
       WindowsPath('E:/Yolo-FastestV2-0.2/SolarBoardData/images/train/cracked-98-_jpg.rf.e4f550d7fffddd4b45887fd3f5e4fd93.jpg'),
       WindowsPath('E:/Yolo-FastestV2-0.2/SolarBoardData/images/train/WhatsApp-Image-2023-03-20-at-19-19-26_jpeg_jpg.rf.cefd69961e63ea4c3a267d6ee8c84811.jpg'),
       WindowsPath('E:/Yolo-FastestV2-0.2/SolarBoardData/images/train/cracked-57-_jpg.rf.82a99ff203fefc6c0f54c6a97d62575d.jpg'),
       WindowsPath('E:/Yolo-FastestV2-0.2/SolarBoardData/images/train/IMG_0440_jpg.rf.8b1b599f068862af64b6c08f555191b7.jpg'),
       WindowsPath('E:/Yolo-FastestV2-0.2/SolarBoardData/images/train/solar_Fri_Jun_30_9__25__57_2017_L_0-922570473424_I_0-537262745098_jpg.rf.1807c84be23e78c9fa72f5bd41f57d69.jpg'),
       WindowsPath('E:/Yolo-FastestV2-0.2/SolarBoardData/images/train/Imgdirty_477_1_jpg.rf.98c57333edceb5a1a244e437f3549251.jpg'),
       WindowsPath('E:/Yolo-FastestV2-0.2/SolarBoardData/images/train/IMG_0399_jpg.rf.a5bc8e7e363e23a1f7984d7a7affdefe.jpg'),
       WindowsPath('E:/Yolo-FastestV2-0.2/SolarBoardData/images/train/IMG_0417_jpg.rf.5600d4c75329c362c8f1abe79e4f5b34.jpg'),
       WindowsPath('E:/Yolo-FastestV2-0.2/SolarBoardData/images/train/good-d64b447b-fe6f-11ed-a265-5c60ba7633ae_jpg.rf.36eff7318734d6c5a3d0c37c83898ab0.jpg'),
       WindowsPath('E:/Yolo-FastestV2-0.2/SolarBoardData/images/train/cracked-70-_jpg.rf.e671ac2fe3ffe6e7e6c6c9753b3a3173.jpg'),
       WindowsPath('E:/Yolo-FastestV2-0.2/SolarBoardData/images/train/frame106_jpg.rf.0a21fb65e6a4e5e13ab2393f1b414123.jpg'),
       WindowsPath('E:/Yolo-FastestV2-0.2/SolarBoardData/images/train/solar_Fri_Jun_30_11__21__19_2017_L_0-790252849469_I_0-1796_jpg.rf.073604007f250a158b939cb66b78f17f.jpg'),
       WindowsPath('E:/Yolo-FastestV2-0.2/SolarBoardData/images/train/IMG_0448_jpg.rf.4462e26ec8453d606eba765da4f8daa6.jpg'),
       WindowsPath('E:/Yolo-FastestV2-0.2/SolarBoardData/images/train/WhatsApp-Image-2023-03-20-at-19-19-22-2-_jpeg_jpg.rf.006c5b4d8d549cc139cb2856c0305e11.jpg'),
       WindowsPath('E:/Yolo-FastestV2-0.2/SolarBoardData/images/train/Screenshot-2023-04-01-181402_png_jpg.rf.6716baac0e304baf3552119db5a0b557.jpg'),
       WindowsPath('E:/Yolo-FastestV2-0.2/SolarBoardData/images/train/IMG_20230323_165009_jpg.rf.bfae08f252ff95ae1b05ddd4c05615d9.jpg'),
       WindowsPath('E:/Yolo-FastestV2-0.2/SolarBoardData/images/train/Crack_236_jpg.rf.e19a4a7bcd224e4a80eb1a1f7c4688e3.jpg'),
       WindowsPath('E:/Yolo-FastestV2-0.2/SolarBoardData/images/train/WhatsApp-Image-2023-03-20-at-19-18-55-1-_jpeg_jpg.rf.c365dcbfd58e0c6ff056830130dc1fab.jpg'),
       WindowsPath('E:/Yolo-FastestV2-0.2/SolarBoardData/images/train/WhatsApp-Image-2023-03-20-at-19-19-27-1-_jpeg_jpg.rf.9d3b4ed4b9a013e408c477aa756b0538.jpg'),
       WindowsPath('E:/Yolo-FastestV2-0.2/SolarBoardData/images/train/cracked-08449119-fe70-11ed-9a47-5c60ba7633ae_jpg.rf.7c3270aefa4f0eb8bbaa44482aea11bd.jpg'),
       WindowsPath('E:/Yolo-FastestV2-0.2/SolarBoardData/images/train/solar_Wed_Jun_21_8__48__32_2017_L_0-329396907415_I_0-406792156863_jpg.rf.153e01469a69baf162520b063ce6fc9a.jpg'),
       WindowsPath('E:/Yolo-FastestV2-0.2/SolarBoardData/images/train/good-a1ef5a32-fe6f-11ed-981d-5c60ba7633ae_jpg.rf.995ba91cc61ad30d8bb073df55908836.jpg'),
       WindowsPath('E:/Yolo-FastestV2-0.2/SolarBoardData/images/train/IMG_20230323_165811_jpg.rf.f3abb6248017946744b98dda00031d86.jpg'),
       WindowsPath('E:/Yolo-FastestV2-0.2/SolarBoardData/images/train/Imgdirty_708_1_jpg.rf.ea432f12707597537f4223a1077256fa.jpg'),
       WindowsPath('E:/Yolo-FastestV2-0.2/SolarBoardData/images/train/WhatsApp-Image-2023-03-20-at-19-19-22-1-_jpeg_jpg.rf.2d26432e28aa8cbfe1771ad00ea25f75.jpg'),
       WindowsPath('E:/Yolo-FastestV2-0.2/SolarBoardData/images/train/good-dbb7c116-fe6f-11ed-8e77-5c60ba7633ae_jpg.rf.0aed68965cbcec43c77719eb3bdb6a0d.jpg'),
       WindowsPath('E:/Yolo-FastestV2-0.2/SolarBoardData/images/train/IMG_8591_jpg.rf.6f33ba43028a6ecb2a3f413bdd9bfe19.jpg'),
       WindowsPath('E:/Yolo-FastestV2-0.2/SolarBoardData/images/train/Imgdirty_508_1_jpg.rf.a9d66ebf1e11de3f08ae55ce7049614e.jpg'),
       WindowsPath('E:/Yolo-FastestV2-0.2/SolarBoardData/images/train/Screenshot-2023-04-02-002105_png_jpg.rf.d315c9be6fde532e84d25b6b56bb5cbf.jpg'),
       WindowsPath('E:/Yolo-FastestV2-0.2/SolarBoardData/images/train/good-d9e936a6-fe6f-11ed-86e2-5c60ba7633ae_jpg.rf.54b213044cf9f3d3171588de23512e1a.jpg'),
       WindowsPath('E:/Yolo-FastestV2-0.2/SolarBoardData/images/train/IMG_0404_jpg.rf.6862acdb3e533410844858c6958d4e96.jpg'),
       WindowsPath('E:/Yolo-FastestV2-0.2/SolarBoardData/images/train/IMG_20230323_170742_jpg.rf.66110fa33851218988e6f267d90d94bb.jpg'),
       WindowsPath('E:/Yolo-FastestV2-0.2/SolarBoardData/images/train/pv_crack-179-_jpg.rf.6b79cf6f7e596b93b90bc4419decccb6.jpg'),
       WindowsPath('E:/Yolo-FastestV2-0.2/SolarBoardData/images/train/good-dd86b288-fe6f-11ed-b752-5c60ba7633ae_jpg.rf.338d4445d73bd2fc0781fc10ec3771b6.jpg'),
       WindowsPath('E:/Yolo-FastestV2-0.2/SolarBoardData/images/train/pv_crack-13-_jpg.rf.e183963f47dd695191b50549226f3307.jpg'),
       WindowsPath('E:/Yolo-FastestV2-0.2/SolarBoardData/images/train/good-a1ef5a32-fe6f-11ed-981d-5c60ba7633ae_jpg.rf.f356fb9e29a9427ab726f99cd4433830.jpg'),
       WindowsPath('E:/Yolo-FastestV2-0.2/SolarBoardData/images/train/cracked-f464c296-fe6f-11ed-8a60-5c60ba7633ae_jpg.rf.bc4950a0bea2d8bb7500989e9c467abc.jpg'),
       WindowsPath('E:/Yolo-FastestV2-0.2/SolarBoardData/images/train/IMG_0406_jpg.rf.b968fcfcdd2e94e1e9521f3c324061bc.jpg'),
       WindowsPath('E:/Yolo-FastestV2-0.2/SolarBoardData/images/train/photo_2023-07-19_16-27-44_jpg.rf.4873e5a0d11b4ef93162fe1dd955947b.jpg'),
       WindowsPath('E:/Yolo-FastestV2-0.2/SolarBoardData/images/train/images-33-_jpg.rf.6926cff5311f33764a4df87e3fdcc51a.jpg'),
       WindowsPath('E:/Yolo-FastestV2-0.2/SolarBoardData/images/train/IMG-20230418-WA0058_jpg.rf.9a235d45a73ac4f1be7a2258dfa8b618.jpg'),
       WindowsPath('E:/Yolo-FastestV2-0.2/SolarBoardData/images/train/Imgdirty_838_1_jpg.rf.a4a6ae0f5f21b6a02230b422b865c6db.jpg'),
       WindowsPath('E:/Yolo-FastestV2-0.2/SolarBoardData/images/train/IMG-20230418-WA0053_jpg.rf.259cecd28ece428aacc2befb1fd21385.jpg'),
       WindowsPath('E:/Yolo-FastestV2-0.2/SolarBoardData/images/train/Imgdirty_337_1_jpg.rf.89b439391ff6d5e23fd70b634dcc8762.jpg'),
       WindowsPath('E:/Yolo-FastestV2-0.2/SolarBoardData/images/train/IMG_0408_jpg.rf.d9e70b58d1a359f891c66c5ee9ad0c55.jpg'),
       WindowsPath('E:/Yolo-FastestV2-0.2/SolarBoardData/images/train/Screenshot-2023-04-18-012044_png_jpg.rf.851bdc70fc5ef7607a3e85fa1a15580a.jpg'),
       WindowsPath('E:/Yolo-FastestV2-0.2/SolarBoardData/images/train/cracked-41-_jpg.rf.488a9de26db0b15a3924e33d6d9961de.jpg'),
       WindowsPath('E:/Yolo-FastestV2-0.2/SolarBoardData/images/train/Imgclean_259_0_jpg.rf.0014fb642c3cac9c58996f58afef864d.jpg'),
       WindowsPath('E:/Yolo-FastestV2-0.2/SolarBoardData/images/train/IMG_0407_jpg.rf.85e3418a7a95258d828badf7d17bb5c5.jpg'),
       WindowsPath('E:/Yolo-FastestV2-0.2/SolarBoardData/images/train/pv_crack-96-_jpg.rf.5f740c061f2fb33c0466f9facd581ffb.jpg'),
       WindowsPath('E:/Yolo-FastestV2-0.2/SolarBoardData/images/train/cracked-66-_jpg.rf.a5d1c001a7450574adcef3ef20ad9064.jpg'),
       WindowsPath('E:/Yolo-FastestV2-0.2/SolarBoardData/images/train/WhatsApp-Image-2023-03-20-at-19-19-21_jpeg_jpg.rf.f0cb45ba006cdbd3091e1a88c34bfa29.jpg'),
       WindowsPath('E:/Yolo-FastestV2-0.2/SolarBoardData/images/train/Imgdirty_235_1_jpg.rf.9392a664178c4de3b8aed15d146b05fa.jpg'),
       WindowsPath('E:/Yolo-FastestV2-0.2/SolarBoardData/images/train/IMG_0391_jpg.rf.a88045e09e4b6efb33b08b7dd752af5f.jpg'),
       WindowsPath('E:/Yolo-FastestV2-0.2/SolarBoardData/images/train/good-cf110245-fe6f-11ed-affd-5c60ba7633ae_jpg.rf.89ba1e6342e954ed1e12474458d0fac1.jpg'),
       WindowsPath('E:/Yolo-FastestV2-0.2/SolarBoardData/images/train/Screenshot-2023-04-18-012316_png_jpg.rf.b1d9e45dbf9e4f57b27e756a8583d813.jpg'),
       WindowsPath('E:/Yolo-FastestV2-0.2/SolarBoardData/images/train/pv_crack-172-_jpg.rf.f5023670ec2082dd62c39e00b7c1d824.jpg'),
       WindowsPath('E:/Yolo-FastestV2-0.2/SolarBoardData/images/train/Imgdirty_679_1_jpg.rf.96385f8d2adf9625dc5ac04da677f325.jpg'),
       WindowsPath('E:/Yolo-FastestV2-0.2/SolarBoardData/images/train/IMG_0427_jpg.rf.15a8566e6761d808d6f552269f8e9720.jpg'),
       WindowsPath('E:/Yolo-FastestV2-0.2/SolarBoardData/images/train/pv_crack-175-_jpg.rf.aaa14856fd241a2666cfe80dc5f9efa6.jpg'),
       WindowsPath('E:/Yolo-FastestV2-0.2/SolarBoardData/images/train/Imgdirty_442_1_jpg.rf.0a48b411166f737b5f270830d797aabd.jpg'),
       WindowsPath('E:/Yolo-FastestV2-0.2/SolarBoardData/images/train/IMG_20230323_171047_jpg.rf.9f80ca086ede3d93874c1012495e786a.jpg'),
       WindowsPath('E:/Yolo-FastestV2-0.2/SolarBoardData/images/train/Imgdirty_150_1_jpg.rf.4054e2a2393f52813971ea349a52169c.jpg'),
       WindowsPath('E:/Yolo-FastestV2-0.2/SolarBoardData/images/train/cracked-69-_jpg.rf.a257298ea0ef3cc35ef99f31a3ffe345.jpg'),
       WindowsPath('E:/Yolo-FastestV2-0.2/SolarBoardData/images/train/Rusak909_jpg.rf.dfb7deb6e7c0cdb45ee48e1b89d5950b.jpg'),
       WindowsPath('E:/Yolo-FastestV2-0.2/SolarBoardData/images/train/Imgdirty_543_1_jpg.rf.e51c31af298942f103d6b7f507e625df.jpg'),
       WindowsPath('E:/Yolo-FastestV2-0.2/SolarBoardData/images/train/pv_crack-157-_jpg.rf.4c32effcc9567738025da3fa87deb612.jpg'),
       WindowsPath('E:/Yolo-FastestV2-0.2/SolarBoardData/images/train/IMG_0408_jpg.rf.ad600895f925d4bc9ceffdeadb99424e.jpg'),
       WindowsPath('E:/Yolo-FastestV2-0.2/SolarBoardData/images/train/IMG_0412_jpg.rf.38beeae186db6a2f3e3620e70fb24080.jpg'),
       WindowsPath('E:/Yolo-FastestV2-0.2/SolarBoardData/images/train/Crack_220_jpg.rf.8cb0c06d5427571f4bccd3d25f81ce37.jpg'),
       WindowsPath('E:/Yolo-FastestV2-0.2/SolarBoardData/images/train/IMG_20230323_170342_jpg.rf.9c456018fcfd9626bf0d4ae00f1bbfe4.jpg'),
       WindowsPath('E:/Yolo-FastestV2-0.2/SolarBoardData/images/train/Imgdirty_601_1_jpg.rf.c2be46d5db602e570cd0f4326b38c3d3.jpg'),
       WindowsPath('E:/Yolo-FastestV2-0.2/SolarBoardData/images/train/good-d2ada05e-fe6f-11ed-9f21-5c60ba7633ae_jpg.rf.6aa70ef438263499ba466ea4b93fda0a.jpg'),
       WindowsPath('E:/Yolo-FastestV2-0.2/SolarBoardData/images/train/WhatsApp-Image-2023-03-20-at-19-19-26_jpeg_jpg.rf.46b61a46e39ad139f755574d922bafaf.jpg'),
       WindowsPath('E:/Yolo-FastestV2-0.2/SolarBoardData/images/train/Imgdirty_127_1_jpg.rf.bd220ed23dadbf653562f8d9be7b0cb0.jpg'),
       WindowsPath('E:/Yolo-FastestV2-0.2/SolarBoardData/images/train/IMG_20230323_171321_jpg.rf.f73ad7ee7a295765183294c078d13cf9.jpg'),
       WindowsPath('E:/Yolo-FastestV2-0.2/SolarBoardData/images/train/IMG_0409_jpg.rf.fff0c583172e68f6b8cdf6265e890c4b.jpg'),
       WindowsPath('E:/Yolo-FastestV2-0.2/SolarBoardData/images/train/solar_Fri_Jun_30_11__39__41_2017_L_0-753945929051_I_0-501882352941_jpg.rf.1ac9253f21fdbc75da07b94244f7a336.jpg'),
       WindowsPath('E:/Yolo-FastestV2-0.2/SolarBoardData/images/train/cracked-f0c72d6f-fe6f-11ed-a636-5c60ba7633ae_jpg.rf.b5e0421682c9b15a17a75a2382200ffd.jpg'),
       WindowsPath('E:/Yolo-FastestV2-0.2/SolarBoardData/images/train/IMG_0421_jpg.rf.4dd133a214b87e12f38fa0048b0f03b8.jpg'),
       WindowsPath('E:/Yolo-FastestV2-0.2/SolarBoardData/images/train/pv_crack-182-_jpg.rf.05f51dc76efe5c547629bd33568cb7bd.jpg'),
       WindowsPath('E:/Yolo-FastestV2-0.2/SolarBoardData/images/train/IMG_20230323_170659_jpg.rf.594fe91d2d0579a26071ebdb743a2821.jpg'),
       WindowsPath('E:/Yolo-FastestV2-0.2/SolarBoardData/images/train/pv_crack-179-_jpg.rf.f8f5ba7a70cf26664d3f1f0c45268d3f.jpg'),
       WindowsPath('E:/Yolo-FastestV2-0.2/SolarBoardData/images/train/photo_2023-07-19_16-27-31-2-_jpg.rf.625cb8d29303db8efe169a5e1ed5e1c3.jpg'),
       WindowsPath('E:/Yolo-FastestV2-0.2/SolarBoardData/images/train/Imgdirty_756_1_jpg.rf.706d0ca2414054eed148824573a91b07.jpg'),
       WindowsPath('E:/Yolo-FastestV2-0.2/SolarBoardData/images/train/IMG-20230418-WA0038_jpg.rf.4f7d61b4a5bf6eac20fd36a17599e2f4.jpg'),
       WindowsPath('E:/Yolo-FastestV2-0.2/SolarBoardData/images/train/cracked-55-_jpg.rf.d239a1ea16dade42836f6beb077a6f55.jpg'),
       WindowsPath('E:/Yolo-FastestV2-0.2/SolarBoardData/images/train/photo_2023-07-19_16-27-32_jpg.rf.43367597d83e1855628b6480bfbd5c5c.jpg'),
       WindowsPath('E:/Yolo-FastestV2-0.2/SolarBoardData/images/train/Screenshot-2023-04-02-002532_png_jpg.rf.fedfe78c1b2520c8a3af651cca366044.jpg'),
       WindowsPath('E:/Yolo-FastestV2-0.2/SolarBoardData/images/train/IMG_20230325_113719_jpg.rf.05de0859816ae44641131ac0b495b538.jpg'),
       WindowsPath('E:/Yolo-FastestV2-0.2/SolarBoardData/images/train/Screenshot-2023-04-02-001348_png_jpg.rf.64af289fc22dcffaeea594c0be7116db.jpg'),
       WindowsPath('E:/Yolo-FastestV2-0.2/SolarBoardData/images/train/good-c9a4e5a6-fe6f-11ed-8112-5c60ba7633ae_jpg.rf.b1e8e18864aac832922f9d4b7176bdde.jpg'),
       WindowsPath('E:/Yolo-FastestV2-0.2/SolarBoardData/images/train/pv_crack-114-_jpg.rf.5071d751e1b801960e9e935472b7803b.jpg'),
       WindowsPath('E:/Yolo-FastestV2-0.2/SolarBoardData/images/train/Imgdirty_187_1_jpg.rf.1c7d0fc22ed6df12557234cebd3f2f8d.jpg'),
       WindowsPath('E:/Yolo-FastestV2-0.2/SolarBoardData/images/train/WhatsApp-Image-2023-03-20-at-19-19-28-1-_jpeg_jpg.rf.b4fcf89d677619926bb408bc651023c9.jpg'),
       WindowsPath('E:/Yolo-FastestV2-0.2/SolarBoardData/images/train/WhatsApp-Image-2023-03-20-at-19-19-21-2-_jpeg_jpg.rf.80fa70c6885135a9607c6b65a5d3356a.jpg'),
       WindowsPath('E:/Yolo-FastestV2-0.2/SolarBoardData/images/train/images-3-_jpg.rf.6f7791b965bcfd20bc7ad7ce4bde9046.jpg'),
       WindowsPath('E:/Yolo-FastestV2-0.2/SolarBoardData/images/train/Imgdirty_629_1_jpg.rf.6c7b93ac92f4d366abdd2507a173dcff.jpg'),
       WindowsPath('E:/Yolo-FastestV2-0.2/SolarBoardData/images/train/Imgdirty_723_1_jpg.rf.87ae9c8ff04f318c823fea93355657a2.jpg'),
       WindowsPath('E:/Yolo-FastestV2-0.2/SolarBoardData/images/train/cracked-f295ae67-fe6f-11ed-ae1c-5c60ba7633ae_jpg.rf.0bc73fa421cc80de3bb30a237656278c.jpg'),
       WindowsPath('E:/Yolo-FastestV2-0.2/SolarBoardData/images/train/cracked-ed29701c-fe6f-11ed-a2d7-5c60ba7633ae_jpg.rf.981e5bfe26a0be5ddbba61792ed67b09.jpg'),
       WindowsPath('E:/Yolo-FastestV2-0.2/SolarBoardData/images/train/IMG_20230324_162010_jpg.rf.7b9a61a99c7b2c646d0539ca989dac70.jpg'),
       WindowsPath('E:/Yolo-FastestV2-0.2/SolarBoardData/images/train/cracked-fba08fe1-fe6f-11ed-9db8-5c60ba7633ae_jpg.rf.c006671931f6c3dbeb7b1d36af190a85.jpg'),
       WindowsPath('E:/Yolo-FastestV2-0.2/SolarBoardData/images/train/WhatsApp-Image-2023-03-20-at-19-18-54_jpeg_jpg.rf.8324d3250bf50c3aca788bc57b70a97a.jpg'),
       WindowsPath('E:/Yolo-FastestV2-0.2/SolarBoardData/images/train/1677069179152_jpg.rf.f5ff781607941d2a7202ab4c0ef90066.jpg'),
       WindowsPath('E:/Yolo-FastestV2-0.2/SolarBoardData/images/train/cracked-416-_jpg.rf.ed10ccc13e7ec11dfaf6d3588fac1511.jpg'),
       WindowsPath('E:/Yolo-FastestV2-0.2/SolarBoardData/images/train/frame11_jpg.rf.5de06d201ee4d07db4e32ea302f72c50.jpg'),
       WindowsPath('E:/Yolo-FastestV2-0.2/SolarBoardData/images/train/IMG_20230324_115047_jpg.rf.3e394128ebb52c829724cf259dbfeafb.jpg'),
       WindowsPath('E:/Yolo-FastestV2-0.2/SolarBoardData/images/train/good-d0df07e1-fe6f-11ed-a98d-5c60ba7633ae_jpg.rf.baaef31fcb7d85d5c88e60176652eef4.jpg'),
       WindowsPath('E:/Yolo-FastestV2-0.2/SolarBoardData/images/train/Imgdirty_463_1_jpg.rf.28f72b13ba3c26af6045673fed8f62bd.jpg'),
       WindowsPath('E:/Yolo-FastestV2-0.2/SolarBoardData/images/train/Imgdirty_762_1_jpg.rf.000ed75cf6e11baffe07ca7d72e55bab.jpg'),
       WindowsPath('E:/Yolo-FastestV2-0.2/SolarBoardData/images/train/Imgdirty_605_1_jpg.rf.727c6a9f4e0872eb57ae859563417e74.jpg'),
       WindowsPath('E:/Yolo-FastestV2-0.2/SolarBoardData/images/train/cracked-309-_jpg.rf.0fea7d73ce4265416dee7ca976f9aab2.jpg'),
       WindowsPath('E:/Yolo-FastestV2-0.2/SolarBoardData/images/train/Screenshot-2023-04-01-182019_png_jpg.rf.4282d9b6082bc924e9a112d9c1948c57.jpg'),
       WindowsPath('E:/Yolo-FastestV2-0.2/SolarBoardData/images/train/Screenshot-2023-04-02-000751_png.rf.7e42c30356fca68f0e88759f12ec5105.jpg'),
       WindowsPath('E:/Yolo-FastestV2-0.2/SolarBoardData/images/train/IMG_0400_jpg.rf.10adf9ec0430a717a8b81fc3fb181685.jpg'),
       WindowsPath('E:/Yolo-FastestV2-0.2/SolarBoardData/images/train/Imgdirty_434_1_jpg.rf.1c2ab825be144348261ba05e05fa40bc.jpg'),
       WindowsPath('E:/Yolo-FastestV2-0.2/SolarBoardData/images/train/Rusak943_jpg.rf.5602522e29d5cb6a8de621b0fda0d033.jpg'),
       WindowsPath('E:/Yolo-FastestV2-0.2/SolarBoardData/images/train/IMG_0389_jpg.rf.907e579a5c338358bfc9dd0ca4f092d5.jpg'),
       WindowsPath('E:/Yolo-FastestV2-0.2/SolarBoardData/images/train/cracked-f6339856-fe6f-11ed-ad7d-5c60ba7633ae_jpg.rf.c3f75c57e6d639463cf46c9f19f28011.jpg'),
       WindowsPath('E:/Yolo-FastestV2-0.2/SolarBoardData/images/train/Screenshot-2023-04-02-001042_png_jpg.rf.8170c65babfa53ef8842a61a6a3efb06.jpg'),
       WindowsPath('E:/Yolo-FastestV2-0.2/SolarBoardData/images/train/good-a3be7f11-fe6f-11ed-a7bd-5c60ba7633ae_jpg.rf.548e362d7c3e3f0d3619702a30d96bc7.jpg'),
       WindowsPath('E:/Yolo-FastestV2-0.2/SolarBoardData/images/train/cracked-422-_jpg.rf.e2b20571e7fca498a189d8f2fae06729.jpg'),
       WindowsPath('E:/Yolo-FastestV2-0.2/SolarBoardData/images/train/IMG_8576_jpg.rf.5a6b89987662b31339a5f65084749f35.jpg'),
       WindowsPath('E:/Yolo-FastestV2-0.2/SolarBoardData/images/train/WhatsApp-Image-2023-03-20-at-19-18-54_jpeg_jpg.rf.396b8e263390dc3776b018562e6fb9be.jpg'),
       WindowsPath('E:/Yolo-FastestV2-0.2/SolarBoardData/images/train/images-30-_jpg.rf.34a30b58c455259bae5a01384e6e9844.jpg'),
       WindowsPath('E:/Yolo-FastestV2-0.2/SolarBoardData/images/train/Imgdirty_592_1_jpg.rf.5dd53f4a7b5c84f8c73c417761ebdbee.jpg'),
       WindowsPath('E:/Yolo-FastestV2-0.2/SolarBoardData/images/train/images-30-_jpg.rf.1a70a94893a08f4d22e77a1da49e036a.jpg'),
       WindowsPath('E:/Yolo-FastestV2-0.2/SolarBoardData/images/train/IMG_8598_jpg.rf.b1bdd69ec4867010d7eacc204f223ef9.jpg'),
       WindowsPath('E:/Yolo-FastestV2-0.2/SolarBoardData/images/train/cracked-aa528bb0-fe6f-11ed-aeff-5c60ba7633ae_jpg.rf.7f656f35ee3af92872f75440a90cb377.jpg'),
       WindowsPath('E:/Yolo-FastestV2-0.2/SolarBoardData/images/train/WhatsApp-Image-2023-03-20-at-19-19-26-1-_jpeg_jpg.rf.82566a48742af01885a427d5a4fe2a28.jpg'),
       WindowsPath('E:/Yolo-FastestV2-0.2/SolarBoardData/images/train/Crack_220_jpg.rf.9c1fb6182352482a1128155113665cc0.jpg'),
       WindowsPath('E:/Yolo-FastestV2-0.2/SolarBoardData/images/train/Imgdirty_1032_1_jpg.rf.fd8c9ee839137c49648767857708b675.jpg'),
       WindowsPath('E:/Yolo-FastestV2-0.2/SolarBoardData/images/train/Rusak878_jpg.rf.39f30caabe26beaf0651630959e217a9.jpg'),
       WindowsPath('E:/Yolo-FastestV2-0.2/SolarBoardData/images/train/pv_crack-127-_jpg.rf.18f1ffbd61f6b13612388f15c8e3620c.jpg'),
       WindowsPath('E:/Yolo-FastestV2-0.2/SolarBoardData/images/train/good-cd420062-fe6f-11ed-951b-5c60ba7633ae_jpg.rf.9f6535ded68dc3a51d1c8b5a12c46cb9.jpg'),
       WindowsPath('E:/Yolo-FastestV2-0.2/SolarBoardData/images/train/Screenshot-2023-04-02-001819_png_jpg.rf.cde2642a47c162edb549550de1db598d.jpg'),
       WindowsPath('E:/Yolo-FastestV2-0.2/SolarBoardData/images/train/WhatsApp-Image-2023-03-20-at-19-18-55-1-_jpeg_jpg.rf.015b8b2f27452df1ea006341b3abf081.jpg'),
       WindowsPath('E:/Yolo-FastestV2-0.2/SolarBoardData/images/train/Imgdirty_156_1_jpg.rf.9334b28d09d8dd0ac97701bc966a882b.jpg'),
       WindowsPath('E:/Yolo-FastestV2-0.2/SolarBoardData/images/train/Crack_253_jpg.rf.2fb643a9c07ce062d3e456223a8ddc85.jpg'),
       WindowsPath('E:/Yolo-FastestV2-0.2/SolarBoardData/images/train/Imgdirty_402_1_jpg.rf.f867e0741312ca3ba335e802ee88a7a3.jpg'),
       WindowsPath('E:/Yolo-FastestV2-0.2/SolarBoardData/images/train/good-e4c24e15-fe6f-11ed-986d-5c60ba7633ae_jpg.rf.c623d7f954e8724895cbf15bfdeb1bd0.jpg'),
       WindowsPath('E:/Yolo-FastestV2-0.2/SolarBoardData/images/train/Imgdirty_978_1_jpg.rf.6df2c9556edac38463d911444b9969c7.jpg'),
       WindowsPath('E:/Yolo-FastestV2-0.2/SolarBoardData/images/train/Imgdirty_242_1_jpg.rf.e164745968eeaba0350660a0e3cab9d8.jpg'),
       WindowsPath('E:/Yolo-FastestV2-0.2/SolarBoardData/images/train/Imgdirty_817_1_jpg.rf.b8619c1f04464f20cc64ca80cb450521.jpg'),
       WindowsPath('E:/Yolo-FastestV2-0.2/SolarBoardData/images/train/WhatsApp-Image-2023-03-20-at-19-18-54_jpeg_jpg.rf.1528b7501f82b6830f22fb21855bd81f.jpg'),
       WindowsPath('E:/Yolo-FastestV2-0.2/SolarBoardData/images/train/IMG_0389_jpg.rf.fd8229ebec586e9bc7cac66f8bdc349f.jpg'),
       WindowsPath('E:/Yolo-FastestV2-0.2/SolarBoardData/images/train/Imgdirty_249_1_jpg.rf.2b8d8bc1d1817e463a300d609be2fac0.jpg'),
       WindowsPath('E:/Yolo-FastestV2-0.2/SolarBoardData/images/train/IMG_0402_jpg.rf.e8372dc4a8197ae3c854185d4bb0ba1d.jpg'),
       WindowsPath('E:/Yolo-FastestV2-0.2/SolarBoardData/images/train/Imgdirty_751_1_jpg.rf.44b8305d3d1f34b4b82fdb632e2f4d0c.jpg'),
       WindowsPath('E:/Yolo-FastestV2-0.2/SolarBoardData/images/train/IMG_0391_jpg.rf.fd92dae31e1a72f95507cace31717ffb.jpg'),
       WindowsPath('E:/Yolo-FastestV2-0.2/SolarBoardData/images/train/cracked-51-_jpg.rf.9aff1ef838f8ace521c72d69a334af76.jpg'),
       WindowsPath('E:/Yolo-FastestV2-0.2/SolarBoardData/images/train/photo_2023-07-19_16-27-30_jpg.rf.00b43b8d0b1a71f0cd51a862cf91affb.jpg'),
       WindowsPath('E:/Yolo-FastestV2-0.2/SolarBoardData/images/train/IMG-20230418-WA0018_jpg.rf.0964928acc88e9ec6516f9a419f92d97.jpg'),
       WindowsPath('E:/Yolo-FastestV2-0.2/SolarBoardData/images/train/Screenshot-2023-04-02-002554_png_jpg.rf.654096a40f72ddf6a9e717658a3b61c4.jpg'),
       WindowsPath('E:/Yolo-FastestV2-0.2/SolarBoardData/images/train/solar_Fri_Jun_30_10__33__29_2017_L_0-755563621964_I_0-594196078431_jpg.rf.46bebac63396261c4222dd0441857b8b.jpg'),
       WindowsPath('E:/Yolo-FastestV2-0.2/SolarBoardData/images/train/Rusak947_jpg.rf.83add35d1b4ec186fe05bd982f30f8f5.jpg'),
       WindowsPath('E:/Yolo-FastestV2-0.2/SolarBoardData/images/train/IMG_20230324_114425_jpg.rf.b40813cae6213e9b64225a17eb4a6a89.jpg'),
       WindowsPath('E:/Yolo-FastestV2-0.2/SolarBoardData/images/train/cracked-404-_jpg.rf.c6271cb0b85a42fe473cbdd3ad37d4ac.jpg'),
       WindowsPath('E:/Yolo-FastestV2-0.2/SolarBoardData/images/train/IMG_0439_jpg.rf.8002c29b10e5db37fddf191e4be3816a.jpg'),
       WindowsPath('E:/Yolo-FastestV2-0.2/SolarBoardData/images/train/solar_Wed_Jun_14_9__54__27_2017_L_0-108195646473_I_0-299058823529_jpg.rf.df0efd6b7633ccb6a4e1f4a58eb8bf19.jpg'),
       WindowsPath('E:/Yolo-FastestV2-0.2/SolarBoardData/images/train/Screenshot-2023-04-18-012538_png_jpg.rf.236c33be9a3b79ef37d0efc105d59a92.jpg'),
       WindowsPath('E:/Yolo-FastestV2-0.2/SolarBoardData/images/train/Imgdirty_96_1_jpg.rf.320644e56515d49fee76c4d88858763d.jpg'),
       WindowsPath('E:/Yolo-FastestV2-0.2/SolarBoardData/images/train/cracked-424-_jpg.rf.dc28af7a96553eb1bc565381b1e26e25.jpg'),
       WindowsPath('E:/Yolo-FastestV2-0.2/SolarBoardData/images/train/Imgdirty_721_1_jpg.rf.6373426a233d709a2021b02d62976401.jpg'),
       WindowsPath('E:/Yolo-FastestV2-0.2/SolarBoardData/images/train/cracked-4-_jpg.rf.10377f3ab3f4b5706766f43472705e07.jpg'),
       WindowsPath('E:/Yolo-FastestV2-0.2/SolarBoardData/images/train/Imgdirty_190_1_jpg.rf.021afdbe2a1eee15b80fa4a922f171af.jpg'),
       WindowsPath('E:/Yolo-FastestV2-0.2/SolarBoardData/images/train/Imgdirty_277_1_jpg.rf.ddd77ee503f87835a4c9b5e23568263c.jpg'),
       WindowsPath('E:/Yolo-FastestV2-0.2/SolarBoardData/images/train/IMG-20230418-WA0033_jpg.rf.c37d083b3f00f4996b6b9c2d6443a754.jpg'),
       WindowsPath('E:/Yolo-FastestV2-0.2/SolarBoardData/images/train/pv_crack-179-_jpg.rf.2ecdabd454f6e9dcf6dd0fd06208323d.jpg'),
       WindowsPath('E:/Yolo-FastestV2-0.2/SolarBoardData/images/train/Imgdirty_223_1_jpg.rf.3d00f1c05f796e52042253feb8b98616.jpg'),
       WindowsPath('E:/Yolo-FastestV2-0.2/SolarBoardData/images/train/IMG_0409_jpg.rf.5b9abbfbbe8be09396298a7074d19474.jpg'),
       WindowsPath('E:/Yolo-FastestV2-0.2/SolarBoardData/images/train/FHvEcY-XsAYWn_7_jpeg_jpg.rf.0d6e12ccc451741700adbb1b5b8ff6c3.jpg'),
       WindowsPath('E:/Yolo-FastestV2-0.2/SolarBoardData/images/train/IMG_0403_jpg.rf.d9c9649bf22c319484ccc1a0f1ee2cee.jpg'),
       WindowsPath('E:/Yolo-FastestV2-0.2/SolarBoardData/images/train/pv_crack-17-_jpg.rf.01c16971bbaaa32549a88dd6e4955b2d.jpg'),
       WindowsPath('E:/Yolo-FastestV2-0.2/SolarBoardData/images/train/Imgdirty_335_1_jpg.rf.55b3cdf3ffecb2155d44b474d00f3549.jpg'),
       WindowsPath('E:/Yolo-FastestV2-0.2/SolarBoardData/images/train/Imgdirty_819_1_jpg.rf.21bb752a9cbb61fc52606eda901db8ad.jpg'),
       WindowsPath('E:/Yolo-FastestV2-0.2/SolarBoardData/images/train/IMG_20230323_170356_jpg.rf.68c7f05c44f5b95e9a5cc15745a85110.jpg'),
       WindowsPath('E:/Yolo-FastestV2-0.2/SolarBoardData/images/train/pv_crack-32-_jpg.rf.30e5ae513afac7d6a43aa105dbe88354.jpg'),
       WindowsPath('E:/Yolo-FastestV2-0.2/SolarBoardData/images/train/IMG_0407_jpg.rf.b208c6bfc4f11e05c978dd05ee96112d.jpg'),
       WindowsPath('E:/Yolo-FastestV2-0.2/SolarBoardData/images/train/WhatsApp-Image-2023-03-20-at-19-18-54-2-_jpeg_jpg.rf.0075dd41c2ea487fcce1a2b728c3da7c.jpg'),
       WindowsPath('E:/Yolo-FastestV2-0.2/SolarBoardData/images/train/pv_crack-137-_jpg.rf.979f9e8ff01c0996ec1c6d5908631813.jpg'),
       WindowsPath('E:/Yolo-FastestV2-0.2/SolarBoardData/images/train/Imgclean_140_0_jpg.rf.0c7be4cbb183d4f4b04763e0bfef8d67.jpg'),
       WindowsPath('E:/Yolo-FastestV2-0.2/SolarBoardData/images/train/IMG_20230324_171802_jpg.rf.2ad69d7dfbb655363e60c50b60db13bd.jpg'),
       WindowsPath('E:/Yolo-FastestV2-0.2/SolarBoardData/images/train/IMG_0392_jpg.rf.41edb020301186739f308408a60667b9.jpg'),
       WindowsPath('E:/Yolo-FastestV2-0.2/SolarBoardData/images/train/Imgdirty_634_1_jpg.rf.19dfb444ccbfe426966462a6a26c4593.jpg'),
       WindowsPath('E:/Yolo-FastestV2-0.2/SolarBoardData/images/train/Screenshot-2023-04-01-181128_png_jpg.rf.8a9fdd234b323af1660e5c143396f8c9.jpg'),
       WindowsPath('E:/Yolo-FastestV2-0.2/SolarBoardData/images/train/cracked-363-_jpg.rf.b489baafe0904219f508e683545bd2d9.jpg'),
       WindowsPath('E:/Yolo-FastestV2-0.2/SolarBoardData/images/train/images-33-_jpg.rf.66c9b4fa8787f89b8a8fdc628db06fee.jpg'),
       WindowsPath('E:/Yolo-FastestV2-0.2/SolarBoardData/images/train/pv_crack-15-_jpg.rf.7ee39a4fc84e91ddb59d69ff8d3d08d4.jpg'),
       WindowsPath('E:/Yolo-FastestV2-0.2/SolarBoardData/images/train/good-e4c24e15-fe6f-11ed-986d-5c60ba7633ae_jpg.rf.a4467da4a7d2cef352223c3bd6c64ae1.jpg'),
       WindowsPath('E:/Yolo-FastestV2-0.2/SolarBoardData/images/train/photo_2023-07-19_16-27-46_jpg.rf.b11bbb9804e2c1c7dbc4f9f4c0e3e26a.jpg'),
       WindowsPath('E:/Yolo-FastestV2-0.2/SolarBoardData/images/train/cracked-65-_jpg.rf.173d53115f7602e06f464ccea5b51b8e.jpg'),
       WindowsPath('E:/Yolo-FastestV2-0.2/SolarBoardData/images/train/good-d47d48f1-fe6f-11ed-9a5f-5c60ba7633ae_jpg.rf.1678a316cebd9e49368688f7516086fc.jpg'),
       WindowsPath('E:/Yolo-FastestV2-0.2/SolarBoardData/images/train/IMG_0419_jpg.rf.1cec7e4d4ecb446e80aec31bf50e872d.jpg'),
       WindowsPath('E:/Yolo-FastestV2-0.2/SolarBoardData/images/train/pv_crack-31-_jpg.rf.b30d72efcc9b36fae104ee3cdb45248b.jpg'),
       WindowsPath('E:/Yolo-FastestV2-0.2/SolarBoardData/images/train/Screenshot-2023-04-21-211102_png_jpg.rf.9c5a794ccb59aabf4a38ef2d4ae1329b.jpg'),
       WindowsPath('E:/Yolo-FastestV2-0.2/SolarBoardData/images/train/cracked-0675b62b-fe70-11ed-88cb-5c60ba7633ae_jpg.rf.21cb5792c60e3621acc693f0d11c88dc.jpg'),
       WindowsPath('E:/Yolo-FastestV2-0.2/SolarBoardData/images/train/IMG_0395_jpg.rf.665827a0a38ded9d3286fcde8a1b2e0c.jpg'),
       WindowsPath('E:/Yolo-FastestV2-0.2/SolarBoardData/images/train/IMG_8583_jpg.rf.3b505cb594db4b42a902129d9cdcee9e.jpg'),
       WindowsPath('E:/Yolo-FastestV2-0.2/SolarBoardData/images/train/cracked-f0c72d6f-fe6f-11ed-a636-5c60ba7633ae_jpg.rf.e8102177a6de8d4d9347262fa98704ab.jpg'),
       WindowsPath('E:/Yolo-FastestV2-0.2/SolarBoardData/images/train/IMG_0415_jpg.rf.2b034df113aafd3c8c4ef0d6dba4e440.jpg'),
       WindowsPath('E:/Yolo-FastestV2-0.2/SolarBoardData/images/train/IMG-20230418-WA0056_jpg.rf.b16578e7c18906303f0661ab61b3f4ea.jpg'),
       WindowsPath('E:/Yolo-FastestV2-0.2/SolarBoardData/images/train/Imgdirty_686_1_jpg.rf.51a15614be97f2dece063360d8178a07.jpg'),
       WindowsPath('E:/Yolo-FastestV2-0.2/SolarBoardData/images/train/Imgclean_34_0_jpg.rf.64564d21fee795b4a0ff7df8313e58bf.jpg'),
       WindowsPath('E:/Yolo-FastestV2-0.2/SolarBoardData/images/train/cracked-02d8e14c-fe70-11ed-8717-5c60ba7633ae_jpg.rf.85453ee9f2e2006058831a911d1e8ac0.jpg'),
       WindowsPath('E:/Yolo-FastestV2-0.2/SolarBoardData/images/train/pv_crack-170-_jpg.rf.7868f9923f3b7150533821f535ab8787.jpg'),
       WindowsPath('E:/Yolo-FastestV2-0.2/SolarBoardData/images/train/Rusak979_jpg.rf.420065aab6c1ade996558fb55cb335c4.jpg'),
       WindowsPath('E:/Yolo-FastestV2-0.2/SolarBoardData/images/train/IMG_0418_jpg.rf.ce1a2fd8fd97458d38106cc44f670fdb.jpg'),
       WindowsPath('E:/Yolo-FastestV2-0.2/SolarBoardData/images/train/Imgclean_34_0_jpg.rf.b301d27a6f9a2e324e177cb4fccd29b7.jpg'),
       WindowsPath('E:/Yolo-FastestV2-0.2/SolarBoardData/images/train/frame231_jpg.rf.6c70340886a35be58d26c90839cefc01.jpg'),
       WindowsPath('E:/Yolo-FastestV2-0.2/SolarBoardData/images/train/Imgclean_140_0_jpg.rf.fd77c226becd4abfd461b30596fbce61.jpg'),
       WindowsPath('E:/Yolo-FastestV2-0.2/SolarBoardData/images/train/Screenshot-2023-04-21-211119_png_jpg.rf.f86991243c72c3016332b701258b173a.jpg'),
       WindowsPath('E:/Yolo-FastestV2-0.2/SolarBoardData/images/train/Crack_222_jpg.rf.56dc0637c288772896652b7ec237aad1.jpg'),
       WindowsPath('E:/Yolo-FastestV2-0.2/SolarBoardData/images/train/IMG_0394_jpg.rf.b894f4b7646abd3053c288329547bb17.jpg'),
       WindowsPath('E:/Yolo-FastestV2-0.2/SolarBoardData/images/train/cracked-f464c296-fe6f-11ed-8a60-5c60ba7633ae_jpg.rf.4f895fafd61fdcccb26cb5237b0ba8ee.jpg'),
       WindowsPath('E:/Yolo-FastestV2-0.2/SolarBoardData/images/train/Crack_234_jpg.rf.ffb0d763158a09e6111a1dd59c67f89e.jpg'),
       WindowsPath('E:/Yolo-FastestV2-0.2/SolarBoardData/images/train/cracked-eef974b0-fe6f-11ed-9646-5c60ba7633ae_jpg.rf.7292e44c652363fa57a40ab715425c54.jpg'),
       WindowsPath('E:/Yolo-FastestV2-0.2/SolarBoardData/images/train/Screenshot-2023-04-01-180311_png_jpg.rf.7985574b0b0d2e5c041ee3f7c4dac229.jpg'),
       WindowsPath('E:/Yolo-FastestV2-0.2/SolarBoardData/images/train/WhatsApp-Image-2023-03-20-at-19-19-24_jpeg_jpg.rf.dbb3f9bdb3f17f454f332c361b3b338b.jpg'),
       WindowsPath('E:/Yolo-FastestV2-0.2/SolarBoardData/images/train/Imgdirty_683_1_jpg.rf.9d26c4e47eb14c8550b7952f7e6e2276.jpg'),
       WindowsPath('E:/Yolo-FastestV2-0.2/SolarBoardData/images/train/IMG_8617_jpg.rf.85b4123634395d11005b3c919ec4ec1d.jpg'),
       WindowsPath('E:/Yolo-FastestV2-0.2/SolarBoardData/images/train/IMG_20230323_165549_jpg.rf.8a9df427c019d8a4f58b2f467ee86f73.jpg'),
       WindowsPath('E:/Yolo-FastestV2-0.2/SolarBoardData/images/train/Imgdirty_499_1_jpg.rf.06b137e683af062804ef8f7fec814ef5.jpg'),
       WindowsPath('E:/Yolo-FastestV2-0.2/SolarBoardData/images/train/cracked-75-_jpg.rf.77af1927d2d6fb1d82737cdcff07f951.jpg'),
       WindowsPath('E:/Yolo-FastestV2-0.2/SolarBoardData/images/train/good-d0df07e1-fe6f-11ed-a98d-5c60ba7633ae_jpg.rf.b895e7324b7f46a1db5216309b85393d.jpg'),
       WindowsPath('E:/Yolo-FastestV2-0.2/SolarBoardData/images/train/IMG_20230324_163910_jpg.rf.684d3827b50e321865357f11b905ad18.jpg'),
       WindowsPath('E:/Yolo-FastestV2-0.2/SolarBoardData/images/train/Imgdirty_611_1_jpg.rf.5c8d259e49906ade1c61d0523ebd7fe9.jpg'),
       WindowsPath('E:/Yolo-FastestV2-0.2/SolarBoardData/images/train/Screenshot-2023-04-02-002333_png_jpg.rf.f16afa6d70ac793b3c5f425a1fd8b65e.jpg'),
       WindowsPath('E:/Yolo-FastestV2-0.2/SolarBoardData/images/train/cracked-0be0b6fb-fe70-11ed-b48f-5c60ba7633ae_jpg.rf.2cd4550fc4481f0d94f9bd80af38306b.jpg'),
       WindowsPath('E:/Yolo-FastestV2-0.2/SolarBoardData/images/train/Imgdirty_114_1_jpg.rf.8ac22944a96544c596c0d41dcb061c41.jpg'),
       WindowsPath('E:/Yolo-FastestV2-0.2/SolarBoardData/images/train/pv_crack-36-_jpg.rf.e32f9c1af816068c32fed99373b88dd9.jpg'),
       WindowsPath('E:/Yolo-FastestV2-0.2/SolarBoardData/images/train/WhatsApp-Image-2023-03-20-at-19-18-55-1-_jpeg_jpg.rf.2c729b8141a205f59302543effb2b1c1.jpg'),
       WindowsPath('E:/Yolo-FastestV2-0.2/SolarBoardData/images/train/photo_2023-07-19_16-27-43-2-_jpg.rf.7d77465b3b18d8637d35192c8ad62da1.jpg'),
       WindowsPath('E:/Yolo-FastestV2-0.2/SolarBoardData/images/train/Crack_249_jpg.rf.12cc86908405b1ff0dc07ded9fe1eaf0.jpg'),
       WindowsPath('E:/Yolo-FastestV2-0.2/SolarBoardData/images/train/pv_crack-97-_jpg.rf.8ec7caaeaee7cee78d26cdf1cc10fc8d.jpg'),
       WindowsPath('E:/Yolo-FastestV2-0.2/SolarBoardData/images/train/Imgdirty_531_1_jpg.rf.f4815249997a43278182f5bd49b3bae6.jpg'),
       WindowsPath('E:/Yolo-FastestV2-0.2/SolarBoardData/images/train/cracked-f6339856-fe6f-11ed-ad7d-5c60ba7633ae_jpg.rf.27af4e568c42735e8a464f6b1b8530c3.jpg'),
       WindowsPath('E:/Yolo-FastestV2-0.2/SolarBoardData/images/train/Screenshot-2023-04-02-001819_png_jpg.rf.0af33d731f9e89945f80f7f088b0e2bc.jpg'),
       WindowsPath('E:/Yolo-FastestV2-0.2/SolarBoardData/images/train/IMG_0401_jpg.rf.c465569e5d5f27fd9004ada33b57ecbe.jpg'),
       WindowsPath('E:/Yolo-FastestV2-0.2/SolarBoardData/images/train/good-dbb7c116-fe6f-11ed-8e77-5c60ba7633ae_jpg.rf.18e21bedc99f5bc6c2eeafc949f27f99.jpg'),
       WindowsPath('E:/Yolo-FastestV2-0.2/SolarBoardData/images/train/Screenshot-2023-04-18-012124_png_jpg.rf.0183d4dddfd73fe392947559c117caea.jpg'),
       WindowsPath('E:/Yolo-FastestV2-0.2/SolarBoardData/images/train/Screenshot-2023-04-01-180124_png_jpg.rf.dfc8f3541a9f18fb19a5f88f37a2ec1a.jpg'),
       WindowsPath('E:/Yolo-FastestV2-0.2/SolarBoardData/images/train/IMG_0391_jpg.rf.6b853677b1773fac9bc9679f1b2a52dd.jpg'),
       WindowsPath('E:/Yolo-FastestV2-0.2/SolarBoardData/images/train/Screenshot-2023-04-01-180950_png_jpg.rf.afffa7bfcc706c640fbaf43c60ec4882.jpg'),
       WindowsPath('E:/Yolo-FastestV2-0.2/SolarBoardData/images/train/cracked-430-_jpg.rf.fb5ceba8cb594c2eea3202d43c9822dd.jpg'),
       WindowsPath('E:/Yolo-FastestV2-0.2/SolarBoardData/images/train/IMG_0396_jpg.rf.fb959fe1b0c7206792c3fc8cd5b926b5.jpg'),
       WindowsPath('E:/Yolo-FastestV2-0.2/SolarBoardData/images/train/solar_Fri_Jun_30_12__34__28_2017_L_0-800202644022_I_0-32511372549_jpg.rf.a0d3ca77727ba71145765f372257e0f6.jpg'),
       WindowsPath('E:/Yolo-FastestV2-0.2/SolarBoardData/images/train/Screenshot-2023-04-02-002436_png_jpg.rf.274cb5a3d3203f90385734070d7e53a6.jpg'),
       WindowsPath('E:/Yolo-FastestV2-0.2/SolarBoardData/images/train/Imgdirty_226_1_jpg.rf.1ab4a57acdfe55b7e7f8768b3650bca3.jpg'),
       WindowsPath('E:/Yolo-FastestV2-0.2/SolarBoardData/images/train/cracked-f0c72d6f-fe6f-11ed-a636-5c60ba7633ae_jpg.rf.758fd0fca8a77096be6bd25bf620ee70.jpg'),
       WindowsPath('E:/Yolo-FastestV2-0.2/SolarBoardData/images/train/Imgdirty_500_1_jpg.rf.ec156f5ad95a63f7d71a95b18020ec7f.jpg'),
       WindowsPath('E:/Yolo-FastestV2-0.2/SolarBoardData/images/train/zxuKzaRpdJn5VvAkWuMVLROCKyv6N3dWa4w7o2XUZes-_plaintext_638173789917270213_jpg.rf.fd91efd9045c459d6c0231d9ea7208a6.jpg'),
       WindowsPath('E:/Yolo-FastestV2-0.2/SolarBoardData/images/train/indir-4-_jpg.rf.b91e0b32eaf04b6da1d6279e456190ca.jpg'),
       WindowsPath('E:/Yolo-FastestV2-0.2/SolarBoardData/images/train/cracked-55-_jpg.rf.b2f1b3a1ad1d6cc8fb5cb3470eb5de59.jpg'),
       WindowsPath('E:/Yolo-FastestV2-0.2/SolarBoardData/images/train/pv_crack-77-_jpg.rf.4897a0725f9f0b6681d1627505d5ed21.jpg'),
       WindowsPath('E:/Yolo-FastestV2-0.2/SolarBoardData/images/train/istockphoto-183037705-612x612_jpg.rf.30265af249b44058393deb907fe45316.jpg'),
       WindowsPath('E:/Yolo-FastestV2-0.2/SolarBoardData/images/train/solar_Fri_Jun_16_10__23__26_2017_L_0-869221820853_I_0-384305882353_jpg.rf.78328b69d1de26b0388aa02f1805766c.jpg'),
       WindowsPath('E:/Yolo-FastestV2-0.2/SolarBoardData/images/train/photo_2023-07-19_16-27-29_jpg.rf.bcfd48ef6f988378ebe9342ccef9e24b.jpg'),
       WindowsPath('E:/Yolo-FastestV2-0.2/SolarBoardData/images/train/solar_Fri_Jun_16_12__21__57_2017_L_0-59011406463_I_0-782494117647_jpg.rf.5c57885965bf439c869b9cd07f52f4c9.jpg'),
       WindowsPath('E:/Yolo-FastestV2-0.2/SolarBoardData/images/train/Screenshot-2023-04-02-001800_png_jpg.rf.bf232756050e631810c685a87be8c632.jpg'),
       WindowsPath('E:/Yolo-FastestV2-0.2/SolarBoardData/images/train/pv_crack-24-_jpg.rf.52f1ccde534deb531ec80b78e208e0ba.jpg'),
       WindowsPath('E:/Yolo-FastestV2-0.2/SolarBoardData/images/train/Imgdirty_1046_1_jpg.rf.b25246175c77be7331f8b0b98b094b08.jpg'),
       WindowsPath('E:/Yolo-FastestV2-0.2/SolarBoardData/images/train/good-c9a4e5a6-fe6f-11ed-8112-5c60ba7633ae_jpg.rf.3e947ca6aec192804989e4181ccc92e6.jpg'),
       WindowsPath('E:/Yolo-FastestV2-0.2/SolarBoardData/images/train/good-d9e936a6-fe6f-11ed-86e2-5c60ba7633ae_jpg.rf.d992dfabcdff4d70a3808dce02d7c9b5.jpg'),
       WindowsPath('E:/Yolo-FastestV2-0.2/SolarBoardData/images/train/IMG_0391_jpg.rf.d0ee01ffea78f37bfdb5f3cf79cf4b22.jpg'),
       WindowsPath('E:/Yolo-FastestV2-0.2/SolarBoardData/images/train/Imgdirty_1028_1_jpg.rf.0956b4b322d472c04d8193d6d92365ba.jpg'),
       WindowsPath('E:/Yolo-FastestV2-0.2/SolarBoardData/images/train/good-d47d48f1-fe6f-11ed-9a5f-5c60ba7633ae_jpg.rf.8a69192fba4e961a7c21e3d23decdfc0.jpg'),
       WindowsPath('E:/Yolo-FastestV2-0.2/SolarBoardData/images/train/Imgdirty_890_1_jpg.rf.5f31ae7f77fddf387c6d222427265c45.jpg'),
       WindowsPath('E:/Yolo-FastestV2-0.2/SolarBoardData/images/train/Imgclean_140_0_jpg.rf.78e3ec690117554d59bda7e2124b231d.jpg'),
       WindowsPath('E:/Yolo-FastestV2-0.2/SolarBoardData/images/train/IMG_8593_jpg.rf.299614a1a2b518d02bac2ace8868c928.jpg'),
       WindowsPath('E:/Yolo-FastestV2-0.2/SolarBoardData/images/train/Rusak918_jpg.rf.3a4f0ddfa92b5f87ca9b6c916b9b41dc.jpg'),
       WindowsPath('E:/Yolo-FastestV2-0.2/SolarBoardData/images/train/WhatsApp-Image-2023-03-20-at-19-19-29-1-_jpeg_jpg.rf.c3aebee7a75ff49bae30b5f80b85f40a.jpg'),
       WindowsPath('E:/Yolo-FastestV2-0.2/SolarBoardData/images/train/Imgdirty_868_1_jpg.rf.aec8ff3d18980e4c6e9e8d6e96560f0f.jpg'),
       WindowsPath('E:/Yolo-FastestV2-0.2/SolarBoardData/images/train/cracked-240-_jpg.rf.45137a8fe0125295538149757bbe5d8d.jpg'),
       WindowsPath('E:/Yolo-FastestV2-0.2/SolarBoardData/images/train/IMG_0414_jpg.rf.1aca051a35153b4a85f713ddc0c53279.jpg'),
       WindowsPath('E:/Yolo-FastestV2-0.2/SolarBoardData/images/train/IMG_20230325_113913_jpg.rf.c7d056bc5255111c8b30cd15eb94fbe6.jpg'),
       WindowsPath('E:/Yolo-FastestV2-0.2/SolarBoardData/images/train/pv_crack-154-_jpg.rf.f7b72b3d3b16b54bd9822747658a3b9e.jpg'),
       WindowsPath('E:/Yolo-FastestV2-0.2/SolarBoardData/images/train/Screenshot-2023-04-18-044452_png_jpg.rf.41323611054ccd92c4fc2a93856b7338.jpg'),
       WindowsPath('E:/Yolo-FastestV2-0.2/SolarBoardData/images/train/IMG_8574_jpg.rf.3f24f6c6edeb7d7398609ee5d31cf11a.jpg'),
       WindowsPath('E:/Yolo-FastestV2-0.2/SolarBoardData/images/train/Screenshot-2023-04-02-000524_png_jpg.rf.6ba5e6bb8ec2aeb891d4419365cdb0c4.jpg'),
       WindowsPath('E:/Yolo-FastestV2-0.2/SolarBoardData/images/train/WhatsApp-Image-2023-03-20-at-19-19-21_jpeg_jpg.rf.d425acab813fc24964af9fb4a328040b.jpg'),
       WindowsPath('E:/Yolo-FastestV2-0.2/SolarBoardData/images/train/Imgdirty_535_1_jpg.rf.8ae2603cba8425aab59f375c5b663910.jpg'),
       WindowsPath('E:/Yolo-FastestV2-0.2/SolarBoardData/images/train/pv_crack-38-_jpg.rf.ec4816b68690dd7f77fca6c99201963f.jpg'),
       WindowsPath('E:/Yolo-FastestV2-0.2/SolarBoardData/images/train/solar_Wed_Jun_21_8__46__46_2017_L_0-331512296823_I_0-406290196078_jpg.rf.a104b499b5c7566f0e1125e647c1c5aa.jpg'),
       WindowsPath('E:/Yolo-FastestV2-0.2/SolarBoardData/images/train/Screenshot-2023-04-21-211949_png_jpg.rf.dc56ebf8947b2843ce839e7393a3f200.jpg'),
       WindowsPath('E:/Yolo-FastestV2-0.2/SolarBoardData/images/train/photo_2023-07-19_16-27-42_jpg.rf.5127410679d8223ce5355313909b09a5.jpg'),
       WindowsPath('E:/Yolo-FastestV2-0.2/SolarBoardData/images/train/solar_Fri_Jun_16_14__9__15_2017_L_0-595394736842_I_0-271811764706_jpg.rf.a1f2614482259fcf08f622df185ecca0.jpg'),
       WindowsPath('E:/Yolo-FastestV2-0.2/SolarBoardData/images/train/pv_crack-37-_jpg.rf.daa23787030e040cf6b747f9f733c947.jpg'),
       WindowsPath('E:/Yolo-FastestV2-0.2/SolarBoardData/images/train/good-c9a4e5a6-fe6f-11ed-8112-5c60ba7633ae_jpg.rf.9385badac014e93168348de03c82be0a.jpg'),
       WindowsPath('E:/Yolo-FastestV2-0.2/SolarBoardData/images/train/IMG_20230324_112755_jpg.rf.9e960c4c8179b6529c0785cdee822834.jpg'),
       WindowsPath('E:/Yolo-FastestV2-0.2/SolarBoardData/images/train/good-a1ef5a32-fe6f-11ed-981d-5c60ba7633ae_jpg.rf.b5ddcc965111c8304e2171bc782239e6.jpg'),
       WindowsPath('E:/Yolo-FastestV2-0.2/SolarBoardData/images/train/IMG_20230323_171008_jpg.rf.a2124661f308e36b81f53733800575a4.jpg'),
       WindowsPath('E:/Yolo-FastestV2-0.2/SolarBoardData/images/train/pv_crack-13-_jpg.rf.4cb237e6877bee2d40f77e7b53db3f8e.jpg'),
       WindowsPath('E:/Yolo-FastestV2-0.2/SolarBoardData/images/train/pv_crack-176-_jpg.rf.8cc38852162f277d50eaf91609d4f12f.jpg'),
       WindowsPath('E:/Yolo-FastestV2-0.2/SolarBoardData/images/train/IMG_20230324_174730_jpg.rf.1b88a8347c9ca62fdec7b8c9cd121ca7.jpg'),
       WindowsPath('E:/Yolo-FastestV2-0.2/SolarBoardData/images/train/WhatsApp-Image-2023-03-20-at-19-19-22-2-_jpeg_jpg.rf.99b152aaecaa445b3fd52aed43c82ac1.jpg'),
       WindowsPath('E:/Yolo-FastestV2-0.2/SolarBoardData/images/train/pv_crack-9-_jpg.rf.211696d54b214035d96d2c375355784b.jpg'),
       WindowsPath('E:/Yolo-FastestV2-0.2/SolarBoardData/images/train/IMG-20230418-WA0039_jpg.rf.86bdace1cb12abd674c66ceda3f18a51.jpg'),
       WindowsPath('E:/Yolo-FastestV2-0.2/SolarBoardData/images/train/Screenshot-2023-04-01-180124_png_jpg.rf.8063d18c0dd884e54999837e8fb7d222.jpg'),
       WindowsPath('E:/Yolo-FastestV2-0.2/SolarBoardData/images/train/solar_Fri_Jun_16_14__3__26_2017_L_0-672714217014_I_0-595282352941_jpg.rf.45f6c103dce190be115b9425680c1f66.jpg'),
       WindowsPath('E:/Yolo-FastestV2-0.2/SolarBoardData/images/train/Imgdirty_1_1_jpg.rf.43a510da2c53aa575062431a7a012ba5.jpg'),
       WindowsPath('E:/Yolo-FastestV2-0.2/SolarBoardData/images/train/pv_crack-13-_jpg.rf.f44de00acf14e8e8ef80c62f55332b81.jpg'),
       WindowsPath('E:/Yolo-FastestV2-0.2/SolarBoardData/images/train/Screenshot-2023-04-01-180950_png_jpg.rf.e3c97e22be1486d94ff9032315b7e54d.jpg'),
       WindowsPath('E:/Yolo-FastestV2-0.2/SolarBoardData/images/train/Imgdirty_188_1_jpg.rf.3f7c5f543d39ad32773f8288f89deffd.jpg'),
       WindowsPath('E:/Yolo-FastestV2-0.2/SolarBoardData/images/train/solar_Thu_Jun_15_14__49__5_2017_L_0-321710600182_I_0-314349019608_jpg.rf.cc19d02c4c3d3c668834c0dffff61d24.jpg'),
       WindowsPath('E:/Yolo-FastestV2-0.2/SolarBoardData/images/train/Imgdirty_732_1_jpg.rf.a9e6c60ee39b05102c914472b9cf4d8f.jpg'),
       WindowsPath('E:/Yolo-FastestV2-0.2/SolarBoardData/images/train/cracked-f6339856-fe6f-11ed-ad7d-5c60ba7633ae_jpg.rf.790bd800c48a9ede99fe30e7f7559df7.jpg'),
       WindowsPath('E:/Yolo-FastestV2-0.2/SolarBoardData/images/train/Imgdirty_522_1_jpg.rf.1c20dd076dadc5832fffaa982cce40cc.jpg'),
       WindowsPath('E:/Yolo-FastestV2-0.2/SolarBoardData/images/train/photo_2023-07-19_16-27-45-2-_jpg.rf.04c7c645e89fb32eabfd99546eee7283.jpg'),
       WindowsPath('E:/Yolo-FastestV2-0.2/SolarBoardData/images/train/good-e2f2a720-fe6f-11ed-9edc-5c60ba7633ae_jpg.rf.c8e3b8585204fa31944de73520376d1a.jpg'),
       WindowsPath('E:/Yolo-FastestV2-0.2/SolarBoardData/images/train/Imgdirty_0_1_jpg.rf.d486d5e8f13c246f70e9c7fe9fc037b4.jpg'),
       WindowsPath('E:/Yolo-FastestV2-0.2/SolarBoardData/images/train/WhatsApp-Image-2023-03-20-at-19-18-55-2-_jpeg_jpg.rf.8e39dc41fc790e20b7af69111e5902ef.jpg'),
       WindowsPath('E:/Yolo-FastestV2-0.2/SolarBoardData/images/train/IMG_0399_jpg.rf.db9eb81c36f29eb458e9a9c3bf6707de.jpg'),
       WindowsPath('E:/Yolo-FastestV2-0.2/SolarBoardData/images/train/Screenshot-2023-04-02-002212_png.rf.07a668ae15d85edb7b875b3ed69a9aa1.jpg'),
       WindowsPath('E:/Yolo-FastestV2-0.2/SolarBoardData/images/train/good-d0df07e1-fe6f-11ed-a98d-5c60ba7633ae_jpg.rf.86b6fb5edb3656b365c3cfec29b04166.jpg'),
       WindowsPath('E:/Yolo-FastestV2-0.2/SolarBoardData/images/train/IMG_0424_jpg.rf.599251bb0fc82c85bdf6e0180a0d71cb.jpg'),
       WindowsPath('E:/Yolo-FastestV2-0.2/SolarBoardData/images/train/IMG_0440_jpg.rf.346decb440a1a84a5d1c387c5540f16f.jpg'),
       WindowsPath('E:/Yolo-FastestV2-0.2/SolarBoardData/images/train/Crack_233_jpg.rf.64b9f7c68a2d52d38471783e19b6f0e6.jpg'),
       WindowsPath('E:/Yolo-FastestV2-0.2/SolarBoardData/images/train/WhatsApp-Image-2023-03-20-at-19-19-21_jpeg_jpg.rf.966f19845c70844198d55b7bfe18a06e.jpg'),
       WindowsPath('E:/Yolo-FastestV2-0.2/SolarBoardData/images/train/pv_crack-134-_jpg.rf.556f4473523938c229eaeda047960de5.jpg'),
       WindowsPath('E:/Yolo-FastestV2-0.2/SolarBoardData/images/train/cracked-303-_jpg.rf.f7e3b4978987b8dd488656f8c101726c.jpg'),
       WindowsPath('E:/Yolo-FastestV2-0.2/SolarBoardData/images/train/IMG_20230323_170344_jpg.rf.1aa6d0046363db3053c52068771ef24a.jpg'),
       WindowsPath('E:/Yolo-FastestV2-0.2/SolarBoardData/images/train/good-e2f2a720-fe6f-11ed-9edc-5c60ba7633ae_jpg.rf.b3d9d66e6232bdd4c3e895ef8e6393c7.jpg'),
       WindowsPath('E:/Yolo-FastestV2-0.2/SolarBoardData/images/train/IMG_20230324_171619_jpg.rf.34100a56648f190e14f7279e9ab75e43.jpg'),
       WindowsPath('E:/Yolo-FastestV2-0.2/SolarBoardData/images/train/cracked-f0c72d6f-fe6f-11ed-a636-5c60ba7633ae_jpg.rf.8012be78f5bf5412478e0231d57cafac.jpg'),
       WindowsPath('E:/Yolo-FastestV2-0.2/SolarBoardData/images/train/cracked-421-_jpg.rf.ce71d798c2701291d9e9789546d2d984.jpg'),
       WindowsPath('E:/Yolo-FastestV2-0.2/SolarBoardData/images/train/IMG_0416_jpg.rf.4ff075ccb32523ca87320ba7c97f0a05.jpg'),
       WindowsPath('E:/Yolo-FastestV2-0.2/SolarBoardData/images/train/IMG_20230324_115344_jpg.rf.3837ec9271283a5b7e3883f9a082df96.jpg'),
       WindowsPath('E:/Yolo-FastestV2-0.2/SolarBoardData/images/train/1677069179169_jpg.rf.f38d61346a3c1549707b3ac0b0107e96.jpg'),
       WindowsPath('E:/Yolo-FastestV2-0.2/SolarBoardData/images/train/pv_crack-26-_jpg.rf.6f818191d5d1c7f40ecda9048bf521bd.jpg'),
       WindowsPath('E:/Yolo-FastestV2-0.2/SolarBoardData/images/train/Rusak874_jpg.rf.73ef20aae96c22452923adf8137db456.jpg'),
       WindowsPath('E:/Yolo-FastestV2-0.2/SolarBoardData/images/train/IMG_20230324_113753_jpg.rf.4241297f8a85b2ca78d509a83dd29983.jpg'),
       WindowsPath('E:/Yolo-FastestV2-0.2/SolarBoardData/images/train/IMG_0440_jpg.rf.209be312018d2c2c4a4d92d6816ca800.jpg'),
       WindowsPath('E:/Yolo-FastestV2-0.2/SolarBoardData/images/train/cracked-60-_jpg.rf.89910c003dd4d951a93755f0857ad9d3.jpg'),
       WindowsPath('E:/Yolo-FastestV2-0.2/SolarBoardData/images/train/cracked-0be0b6fb-fe70-11ed-b48f-5c60ba7633ae_jpg.rf.bfcbb9afca8b2bd4f61e64554eb0ee54.jpg'),
       WindowsPath('E:/Yolo-FastestV2-0.2/SolarBoardData/images/train/WhatsApp-Image-2023-03-20-at-19-19-21-1-_jpeg_jpg.rf.02d8d6bcfbb80835dd622eda203b95b9.jpg'),
       WindowsPath('E:/Yolo-FastestV2-0.2/SolarBoardData/images/train/Rusak892_jpg.rf.b5d98ba420c9a5beb94230cc728bad1d.jpg'),
       WindowsPath('E:/Yolo-FastestV2-0.2/SolarBoardData/images/train/good-a1ef5a32-fe6f-11ed-981d-5c60ba7633ae_jpg.rf.89b790120493e4bad217789d0d197e0f.jpg'),
       WindowsPath('E:/Yolo-FastestV2-0.2/SolarBoardData/images/train/cracked-ff3c284a-fe6f-11ed-9a94-5c60ba7633ae_jpg.rf.ca59ecef25742fcb5e0d4bda97f8d48f.jpg'),
       WindowsPath('E:/Yolo-FastestV2-0.2/SolarBoardData/images/train/cracked-fba08fe1-fe6f-11ed-9db8-5c60ba7633ae_jpg.rf.dd108a8e41ad209512af4138d5f46e3a.jpg'),
       WindowsPath('E:/Yolo-FastestV2-0.2/SolarBoardData/images/train/good-dbb7c116-fe6f-11ed-8e77-5c60ba7633ae_jpg.rf.33bc45934a0390bcae5232c30e445d23.jpg'),
       WindowsPath('E:/Yolo-FastestV2-0.2/SolarBoardData/images/train/photo_2023-07-19_16-27-32_jpg.rf.155cb785f4080d7cbe790d40e8139ea9.jpg'),
       WindowsPath('E:/Yolo-FastestV2-0.2/SolarBoardData/images/train/Imgdirty_142_1_jpg.rf.fa03bb9238e4c3f916ebb9961595ca53.jpg'),
       WindowsPath('E:/Yolo-FastestV2-0.2/SolarBoardData/images/train/photo_2023-07-19_16-27-25_jpg.rf.edb4ccd909dac49752dc1fc085a4c37a.jpg'),
       WindowsPath('E:/Yolo-FastestV2-0.2/SolarBoardData/images/train/131A7_WqH9V1JBEH8D5EV-xB7X2CM1OleZ_DDx7NNUU-_plaintext_638173789917439624_jpg.rf.5a38049691c3a5c309fba34b6e162d93.jpg'),
       WindowsPath('E:/Yolo-FastestV2-0.2/SolarBoardData/images/train/IMG_0414_jpg.rf.569f4fa51aa0eac8478ddc38d8b07a66.jpg'),
       WindowsPath('E:/Yolo-FastestV2-0.2/SolarBoardData/images/train/Crack_257_jpg.rf.7766f8857a7c8f8f7451420d30ec95c2.jpg'),
       WindowsPath('E:/Yolo-FastestV2-0.2/SolarBoardData/images/train/IMG_20230319222014_4133078441130112954-jpg_51_jpg.rf.e285b5d68271af578d17382461ff4a3f.jpg'),
       WindowsPath('E:/Yolo-FastestV2-0.2/SolarBoardData/images/train/solar_Fri_Jun_30_15__24__43_2017_L_0-570904681925_I_0-394592156863_jpg.rf.da9feda84b769e7b1e29b728a74d525e.jpg'),
       WindowsPath('E:/Yolo-FastestV2-0.2/SolarBoardData/images/train/pv_crack-130-_jpg.rf.a7720b84cbfb7af744bddce8b861eea0.jpg'),
       WindowsPath('E:/Yolo-FastestV2-0.2/SolarBoardData/images/train/pv_crack-159-_jpg.rf.e435fbb4f604c6d12a05b21efd62b51c.jpg'),
       WindowsPath('E:/Yolo-FastestV2-0.2/SolarBoardData/images/train/IMG_0415_jpg.rf.c870083a634e55bf49f560f5db6d15bf.jpg'),
       WindowsPath('E:/Yolo-FastestV2-0.2/SolarBoardData/images/train/cracked-316-_jpg.rf.a0df19bba5dde4422fa322570ade08b5.jpg'),
       WindowsPath('E:/Yolo-FastestV2-0.2/SolarBoardData/images/train/Imgclean_292_0_jpg.rf.c36d31455c5b94f871205a614253c037.jpg'),
       WindowsPath('E:/Yolo-FastestV2-0.2/SolarBoardData/images/train/Crack_212_jpg.rf.08f877549aa11a4381fe28e804722fb5.jpg'),
       WindowsPath('E:/Yolo-FastestV2-0.2/SolarBoardData/images/train/Screenshot-2023-04-02-050019_png_jpg.rf.e5caeca11f920b9ac53a1c324987f6ad.jpg'),
       WindowsPath('E:/Yolo-FastestV2-0.2/SolarBoardData/images/train/pv_crack-7-_jpg.rf.4a343366e223686c6e1ca5bdde8b4783.jpg'),
       WindowsPath('E:/Yolo-FastestV2-0.2/SolarBoardData/images/train/WhatsApp-Image-2023-03-20-at-19-19-23-2-_jpeg_jpg.rf.57d146ac8c3337b1ffb61960db73641e.jpg'),
       WindowsPath('E:/Yolo-FastestV2-0.2/SolarBoardData/images/train/Screenshot-2023-04-02-002333_png_jpg.rf.4d6f36ac59f6aca183a2db68112e21bb.jpg'),
       WindowsPath('E:/Yolo-FastestV2-0.2/SolarBoardData/images/train/cracked-88-_jpg.rf.a8f4ffd32c576ef553e87d0cfbef368b.jpg'),
       WindowsPath('E:/Yolo-FastestV2-0.2/SolarBoardData/images/train/cracked-02d8e14c-fe70-11ed-8717-5c60ba7633ae_jpg.rf.c1bd89c544e51e4253633ca8f4eaae67.jpg'),
       WindowsPath('E:/Yolo-FastestV2-0.2/SolarBoardData/images/train/Imgdirty_899_1_jpg.rf.9c2295ebff59d536c488e900a08212bc.jpg'),
       WindowsPath('E:/Yolo-FastestV2-0.2/SolarBoardData/images/train/IMG_0418_jpg.rf.8eb8d57e7a23b8c27e570a77e90c1c1c.jpg'),
       WindowsPath('E:/Yolo-FastestV2-0.2/SolarBoardData/images/train/WhatsApp-Image-2023-03-20-at-19-19-23_jpeg_jpg.rf.afe2901b7ca4d63259f0137045cae430.jpg'),
       WindowsPath('E:/Yolo-FastestV2-0.2/SolarBoardData/images/train/IMG_0448_jpg.rf.0bec309c29b9e155868e881f5fa8d8e8.jpg'),
       WindowsPath('E:/Yolo-FastestV2-0.2/SolarBoardData/images/train/Imgdirty_940_1_jpg.rf.92ce3a7d140d5518c95b0ffb79c54c0d.jpg'),
       WindowsPath('E:/Yolo-FastestV2-0.2/SolarBoardData/images/train/good-cf110245-fe6f-11ed-affd-5c60ba7633ae_jpg.rf.f4233c065736a3e50cd127d5a966140c.jpg'),
       WindowsPath('E:/Yolo-FastestV2-0.2/SolarBoardData/images/train/Screenshot-2023-04-02-002333_png_jpg.rf.0deea6dc03a88793ba55980bd2e3a4f0.jpg'),
       WindowsPath('E:/Yolo-FastestV2-0.2/SolarBoardData/images/train/cracked-73-_jpg.rf.dfe6ccaef1735a583322e45d5094892c.jpg'),
       WindowsPath('E:/Yolo-FastestV2-0.2/SolarBoardData/images/train/images-33-_jpg.rf.ce629c34af5b72557acad28a3b2d138f.jpg'),
       WindowsPath('E:/Yolo-FastestV2-0.2/SolarBoardData/images/train/cracked-39-_jpg.rf.8bff545fca684075c83e8952482cd9a3.jpg'),
       WindowsPath('E:/Yolo-FastestV2-0.2/SolarBoardData/images/train/pv_crack-4-_jpg.rf.5e733cdf13e1aa6115c6ff29984f4abc.jpg'),
       WindowsPath('E:/Yolo-FastestV2-0.2/SolarBoardData/images/train/Screenshot-2023-04-21-211949_png_jpg.rf.c71b10ea0e41cc48d0984d29ecfc67a7.jpg'),
       WindowsPath('E:/Yolo-FastestV2-0.2/SolarBoardData/images/train/IMG_0433_jpg.rf.66ebf54a6f253a1cc03a9f72ff9d26a0.jpg'),
       WindowsPath('E:/Yolo-FastestV2-0.2/SolarBoardData/images/train/Imgdirty_1055_1_jpg.rf.655513815b196780a0798cea3d1ec4a4.jpg'),
       WindowsPath('E:/Yolo-FastestV2-0.2/SolarBoardData/images/train/Crack_236_jpg.rf.20320937e6ca21518c27456361f3480e.jpg'),
       WindowsPath('E:/Yolo-FastestV2-0.2/SolarBoardData/images/train/Imgdirty_140_1_jpg.rf.48d4ae46be6c36ab3b811b1d4ee8b7f9.jpg'),
       WindowsPath('E:/Yolo-FastestV2-0.2/SolarBoardData/images/train/Imgdirty_741_1_jpg.rf.4681d8aac5386b83680ea0845d79c24b.jpg'),
       WindowsPath('E:/Yolo-FastestV2-0.2/SolarBoardData/images/train/Imgdirty_460_1_jpg.rf.047113bcaae1ff38e515a647a4ba6cf5.jpg'),
       WindowsPath('E:/Yolo-FastestV2-0.2/SolarBoardData/images/train/pv_crack-24-_jpg.rf.0c0d0dd21035e4e7545f12e3093b3a2b.jpg'),
       WindowsPath('E:/Yolo-FastestV2-0.2/SolarBoardData/images/train/Imgdirty_148_1_jpg.rf.3eec610ba063d69cf5c039f160dc3708.jpg'),
       WindowsPath('E:/Yolo-FastestV2-0.2/SolarBoardData/images/train/solar_Tue_Jun_13_16__20__22_2017_L_0-0948649106257_I_0-162129411765_jpg.rf.1701275dcf25ee3855de76e4379361cc.jpg'),
       WindowsPath('E:/Yolo-FastestV2-0.2/SolarBoardData/images/train/IMG_20230324_114327_jpg.rf.b093baf91dd1546f77f70f4b5f299636.jpg'),
       WindowsPath('E:/Yolo-FastestV2-0.2/SolarBoardData/images/train/Screenshot-2023-04-01-180510_png_jpg.rf.e5c006a73ee8c199f84ea9e8fa4bf514.jpg'),
       WindowsPath('E:/Yolo-FastestV2-0.2/SolarBoardData/images/train/Imgdirty_405_1_jpg.rf.4566b5ecbac035239e5e39f3f7fe6f05.jpg'),
       WindowsPath('E:/Yolo-FastestV2-0.2/SolarBoardData/images/train/Screenshot-2023-04-02-001348_png_jpg.rf.0197bec402750d3cbe7948523f2f4466.jpg'),
       WindowsPath('E:/Yolo-FastestV2-0.2/SolarBoardData/images/train/cracked-406-_jpg.rf.32a383397d6bc3fcc02236a6ae3eec78.jpg'),
       WindowsPath('E:/Yolo-FastestV2-0.2/SolarBoardData/images/train/IMG_20230324_115035_jpg.rf.2fcfa51c972f797716e139f5b10f45a2.jpg'),
       WindowsPath('E:/Yolo-FastestV2-0.2/SolarBoardData/images/train/good-e2f2a720-fe6f-11ed-9edc-5c60ba7633ae_jpg.rf.74e43c28298e2b28e392360c99184e39.jpg'),
       WindowsPath('E:/Yolo-FastestV2-0.2/SolarBoardData/images/train/Imgdirty_1047_1_jpg.rf.06a72eb1b6f7896bd4a79b340b4096f9.jpg'),
       WindowsPath('E:/Yolo-FastestV2-0.2/SolarBoardData/images/train/WhatsApp-Image-2023-03-20-at-19-19-29-1-_jpeg_jpg.rf.1ca5794007b1287a76657ecd06720f3b.jpg'),
       WindowsPath('E:/Yolo-FastestV2-0.2/SolarBoardData/images/train/cracked-86-_jpg.rf.51495102da61cb3561525d0f0f7e59ff.jpg'),
       WindowsPath('E:/Yolo-FastestV2-0.2/SolarBoardData/images/train/good-e2f2a720-fe6f-11ed-9edc-5c60ba7633ae_jpg.rf.e7462a81fc85d5057f50f6fa2db8525c.jpg'),
       WindowsPath('E:/Yolo-FastestV2-0.2/SolarBoardData/images/train/pv_crack-16-_jpg.rf.db24eafc9928aab552d18c394040ca53.jpg'),
       WindowsPath('E:/Yolo-FastestV2-0.2/SolarBoardData/images/train/Screenshot-2023-04-18-044452_png_jpg.rf.1f0dfed41102e53895ee5cc8caa474d2.jpg'),
       WindowsPath('E:/Yolo-FastestV2-0.2/SolarBoardData/images/train/images-33-_jpg.rf.c8414938c5201d5415b56548e7859b5b.jpg'),
       WindowsPath('E:/Yolo-FastestV2-0.2/SolarBoardData/images/train/good-e6914200-fe6f-11ed-8a99-5c60ba7633ae_jpg.rf.4cdc0a7e9741997457412fe029934b34.jpg'),
       WindowsPath('E:/Yolo-FastestV2-0.2/SolarBoardData/images/train/IMG-20230418-WA0031_jpg.rf.906cb036e91f2db43119cd42f4ef182b.jpg'),
       WindowsPath('E:/Yolo-FastestV2-0.2/SolarBoardData/images/train/cracked-418-_jpg.rf.4cf479652b9b0635252f4a9706de8008.jpg'),
       WindowsPath('E:/Yolo-FastestV2-0.2/SolarBoardData/images/train/IMG_0401_jpg.rf.f80e3450113ebeebb7a13e59ca8242e8.jpg'),
       WindowsPath('E:/Yolo-FastestV2-0.2/SolarBoardData/images/train/Screenshot-2023-04-02-000611_png_jpg.rf.66dd50a36c2b77a07334514549c3eeeb.jpg'),
       WindowsPath('E:/Yolo-FastestV2-0.2/SolarBoardData/images/train/IMG_0448_jpg.rf.235b023317bcdd0cc6834c7d75b3bfe2.jpg'),
       WindowsPath('E:/Yolo-FastestV2-0.2/SolarBoardData/images/train/WhatsApp-Image-2023-03-20-at-19-19-28_jpeg_jpg.rf.a7f7ae1b823aeb47eb27f8d5f898b260.jpg'),
       WindowsPath('E:/Yolo-FastestV2-0.2/SolarBoardData/images/train/1677069179169_jpg.rf.89894fed554f056a35969a9aebea28cd.jpg'),
       WindowsPath('E:/Yolo-FastestV2-0.2/SolarBoardData/images/train/IMG-20230418-WA0018_jpg.rf.77bdbdb4098ec079f0d6bffc972e2160.jpg'),
       WindowsPath('E:/Yolo-FastestV2-0.2/SolarBoardData/images/train/Crack_204_jpg.rf.4e5a75b5be96e99fd00a51cc0bd7d2d7.jpg'),
       WindowsPath('E:/Yolo-FastestV2-0.2/SolarBoardData/images/train/Screenshot-2023-04-02-002532_png_jpg.rf.ec382a9b1a5745562e19efce6a9fbcd1.jpg'),
       WindowsPath('E:/Yolo-FastestV2-0.2/SolarBoardData/images/train/Screenshot-2023-04-21-211949_png_jpg.rf.b1b30be2f22d1ab0e4b5e5b7f4681ded.jpg'),
       WindowsPath('E:/Yolo-FastestV2-0.2/SolarBoardData/images/train/pv_crack-179-_jpg.rf.ce49a7adc1ef8b7d016a2c94330911c8.jpg'),
       WindowsPath('E:/Yolo-FastestV2-0.2/SolarBoardData/images/train/WhatsApp-Image-2023-03-20-at-19-19-29-2-_jpeg_jpg.rf.ba4e600f81c9a6df59d67173b3d33600.jpg'),
       WindowsPath('E:/Yolo-FastestV2-0.2/SolarBoardData/images/train/pv_crack-106-_jpg.rf.60301f90011c53a2aac14e812fd9b0ce.jpg'),
       WindowsPath('E:/Yolo-FastestV2-0.2/SolarBoardData/images/train/good-e4c24e15-fe6f-11ed-986d-5c60ba7633ae_jpg.rf.c8468bec04d7b94955841fc39a346e8e.jpg'),
       WindowsPath('E:/Yolo-FastestV2-0.2/SolarBoardData/images/train/Imgdirty_554_1_jpg.rf.dcdb229781a0761c36b93467fa56d6de.jpg'),
       WindowsPath('E:/Yolo-FastestV2-0.2/SolarBoardData/images/train/Screenshot-2023-04-01-180950_png_jpg.rf.71eabfc0913000041127faa522a21ce8.jpg'),
       WindowsPath('E:/Yolo-FastestV2-0.2/SolarBoardData/images/train/pv_crack-122-_jpg.rf.c29d365a6aafb521915eff6a82547dee.jpg'),
       WindowsPath('E:/Yolo-FastestV2-0.2/SolarBoardData/images/train/Screenshot-2023-04-02-002436_png_jpg.rf.d66c4b922abe705622a8a8ee378baa07.jpg'),
       WindowsPath('E:/Yolo-FastestV2-0.2/SolarBoardData/images/train/IMG_0418_jpg.rf.b0c35047900376d739d3458bbbbf9aaf.jpg'),
       WindowsPath('E:/Yolo-FastestV2-0.2/SolarBoardData/images/train/Screenshot-2023-04-18-011947_png_jpg.rf.6892ed38e623cf5830a43fd68c1be042.jpg'),
       WindowsPath('E:/Yolo-FastestV2-0.2/SolarBoardData/images/train/Screenshot-2023-04-18-012044_png_jpg.rf.043cabc098f891845185a7bb7ae20d5d.jpg'),
       WindowsPath('E:/Yolo-FastestV2-0.2/SolarBoardData/images/train/cracked-428-_jpg.rf.c2245506e495462d0ff78d7f9740eb47.jpg'),
       WindowsPath('E:/Yolo-FastestV2-0.2/SolarBoardData/images/train/IMG_20230324_112151_jpg.rf.b758468b4e8a9882b7af6e1d4accb46f.jpg'),
       WindowsPath('E:/Yolo-FastestV2-0.2/SolarBoardData/images/train/cracked-ff3c284a-fe6f-11ed-9a94-5c60ba7633ae_jpg.rf.8e2248cb928aef31558dfe2665645b69.jpg'),
       WindowsPath('E:/Yolo-FastestV2-0.2/SolarBoardData/images/train/pv_crack-76-_jpg.rf.0210dd80d45f75e686f6af5245d8fa6a.jpg'),
       WindowsPath('E:/Yolo-FastestV2-0.2/SolarBoardData/images/train/IMG_0404_jpg.rf.ad986c7c85682b0c3af883b6aac638c4.jpg'),
       WindowsPath('E:/Yolo-FastestV2-0.2/SolarBoardData/images/train/Screenshot-2023-04-21-211949_png_jpg.rf.688406d52b14a524399429e1e19c2fb1.jpg'),
       WindowsPath('E:/Yolo-FastestV2-0.2/SolarBoardData/images/train/solar_Fri_Jun_16_14__6__43_2017_L_0-577434724073_I_0-562168627451_jpg.rf.77363283ae98de1cddfece50b20b00f3.jpg'),
       WindowsPath('E:/Yolo-FastestV2-0.2/SolarBoardData/images/train/cracked-437-_jpg.rf.10443fb3d230998ef8948814fdf58354.jpg'),
       WindowsPath('E:/Yolo-FastestV2-0.2/SolarBoardData/images/train/cracked-5-_jpg.rf.c698c8139662060e4e6655d98ea007bc.jpg'),
       WindowsPath('E:/Yolo-FastestV2-0.2/SolarBoardData/images/train/Screenshot-2023-04-02-001243_png_jpg.rf.a415c032613744149c67f472f903c500.jpg'),
       WindowsPath('E:/Yolo-FastestV2-0.2/SolarBoardData/images/train/Imgdirty_781_1_jpg.rf.918fd2840e16c41252e416355f5a80b0.jpg'),
       WindowsPath('E:/Yolo-FastestV2-0.2/SolarBoardData/images/train/Screenshot-2023-04-02-001523_png.rf.d4e7b8379908a1407252202949531415.jpg'),
       WindowsPath('E:/Yolo-FastestV2-0.2/SolarBoardData/images/train/IMG_0414_jpg.rf.8ec558d4c4af320d7fa334d3cdd7acc4.jpg'),
       WindowsPath('E:/Yolo-FastestV2-0.2/SolarBoardData/images/train/WhatsApp-Image-2023-03-20-at-19-19-23-2-_jpeg_jpg.rf.9a46b89fdfddd7a8c0d9e7e2cf00bc62.jpg'),
       WindowsPath('E:/Yolo-FastestV2-0.2/SolarBoardData/images/train/IMG_20230324_113749_jpg.rf.6808f3fdf6c3708db665711053f2e896.jpg'),
       WindowsPath('E:/Yolo-FastestV2-0.2/SolarBoardData/images/train/images-33-_jpg.rf.49eeeba705f2646eff13b28778e38a3a.jpg'),
       WindowsPath('E:/Yolo-FastestV2-0.2/SolarBoardData/images/train/Imgdirty_730_1_jpg.rf.9dba1212671ee26d40434bad4529dfce.jpg'),
       WindowsPath('E:/Yolo-FastestV2-0.2/SolarBoardData/images/train/good-a1ef5a32-fe6f-11ed-981d-5c60ba7633ae_jpg.rf.e872e3f269b916ef257b65f9323657e7.jpg'),
       WindowsPath('E:/Yolo-FastestV2-0.2/SolarBoardData/images/train/Screenshot-2023-04-18-011410_png.rf.6e9fd6cbb5f832b771d07b318a777dcd.jpg'),
       WindowsPath('E:/Yolo-FastestV2-0.2/SolarBoardData/images/train/IMG_0415_jpg.rf.fa457b85ab2cd53b78eeab6163cf35b7.jpg'),
       WindowsPath('E:/Yolo-FastestV2-0.2/SolarBoardData/images/train/solar_Wed_Jun_14_9__39__27_2017_L_0-279015320271_I_0-345050980392_jpg.rf.c515b77abc71a1d7177f13e30461c673.jpg'),
       WindowsPath('E:/Yolo-FastestV2-0.2/SolarBoardData/images/train/IMG_20230324_160255_jpg.rf.6b2bbccdc2fda368eb02088950f3bbcf.jpg'),
       WindowsPath('E:/Yolo-FastestV2-0.2/SolarBoardData/images/train/good-d64b447b-fe6f-11ed-a265-5c60ba7633ae_jpg.rf.40ccfc4f985759d9b8f81b1cccd4f246.jpg'),
       WindowsPath('E:/Yolo-FastestV2-0.2/SolarBoardData/images/train/Crack_19_jpg.rf.7f4263ec28de58d6dfeebc9ec955d118.jpg'),
       WindowsPath('E:/Yolo-FastestV2-0.2/SolarBoardData/images/train/IMG_20230319221952_3069230183487404545-jpg_23_jpg.rf.514c72ee62ec33e6bb3e7ca56f986b7c.jpg'),
       WindowsPath('E:/Yolo-FastestV2-0.2/SolarBoardData/images/train/WhatsApp-Image-2023-03-20-at-19-19-22_jpeg_jpg.rf.c486f32df7ba0552581567831897549e.jpg'),
       WindowsPath('E:/Yolo-FastestV2-0.2/SolarBoardData/images/train/solar_Thu_Jun_15_14__57__19_2017_L_0-438535668828_I_0-323509803922_jpg.rf.51b31721311b9b5965026f3e59ac22eb.jpg'),
       WindowsPath('E:/Yolo-FastestV2-0.2/SolarBoardData/images/train/IMG_0396_jpg.rf.660e193533e5a2521c621006dbda0503.jpg'),
       WindowsPath('E:/Yolo-FastestV2-0.2/SolarBoardData/images/train/cracked-85-_jpg.rf.1b841d374ab20d89cfa0af64813bd68b.jpg'),
       WindowsPath('E:/Yolo-FastestV2-0.2/SolarBoardData/images/train/cracked-0be0b6fb-fe70-11ed-b48f-5c60ba7633ae_jpg.rf.63348f12ccb7238b211270342edc1efb.jpg'),
       WindowsPath('E:/Yolo-FastestV2-0.2/SolarBoardData/images/train/good-d8194c79-fe6f-11ed-ac9a-5c60ba7633ae_jpg.rf.6fd8562fa4566e3af8a91453a23c5f2a.jpg'),
       WindowsPath('E:/Yolo-FastestV2-0.2/SolarBoardData/images/train/Screenshot-2023-04-21-211003_png_jpg.rf.bb5b10ea188da56501b4e11959a05f2c.jpg'),
       WindowsPath('E:/Yolo-FastestV2-0.2/SolarBoardData/images/train/Imgdirty_811_1_jpg.rf.16cf1c3dc656e57b4fb9554123ec826e.jpg'),
       WindowsPath('E:/Yolo-FastestV2-0.2/SolarBoardData/images/train/IMG_20230324_134107_jpg.rf.ee9b049f946ca7c2ba2b92c32155936a.jpg'),
       WindowsPath('E:/Yolo-FastestV2-0.2/SolarBoardData/images/train/good-dd86b288-fe6f-11ed-b752-5c60ba7633ae_jpg.rf.71eabd875474c59ffd40996a420c5778.jpg'),
       WindowsPath('E:/Yolo-FastestV2-0.2/SolarBoardData/images/train/IMG_0400_jpg.rf.904fc9bac8d0f77616d904c7fd7ef920.jpg'),
       WindowsPath('E:/Yolo-FastestV2-0.2/SolarBoardData/images/train/IMG_0433_jpg.rf.f1873613fa71bdab76c4bd7653e073d8.jpg'),
       WindowsPath('E:/Yolo-FastestV2-0.2/SolarBoardData/images/train/pv_crack-8-_jpg.rf.030d088f2e91dc080a2773e2f8f48e47.jpg'),
       WindowsPath('E:/Yolo-FastestV2-0.2/SolarBoardData/images/train/solar_Fri_Jun_30_15__15__8_2017_L_0-532686019519_I_0-471329411765_jpg.rf.ce913783404f61be2d3d32304a9126fb.jpg'),
       WindowsPath('E:/Yolo-FastestV2-0.2/SolarBoardData/images/train/Crack_231_jpg.rf.ef4c748b0a9232ddf03467263e79b94b.jpg'),
       WindowsPath('E:/Yolo-FastestV2-0.2/SolarBoardData/images/train/Imgdirty_615_1_jpg.rf.525bd89f81adc306788932c79b90abb9.jpg'),
       WindowsPath('E:/Yolo-FastestV2-0.2/SolarBoardData/images/train/WhatsApp-Image-2023-03-20-at-19-19-24_jpeg_jpg.rf.deee488786c7c2177a46d8899c3559fd.jpg'),
       WindowsPath('E:/Yolo-FastestV2-0.2/SolarBoardData/images/train/IMG_8574_jpg.rf.1427f3c905cad0a256d248472af963ac.jpg'),
       WindowsPath('E:/Yolo-FastestV2-0.2/SolarBoardData/images/train/Imgdirty_783_1_jpg.rf.6baab618383172a7c80bdaee6b7e3bb8.jpg'),
       WindowsPath('E:/Yolo-FastestV2-0.2/SolarBoardData/images/train/IMG_20230324_134052_jpg.rf.77bbf370dca078e2c0ef2f6a21e66d24.jpg'),
       WindowsPath('E:/Yolo-FastestV2-0.2/SolarBoardData/images/train/Crack_253_jpg.rf.931f84ca2e47b8543e123701b6d99899.jpg'),
       WindowsPath('E:/Yolo-FastestV2-0.2/SolarBoardData/images/train/good-a1ef5a32-fe6f-11ed-981d-5c60ba7633ae_jpg.rf.77a7afa78820570117361618efd6ab9c.jpg'),
       WindowsPath('E:/Yolo-FastestV2-0.2/SolarBoardData/images/train/Screenshot-2023-04-21-211416_png_jpg.rf.f29529ea3924ed601254254fb8753a72.jpg'),
       WindowsPath('E:/Yolo-FastestV2-0.2/SolarBoardData/images/train/Screenshot-2023-04-02-000552_png_jpg.rf.595a4108f97efd6263fcc52799700b54.jpg'),
       WindowsPath('E:/Yolo-FastestV2-0.2/SolarBoardData/images/train/Imgdirty_512_1_jpg.rf.695b0cc509f28119de70b0582731feed.jpg'),
       WindowsPath('E:/Yolo-FastestV2-0.2/SolarBoardData/images/train/IMG-20230418-WA0050_jpg.rf.eab6ab1d718a7216791064618bad2204.jpg'),
       WindowsPath('E:/Yolo-FastestV2-0.2/SolarBoardData/images/train/IMG_20230323_165048_jpg.rf.99f1e774a5f30218bbba2c3f65b7e987.jpg'),
       WindowsPath('E:/Yolo-FastestV2-0.2/SolarBoardData/images/train/Imgdirty_951_1_jpg.rf.4d25499a65b0324ab2f9e42054ee9d11.jpg'),
       WindowsPath('E:/Yolo-FastestV2-0.2/SolarBoardData/images/train/Screenshot-2023-04-18-012316_png_jpg.rf.9216cdbcaad0c2aa87b25d8c5fd04f91.jpg'),
       WindowsPath('E:/Yolo-FastestV2-0.2/SolarBoardData/images/train/cracked-418-_jpg.rf.74eed7cb658b40203d465235e2d17924.jpg'),
       WindowsPath('E:/Yolo-FastestV2-0.2/SolarBoardData/images/train/IMG_20230324_162101_jpg.rf.d51deb1172f262457b6a36d7fb52f45b.jpg'),
       WindowsPath('E:/Yolo-FastestV2-0.2/SolarBoardData/images/train/Imgclean_294_0_jpg.rf.b331cdccb1de26ec3f8ef5b1e23681d4.jpg'),
       WindowsPath('E:/Yolo-FastestV2-0.2/SolarBoardData/images/train/IMG_0395_jpg.rf.2d13c6cc35fab9dfaa42650e9d08f86e.jpg'),
       WindowsPath('E:/Yolo-FastestV2-0.2/SolarBoardData/images/train/Crack_216_jpg.rf.df98054a9c5ee7c87c4916953a1fc02d.jpg'),
       WindowsPath('E:/Yolo-FastestV2-0.2/SolarBoardData/images/train/photo_2023-07-19_16-27-27-2-_jpg.rf.6ecc9db3328b4c93bfa1226947cf1d7f.jpg'),
       WindowsPath('E:/Yolo-FastestV2-0.2/SolarBoardData/images/train/cracked-67-_jpg.rf.aee761dc2629001e967898885194735e.jpg'),
       WindowsPath('E:/Yolo-FastestV2-0.2/SolarBoardData/images/train/Imgdirty_799_1_jpg.rf.b7ba49dc01458fbcce6c20faa5ee5eb6.jpg'),
       WindowsPath('E:/Yolo-FastestV2-0.2/SolarBoardData/images/train/91_jpg.rf.45332315a8e4c6e7b65a4be457f5df58.jpg'),
       WindowsPath('E:/Yolo-FastestV2-0.2/SolarBoardData/images/train/cracked-240-_jpg.rf.f80fce1cf40d365cfca2e88d4654853e.jpg'),
       WindowsPath('E:/Yolo-FastestV2-0.2/SolarBoardData/images/train/Imgdirty_194_1_jpg.rf.2476117f1f4a4a9c96d1b81969f03ce8.jpg'),
       WindowsPath('E:/Yolo-FastestV2-0.2/SolarBoardData/images/train/pv_crack-176-_jpg.rf.e997bfad8729823d3bc05bee74c01246.jpg'),
       WindowsPath('E:/Yolo-FastestV2-0.2/SolarBoardData/images/train/Crack_225_jpg.rf.ab27da33dbe1ed2ee40b61ee649d1daf.jpg'),
       WindowsPath('E:/Yolo-FastestV2-0.2/SolarBoardData/images/train/Screenshot-2023-04-02-001800_png.rf.786995d8d1ba6cbdb2319b58573ae103.jpg'),
       WindowsPath('E:/Yolo-FastestV2-0.2/SolarBoardData/images/train/IMG_8595_jpg.rf.7727f094dbf1ce64e5061c9049f03d93.jpg'),
       WindowsPath('E:/Yolo-FastestV2-0.2/SolarBoardData/images/train/Screenshot-2023-04-01-181910_png.rf.581fd94cb8a581ab981ef01a00f11fdb.jpg'),
       WindowsPath('E:/Yolo-FastestV2-0.2/SolarBoardData/images/train/Imgdirty_802_1_jpg.rf.236cad501395706328472ba73a071e25.jpg'),
       WindowsPath('E:/Yolo-FastestV2-0.2/SolarBoardData/images/train/IMG_20230323_165709_jpg.rf.1f827f74a9d6a5320141b7c51fc290f2.jpg'),
       WindowsPath('E:/Yolo-FastestV2-0.2/SolarBoardData/images/train/cracked-431-_jpg.rf.0b3b6bfeea70cc7cf0d787d27d1b871b.jpg'),
       WindowsPath('E:/Yolo-FastestV2-0.2/SolarBoardData/images/train/cracked-40-_jpg.rf.12c1d899299ab1e42489bd4e06213239.jpg'),
       WindowsPath('E:/Yolo-FastestV2-0.2/SolarBoardData/images/train/IMG_0403_jpg.rf.678d100cedfa702b37e4ed0d61c7432e.jpg'),
       WindowsPath('E:/Yolo-FastestV2-0.2/SolarBoardData/images/train/016_jpg.rf.ebd487f92bc7b3777a1f3322a25edfbd.jpg'),
       WindowsPath('E:/Yolo-FastestV2-0.2/SolarBoardData/images/train/Crack_201_jpg.rf.6f1e039c6a03b42dd2278f42d89e6f16.jpg'),
       WindowsPath('E:/Yolo-FastestV2-0.2/SolarBoardData/images/train/good-c9a4e5a6-fe6f-11ed-8112-5c60ba7633ae_jpg.rf.f02193bc31eb4d37dffe4e0e4fc36bae.jpg'),
       WindowsPath('E:/Yolo-FastestV2-0.2/SolarBoardData/images/train/good-df559385-fe6f-11ed-86dd-5c60ba7633ae_jpg.rf.971dd4a0e9389477129f75912db36996.jpg'),
       WindowsPath('E:/Yolo-FastestV2-0.2/SolarBoardData/images/train/frame105_jpg.rf.4763f75b9d9b61400ca66c7f7bdb1c81.jpg'),
       WindowsPath('E:/Yolo-FastestV2-0.2/SolarBoardData/images/train/good-d64b447b-fe6f-11ed-a265-5c60ba7633ae_jpg.rf.2e993e2f509c3a9a784d72d58e756be8.jpg'),
       WindowsPath('E:/Yolo-FastestV2-0.2/SolarBoardData/images/train/IMG_20230323_173324_jpg.rf.219c7b2205b0e6fec1776aafd3f61880.jpg'),
       WindowsPath('E:/Yolo-FastestV2-0.2/SolarBoardData/images/train/photo_2023-07-19_16-27-27-2-_jpg.rf.44d8f4055f2075a4627429c80efe7f60.jpg'),
       WindowsPath('E:/Yolo-FastestV2-0.2/SolarBoardData/images/train/good-d9e936a6-fe6f-11ed-86e2-5c60ba7633ae_jpg.rf.ba2b921dcf531336286d1c0e87c840fe.jpg'),
       WindowsPath('E:/Yolo-FastestV2-0.2/SolarBoardData/images/train/IMG_0448_jpg.rf.7a7bb961119aab221785adf74f741ae4.jpg'),
       WindowsPath('E:/Yolo-FastestV2-0.2/SolarBoardData/images/train/solar_Fri_Jun_23_17__34__12_2017_L_0-24779967066_I_0-069062745098_jpg.rf.34b2b428b54c27575872e0f668422967.jpg'),
       WindowsPath('E:/Yolo-FastestV2-0.2/SolarBoardData/images/train/Imgdirty_797_1_jpg.rf.8f043c1f5d6356cd5ed0cadc03da8720.jpg'),
       WindowsPath('E:/Yolo-FastestV2-0.2/SolarBoardData/images/train/good-d9e936a6-fe6f-11ed-86e2-5c60ba7633ae_jpg.rf.50aa0d91f4f9fdd78f020a1835e13a49.jpg'),
       WindowsPath('E:/Yolo-FastestV2-0.2/SolarBoardData/images/train/Imgclean_34_0_jpg.rf.ee0f7011f96947022309dd464321ead7.jpg'),
       WindowsPath('E:/Yolo-FastestV2-0.2/SolarBoardData/images/train/IMG_0440_jpg.rf.0688567254d2da25ba4e9719a571dc1b.jpg'),
       WindowsPath('E:/Yolo-FastestV2-0.2/SolarBoardData/images/train/cracked-0f7dfef7-fe70-11ed-ac7b-5c60ba7633ae_jpg.rf.5fc6940f781c9ea99bddba508e12de6e.jpg'),
       WindowsPath('E:/Yolo-FastestV2-0.2/SolarBoardData/images/train/IMG_0403_jpg.rf.807ab219d44863dafadf4bb108693d22.jpg'),
       WindowsPath('E:/Yolo-FastestV2-0.2/SolarBoardData/images/train/pv_crack-24-_jpg.rf.c233b48eb382a1a9945f7abfefc261f9.jpg'),
       WindowsPath('E:/Yolo-FastestV2-0.2/SolarBoardData/images/train/Imgdirty_609_1_jpg.rf.1408dd3e2e27b5426639dc0253d15aa5.jpg'),
       WindowsPath('E:/Yolo-FastestV2-0.2/SolarBoardData/images/train/Imgdirty_347_1_jpg.rf.81110357941583d65acc8bcf23b74935.jpg'),
       WindowsPath('E:/Yolo-FastestV2-0.2/SolarBoardData/images/train/IMG_0449_jpg.rf.8fa10af49a74ef04583ad46430bf554a.jpg'),
       WindowsPath('E:/Yolo-FastestV2-0.2/SolarBoardData/images/train/cracked-56-_jpg.rf.6cecb9843a560a5400f8b632d3b2c85d.jpg'),
       WindowsPath('E:/Yolo-FastestV2-0.2/SolarBoardData/images/train/cracked-54-_jpg.rf.44db44a8f16b7056943eabb90073fb47.jpg'),
       WindowsPath('E:/Yolo-FastestV2-0.2/SolarBoardData/images/train/Imgdirty_1014_1_jpg.rf.48c8dc96c38913fc1a87489ea7a170ea.jpg'),
       WindowsPath('E:/Yolo-FastestV2-0.2/SolarBoardData/images/train/Imgdirty_1059_1_jpg.rf.0ad81f1617a97c47bdcdef1e5c0f55d7.jpg'),
       WindowsPath('E:/Yolo-FastestV2-0.2/SolarBoardData/images/train/cracked-f464c296-fe6f-11ed-8a60-5c60ba7633ae_jpg.rf.e97c0380ea603c528d13e905ad73ba3d.jpg'),
       WindowsPath('E:/Yolo-FastestV2-0.2/SolarBoardData/images/train/IMG_0418_jpg.rf.07b22acae14ab1f1c1c9c11b3facaec1.jpg'),
       WindowsPath('E:/Yolo-FastestV2-0.2/SolarBoardData/images/train/cracked-95-_jpg.rf.8275a5775245492f4dfdaae77ac3c6fa.jpg'),
       WindowsPath('E:/Yolo-FastestV2-0.2/SolarBoardData/images/train/solar_Wed_Jun_21_9__1__36_2017_L_0-231275582035_I_0-4206_jpg.rf.51db4909022b4368f6de81ee0f5414fc.jpg'),
       WindowsPath('E:/Yolo-FastestV2-0.2/SolarBoardData/images/train/good-e4c24e15-fe6f-11ed-986d-5c60ba7633ae_jpg.rf.50a295c5aa53911b4e1293cd3c46777f.jpg'),
       WindowsPath('E:/Yolo-FastestV2-0.2/SolarBoardData/images/train/IMG_8580_jpg.rf.ecba487b132a0c2079f8532c5dfcc729.jpg'),
       WindowsPath('E:/Yolo-FastestV2-0.2/SolarBoardData/images/train/Imgdirty_208_1_jpg.rf.20791e4b88a7ca2b8b8bceb121e6f344.jpg'),
       WindowsPath('E:/Yolo-FastestV2-0.2/SolarBoardData/images/train/WhatsApp-Image-2023-03-20-at-19-19-24_jpeg_jpg.rf.f500932458f4400c63ae82bc619dd932.jpg'),
       WindowsPath('E:/Yolo-FastestV2-0.2/SolarBoardData/images/train/Imgdirty_674_1_jpg.rf.9e37f05cb704f5acb56acdf92611b13e.jpg'),
       WindowsPath('E:/Yolo-FastestV2-0.2/SolarBoardData/images/train/Imgdirty_813_1_jpg.rf.8070b251573849ffcf8102f1c0116315.jpg'),
       WindowsPath('E:/Yolo-FastestV2-0.2/SolarBoardData/images/train/Rusak958_png_jpg.rf.870e1de2720ac82ba1ac46f5974726cc.jpg'),
       WindowsPath('E:/Yolo-FastestV2-0.2/SolarBoardData/images/train/good-d64b447b-fe6f-11ed-a265-5c60ba7633ae_jpg.rf.304d1999b3b8144c735ef0548260acda.jpg'),
       WindowsPath('E:/Yolo-FastestV2-0.2/SolarBoardData/images/train/IMG_0394_jpg.rf.4584e274e07adbba56e8015e8dc89807.jpg'),
       WindowsPath('E:/Yolo-FastestV2-0.2/SolarBoardData/images/train/cracked-0dafdbd6-fe70-11ed-bc65-5c60ba7633ae_jpg.rf.366aac8b3aa4bc65cb4422fe89b9f431.jpg'),
       WindowsPath('E:/Yolo-FastestV2-0.2/SolarBoardData/images/train/IMG_0408_jpg.rf.ed0d8632bc4d27e8e72a7c01ec1a4f16.jpg'),
       WindowsPath('E:/Yolo-FastestV2-0.2/SolarBoardData/images/train/IMG_0418_jpg.rf.80713d357b6e91d66e1403d654d923be.jpg'),
       WindowsPath('E:/Yolo-FastestV2-0.2/SolarBoardData/images/train/IMG_0445_jpg.rf.ea213f9c76afdbc0772e361c324dfcb4.jpg'),
       WindowsPath('E:/Yolo-FastestV2-0.2/SolarBoardData/images/train/good-cd420062-fe6f-11ed-951b-5c60ba7633ae_jpg.rf.f1bce5e5b6563444a52318a17bd20767.jpg'),
       WindowsPath('E:/Yolo-FastestV2-0.2/SolarBoardData/images/train/pv_crack-100-_jpg.rf.9ff2609bf23fb38f751bfe5bc4697a05.jpg'),
       WindowsPath('E:/Yolo-FastestV2-0.2/SolarBoardData/images/train/IMG_20230324_113224_jpg.rf.dfbb588922dc2089967a200a1e2d7a41.jpg'),
       WindowsPath('E:/Yolo-FastestV2-0.2/SolarBoardData/images/train/photo_2023-07-19_16-27-18_jpg.rf.bccaee8d60c74b6f358839178ef764d1.jpg'),
       WindowsPath('E:/Yolo-FastestV2-0.2/SolarBoardData/images/train/good-dd86b288-fe6f-11ed-b752-5c60ba7633ae_jpg.rf.aa68d91e382287f2b9081ba15a689904.jpg'),
       WindowsPath('E:/Yolo-FastestV2-0.2/SolarBoardData/images/train/good-d47d48f1-fe6f-11ed-9a5f-5c60ba7633ae_jpg.rf.e5c80a36d001b9c949ed8e51c7e399d4.jpg'),
       WindowsPath('E:/Yolo-FastestV2-0.2/SolarBoardData/images/train/pv_crack-108-_jpg.rf.774e81578f22a4e0cb5dc8ecad0d0e04.jpg'),
       WindowsPath('E:/Yolo-FastestV2-0.2/SolarBoardData/images/train/solar_Tue_Jun_13_14__48__8_2017_L_0-134016340584_I_0-699329411765_jpg.rf.a769496c41f09e03ec12b2111991b5ea.jpg'),
       WindowsPath('E:/Yolo-FastestV2-0.2/SolarBoardData/images/train/good-d64b447b-fe6f-11ed-a265-5c60ba7633ae_jpg.rf.956db6c0424f23a684ef7938f2f7f389.jpg'),
       WindowsPath('E:/Yolo-FastestV2-0.2/SolarBoardData/images/train/photo_2023-07-19_16-27-31_jpg.rf.500845a5f8561e984b22112a0c1dfd8b.jpg'),
       WindowsPath('E:/Yolo-FastestV2-0.2/SolarBoardData/images/train/cracked-ed29701c-fe6f-11ed-a2d7-5c60ba7633ae_jpg.rf.6c23cfe07d09b03cd6f8ee08d782cf2f.jpg'),
       WindowsPath('E:/Yolo-FastestV2-0.2/SolarBoardData/images/train/Imgdirty_17_1_jpg.rf.b523b45cce746bec904ca597e58f4401.jpg'),
       WindowsPath('E:/Yolo-FastestV2-0.2/SolarBoardData/images/train/cracked-0be0b6fb-fe70-11ed-b48f-5c60ba7633ae_jpg.rf.a51917098043438b7ef92049ef5317fb.jpg'),
       WindowsPath('E:/Yolo-FastestV2-0.2/SolarBoardData/images/train/pv_crack-9-_jpg.rf.d2899e97499e7e3f7804fcadbbf2ec78.jpg'),
       WindowsPath('E:/Yolo-FastestV2-0.2/SolarBoardData/images/train/WhatsApp-Image-2023-03-20-at-19-19-22_jpeg_jpg.rf.5a91f5033155c495f47eeaa2a7885acf.jpg'),
       WindowsPath('E:/Yolo-FastestV2-0.2/SolarBoardData/images/train/good-e2f2a720-fe6f-11ed-9edc-5c60ba7633ae_jpg.rf.df46f528b77d930ecff3bda78e7f1923.jpg'),
       WindowsPath('E:/Yolo-FastestV2-0.2/SolarBoardData/images/train/IMG_20230325_114400_jpg.rf.31481f52850300a0b113675fd21a44e8.jpg'),
       WindowsPath('E:/Yolo-FastestV2-0.2/SolarBoardData/images/train/cracked-61-_jpg.rf.a696f944c9d5752d78eca1233cb6baf7.jpg'),
       WindowsPath('E:/Yolo-FastestV2-0.2/SolarBoardData/images/train/IMG_8574_jpg.rf.c7f455f788de84da86269d284ecbcadc.jpg'),
       WindowsPath('E:/Yolo-FastestV2-0.2/SolarBoardData/images/train/pv_crack-35-_jpg.rf.44cd71d8e741f22b9973bfc70e488693.jpg'),
       WindowsPath('E:/Yolo-FastestV2-0.2/SolarBoardData/images/train/Screenshot-2023-04-01-182226_png.rf.0f305bc6be9bb986a93c5d65e2b47e39.jpg'),
       WindowsPath('E:/Yolo-FastestV2-0.2/SolarBoardData/images/train/Screenshot-2023-04-02-002333_png_jpg.rf.585e7d7a3839e18327920710b56ea295.jpg'),
       WindowsPath('E:/Yolo-FastestV2-0.2/SolarBoardData/images/train/IMG_0418_jpg.rf.8ba20b4c12488b360145189c3d183308.jpg'),
       WindowsPath('E:/Yolo-FastestV2-0.2/SolarBoardData/images/train/good-df559385-fe6f-11ed-86dd-5c60ba7633ae_jpg.rf.aaeada2e10c99453d247c27415d92ee2.jpg'),
       WindowsPath('E:/Yolo-FastestV2-0.2/SolarBoardData/images/train/IMG_0393_jpg.rf.78740d6a06325d41acb0de9419af14a1.jpg'),
       WindowsPath('E:/Yolo-FastestV2-0.2/SolarBoardData/images/train/pv_crack-128-_jpg.rf.ed4bda116570662178bc4681d08b39ea.jpg'),
       WindowsPath('E:/Yolo-FastestV2-0.2/SolarBoardData/images/train/good-d0df07e1-fe6f-11ed-a98d-5c60ba7633ae_jpg.rf.7d6bd2d446ae7f26b0ca0c11e3030324.jpg'),
       WindowsPath('E:/Yolo-FastestV2-0.2/SolarBoardData/images/train/photo_2023-07-19_16-27-31-2-_jpg.rf.7a81fef054892e81920faaba2b9d9628.jpg'),
       WindowsPath('E:/Yolo-FastestV2-0.2/SolarBoardData/images/train/Imgdirty_1060_1_jpg.rf.ad5a9d2d5c9f250062c7588638d63c44.jpg'),
       WindowsPath('E:/Yolo-FastestV2-0.2/SolarBoardData/images/train/WhatsApp-Image-2023-03-20-at-19-19-28-1-_jpeg_jpg.rf.501b29fd6e7219fb663ebae3f81de647.jpg'),
       WindowsPath('E:/Yolo-FastestV2-0.2/SolarBoardData/images/train/IMG_20230319222042_940316520959800810-jpg_87_jpg.rf.5cc59ddc169695f7240dd9658b211a19.jpg'),
       WindowsPath('E:/Yolo-FastestV2-0.2/SolarBoardData/images/train/Screenshot-2023-04-01-181128_png_jpg.rf.72e225b06b0164cf9f7b967b671970ad.jpg'),
       WindowsPath('E:/Yolo-FastestV2-0.2/SolarBoardData/images/train/pv_crack-120-_jpg.rf.bb95fac97c808a4d7aba32f71007ef7e.jpg'),
       WindowsPath('E:/Yolo-FastestV2-0.2/SolarBoardData/images/train/cracked-422-_jpg.rf.60e3d26b86407af89fab50f0a9d2afcd.jpg'),
       WindowsPath('E:/Yolo-FastestV2-0.2/SolarBoardData/images/train/WhatsApp-Image-2023-03-20-at-19-19-26_jpeg_jpg.rf.1a83daac95a428f7f25aa567f5b91316.jpg'),
       WindowsPath('E:/Yolo-FastestV2-0.2/SolarBoardData/images/train/Screenshot-2023-04-02-000939_png_jpg.rf.eb0bc5e86640148ced6f6fb0dbe91214.jpg'),
       WindowsPath('E:/Yolo-FastestV2-0.2/SolarBoardData/images/train/solar_Thu_Jun_15_15__45__39_2017_L_0-399406198313_I_0-289262745098_jpg.rf.cba5aa5274c29eca882ad2f8bb21c40d.jpg'),
       WindowsPath('E:/Yolo-FastestV2-0.2/SolarBoardData/images/train/IMG_0415_jpg.rf.0b2b4b836e9fa41d314229f5ea6017a6.jpg'),
       WindowsPath('E:/Yolo-FastestV2-0.2/SolarBoardData/images/train/good-d8194c79-fe6f-11ed-ac9a-5c60ba7633ae_jpg.rf.d7758e95375dc15187af82c4a4343d3c.jpg'),
       WindowsPath('E:/Yolo-FastestV2-0.2/SolarBoardData/images/train/IMG_20230325_132857_jpg.rf.54ce0a473763ca9027098aa5428f73c6.jpg'),
       WindowsPath('E:/Yolo-FastestV2-0.2/SolarBoardData/images/train/IMG_0404_jpg.rf.708011b7160e22c559a6b16bc9488567.jpg'),
       WindowsPath('E:/Yolo-FastestV2-0.2/SolarBoardData/images/train/IMG_0400_jpg.rf.97efaf39644a25778d4613535913ea60.jpg'),
       WindowsPath('E:/Yolo-FastestV2-0.2/SolarBoardData/images/train/Imgdirty_341_1_jpg.rf.fcc2c0160bd360d3aff6b818964a1594.jpg'),
       WindowsPath('E:/Yolo-FastestV2-0.2/SolarBoardData/images/train/good-d47d48f1-fe6f-11ed-9a5f-5c60ba7633ae_jpg.rf.4352021b6a584a3f7ebb42b0081fc9f3.jpg'),
       WindowsPath('E:/Yolo-FastestV2-0.2/SolarBoardData/images/train/Imgdirty_880_1_jpg.rf.a637b6696a5c7834ad7e1ebb60f2449a.jpg'),
       WindowsPath('E:/Yolo-FastestV2-0.2/SolarBoardData/images/train/Imgdirty_261_1_jpg.rf.967d87879b1842bc15daba6202439cf2.jpg'),
       WindowsPath('E:/Yolo-FastestV2-0.2/SolarBoardData/images/train/IMG_20230323_165221_jpg.rf.777fd218c6dfdc05635266aade09b697.jpg'),
       WindowsPath('E:/Yolo-FastestV2-0.2/SolarBoardData/images/train/IMG_0389_jpg.rf.c417012aab52f3b6f15eaf8b253003d9.jpg'),
       WindowsPath('E:/Yolo-FastestV2-0.2/SolarBoardData/images/train/IMG_0403_jpg.rf.9ec00f8f89062e5e2af5dc2431a787e0.jpg'),
       WindowsPath('E:/Yolo-FastestV2-0.2/SolarBoardData/images/train/1677069179169_jpg.rf.b8bf7209db45faef6ca2d0cb6c32ae4c.jpg'),
       WindowsPath('E:/Yolo-FastestV2-0.2/SolarBoardData/images/train/pv_crack-12-_jpg.rf.c761259fa742ef10c8feddd8874618fc.jpg'),
       WindowsPath('E:/Yolo-FastestV2-0.2/SolarBoardData/images/train/Imgdirty_67_1_jpg.rf.e2895996c7b05ee37f859ff9026384a8.jpg'),
       WindowsPath('E:/Yolo-FastestV2-0.2/SolarBoardData/images/train/Imgdirty_525_1_jpg.rf.e7a753cdd009cc35149f426d6e6c0514.jpg'),
       WindowsPath('E:/Yolo-FastestV2-0.2/SolarBoardData/images/train/good-e2f2a720-fe6f-11ed-9edc-5c60ba7633ae_jpg.rf.69abe113018015a3afb28913a294b142.jpg'),
       WindowsPath('E:/Yolo-FastestV2-0.2/SolarBoardData/images/train/cracked-f0c72d6f-fe6f-11ed-a636-5c60ba7633ae_jpg.rf.a3881dbfeae25f43b62693802c6cb2c9.jpg'),
       WindowsPath('E:/Yolo-FastestV2-0.2/SolarBoardData/images/train/Imgdirty_767_1_jpg.rf.b8672c57bebc3878665c6dbada60eacd.jpg'),
       WindowsPath('E:/Yolo-FastestV2-0.2/SolarBoardData/images/train/Crack_253_jpg.rf.d64ffa0805e7ab0c64b990a16fcf43d0.jpg'),
       WindowsPath('E:/Yolo-FastestV2-0.2/SolarBoardData/images/train/solar_Fri_Jun_16_13__17__22_2017_L_0-490579414355_I_0-365074509804_jpg.rf.7c1895f27beedb07fe5af795ad581ca3.jpg'),
       WindowsPath('E:/Yolo-FastestV2-0.2/SolarBoardData/images/train/cracked-434-_jpg.rf.2b7cc68aead764bc42553122ac20c967.jpg'),
       WindowsPath('E:/Yolo-FastestV2-0.2/SolarBoardData/images/train/pv_crack-169-_jpg.rf.05d66eac6df1f4f0bb2a51bb4176bb47.jpg'),
       WindowsPath('E:/Yolo-FastestV2-0.2/SolarBoardData/images/train/IMG_8599_jpg.rf.cfa296f86f758d1d95543eb11ed61c68.jpg'),
       WindowsPath('E:/Yolo-FastestV2-0.2/SolarBoardData/images/train/cracked-72-_jpg.rf.fcefa4f185c2a267ae7412a41a003c5d.jpg'),
       WindowsPath('E:/Yolo-FastestV2-0.2/SolarBoardData/images/train/good-c7d66523-fe6f-11ed-8e67-5c60ba7633ae_jpg.rf.4f25f944b20206eccee8a0834ba0354d.jpg'),
       WindowsPath('E:/Yolo-FastestV2-0.2/SolarBoardData/images/train/solar_Fri_Jun_16_10__5__24_2017_L_0-883261205564_I_0-253725490196_jpg.rf.6a4754c19080fead75c3e16021557e54.jpg'),
       WindowsPath('E:/Yolo-FastestV2-0.2/SolarBoardData/images/train/Imgdirty_1065_1_jpg.rf.7021b45b6e569cd16b518eebae8b51da.jpg'),
       WindowsPath('E:/Yolo-FastestV2-0.2/SolarBoardData/images/train/Screenshot-2023-04-21-211102_png_jpg.rf.b577874c8861f6b10a7ca5e7fdba848a.jpg'),
       WindowsPath('E:/Yolo-FastestV2-0.2/SolarBoardData/images/train/98_jpg.rf.390f43169466dcab7900a2fc911f8ad9.jpg'),
       WindowsPath('E:/Yolo-FastestV2-0.2/SolarBoardData/images/train/IMG_0449_jpg.rf.8e99ae9489461b495cb64d58bc23d4a9.jpg'),
       WindowsPath('E:/Yolo-FastestV2-0.2/SolarBoardData/images/train/cracked-58-_jpg.rf.61df2abe176087d80f75e6424da59b6b.jpg'),
       WindowsPath('E:/Yolo-FastestV2-0.2/SolarBoardData/images/train/Crack_217_jpg.rf.d88f6f281a12337ed627acc8c8954fce.jpg'),
       WindowsPath('E:/Yolo-FastestV2-0.2/SolarBoardData/images/train/WhatsApp-Image-2023-03-20-at-19-19-26-2-_jpeg_jpg.rf.c48cd2f209a10511f847dfed93c74dd8.jpg'),
       WindowsPath('E:/Yolo-FastestV2-0.2/SolarBoardData/images/train/IMG_0418_jpg.rf.a105a9c1c3771c2a6ad9dce507d5571a.jpg'),
       WindowsPath('E:/Yolo-FastestV2-0.2/SolarBoardData/images/train/IMG_0415_jpg.rf.48345d6a2455493ff4d63d9fa53e6832.jpg'),
       WindowsPath('E:/Yolo-FastestV2-0.2/SolarBoardData/images/train/good-df559385-fe6f-11ed-86dd-5c60ba7633ae_jpg.rf.1c5805ef0d38bdea9bf60d2938d423cb.jpg'),
       WindowsPath('E:/Yolo-FastestV2-0.2/SolarBoardData/images/train/pv_crack-76-_jpg.rf.7dab271a11023c3e2cc3fd94e7881f94.jpg'),
       WindowsPath('E:/Yolo-FastestV2-0.2/SolarBoardData/images/train/pv_crack-192-_jpg.rf.06968bc66ab1b1fefc252f406ebfc58e.jpg'),
       WindowsPath('E:/Yolo-FastestV2-0.2/SolarBoardData/images/train/cracked-0dafdbd6-fe70-11ed-bc65-5c60ba7633ae_jpg.rf.2efaa9a21ec3ec020c026a195f531c3c.jpg'),
       WindowsPath('E:/Yolo-FastestV2-0.2/SolarBoardData/images/train/IMG_20230324_164200_jpg.rf.c4985e5c84807869db9d5d27ac00c91a.jpg'),
       WindowsPath('E:/Yolo-FastestV2-0.2/SolarBoardData/images/train/Imgclean_7_0_jpg.rf.624eb15b3c7a60100f1104241234e344.jpg'),
       WindowsPath('E:/Yolo-FastestV2-0.2/SolarBoardData/images/train/cracked-48-_jpg.rf.83a067d3908308348417182771ff0510.jpg'),
       WindowsPath('E:/Yolo-FastestV2-0.2/SolarBoardData/images/train/Imgdirty_682_1_jpg.rf.76bf3061d627a293c24dbabdafd10428.jpg'),
       WindowsPath('E:/Yolo-FastestV2-0.2/SolarBoardData/images/train/frame137_jpg.rf.7d167e5f711dc09fdcd30f7e3fb7d424.jpg'),
       WindowsPath('E:/Yolo-FastestV2-0.2/SolarBoardData/images/train/IMG_20230324_174944_jpg.rf.9906c77072bd459f5bb384f33dd4a075.jpg'),
       WindowsPath('E:/Yolo-FastestV2-0.2/SolarBoardData/images/train/IMG_20230324_174829_jpg.rf.0440ae5ab64fd7179acd60ace6ba8f64.jpg'),
       WindowsPath('E:/Yolo-FastestV2-0.2/SolarBoardData/images/train/good-c9a4e5a6-fe6f-11ed-8112-5c60ba7633ae_jpg.rf.ee65bc02f47de48424dbad1f76b883eb.jpg'),
       WindowsPath('E:/Yolo-FastestV2-0.2/SolarBoardData/images/train/IMG_0390_jpg.rf.1d30b20c25a099fc128e3b8b806d82f7.jpg'),
       WindowsPath('E:/Yolo-FastestV2-0.2/SolarBoardData/images/train/Imgdirty_800_1_jpg.rf.8313da881b22eda7d21e5264689a6c1f.jpg'),
       WindowsPath('E:/Yolo-FastestV2-0.2/SolarBoardData/images/train/good-df559385-fe6f-11ed-86dd-5c60ba7633ae_jpg.rf.f98e534a2391a0b1378d6c02eb617612.jpg'),
       WindowsPath('E:/Yolo-FastestV2-0.2/SolarBoardData/images/train/IMG_8578_jpg.rf.e9d8c0b7563ffa375be75fe573add69a.jpg'),
       WindowsPath('E:/Yolo-FastestV2-0.2/SolarBoardData/images/train/IMG_20230324_171708_jpg.rf.02627ddac41105ec0b70b3761f080060.jpg'),
       WindowsPath('E:/Yolo-FastestV2-0.2/SolarBoardData/images/train/Imgdirty_859_1_jpg.rf.7a1f86f8e4ffa1fbae2d913600546800.jpg'),
       WindowsPath('E:/Yolo-FastestV2-0.2/SolarBoardData/images/train/Imgdirty_1040_1_jpg.rf.915536a15353909d95cd942062d38802.jpg'),
       WindowsPath('E:/Yolo-FastestV2-0.2/SolarBoardData/images/train/solar_Fri_Jun_30_15__32__38_2017_L_0-533905228758_I_0-4128_jpg.rf.e823d120ac2fde7d78d88c94ecdbcc52.jpg'),
       WindowsPath('E:/Yolo-FastestV2-0.2/SolarBoardData/images/train/Screenshot-2023-04-02-000611_png_jpg.rf.a9afe5a0d1e3ba222dafd54aeaceb642.jpg'),
       WindowsPath('E:/Yolo-FastestV2-0.2/SolarBoardData/images/train/WhatsApp-Image-2023-03-20-at-19-19-26-1-_jpeg_jpg.rf.03769be580bb3d10c0181a65db119b99.jpg'),
       WindowsPath('E:/Yolo-FastestV2-0.2/SolarBoardData/images/train/pv_crack-130-_jpg.rf.58a3cabe6d25dd6d6ffeb6d8b92fcc8e.jpg'),
       WindowsPath('E:/Yolo-FastestV2-0.2/SolarBoardData/images/train/pv_crack-32-_jpg.rf.50f37bbfc65c41879674302785b396d7.jpg'),
       WindowsPath('E:/Yolo-FastestV2-0.2/SolarBoardData/images/train/cracked-90-_jpg.rf.8c07414f3cc18c02ba8e58c16977bb12.jpg'),
       WindowsPath('E:/Yolo-FastestV2-0.2/SolarBoardData/images/train/pv_crack-179-_jpg.rf.fba4096c775dfadd76d6887c0c6efd3e.jpg'),
       WindowsPath('E:/Yolo-FastestV2-0.2/SolarBoardData/images/train/Screenshot-2023-04-02-002532_png_jpg.rf.547d10663f5222178dde4f1296b70d0a.jpg'),
       WindowsPath('E:/Yolo-FastestV2-0.2/SolarBoardData/images/train/good-e4c24e15-fe6f-11ed-986d-5c60ba7633ae_jpg.rf.73cc27e59cf965b198a07a12af133501.jpg'),
       WindowsPath('E:/Yolo-FastestV2-0.2/SolarBoardData/images/train/cracked-f0c72d6f-fe6f-11ed-a636-5c60ba7633ae_jpg.rf.263207035a3cffd6f42bb2df69ea0331.jpg'),
       WindowsPath('E:/Yolo-FastestV2-0.2/SolarBoardData/images/train/pv_crack-22-_jpg.rf.de3cac18d936e3e3188ef0c68791cebf.jpg'),
       WindowsPath('E:/Yolo-FastestV2-0.2/SolarBoardData/images/train/cracked-0675b62b-fe70-11ed-88cb-5c60ba7633ae_jpg.rf.5bd3968474d1a6615034ed73502d70d6.jpg'),
       WindowsPath('E:/Yolo-FastestV2-0.2/SolarBoardData/images/train/IMG_0424_jpg.rf.a11c2a08c7d757b09edbeb93c3534ca1.jpg'),
       WindowsPath('E:/Yolo-FastestV2-0.2/SolarBoardData/images/train/IMG_0448_jpg.rf.d684902990e7f70b71a5749a0e9ef4fe.jpg'),
       WindowsPath('E:/Yolo-FastestV2-0.2/SolarBoardData/images/train/Screenshot-2023-04-02-001906_png_jpg.rf.65ba00133138ca7fc2b63a4ad1381400.jpg'),
       WindowsPath('E:/Yolo-FastestV2-0.2/SolarBoardData/images/train/IMG_0395_jpg.rf.f08fb3da024636c707a774ec3ed82359.jpg'),
       WindowsPath('E:/Yolo-FastestV2-0.2/SolarBoardData/images/train/Screenshot-2023-04-21-211416_png_jpg.rf.906911bac8696192afcca5faab6b29df.jpg'),
       WindowsPath('E:/Yolo-FastestV2-0.2/SolarBoardData/images/train/good-c9a4e5a6-fe6f-11ed-8112-5c60ba7633ae_jpg.rf.2e7b5f3d57dd5f8865b9de2c4db21da8.jpg'),
       WindowsPath('E:/Yolo-FastestV2-0.2/SolarBoardData/images/train/IMG_0411_jpg.rf.e942ac46aa2b5188c70911ea5ab9fc4e.jpg'),
       WindowsPath('E:/Yolo-FastestV2-0.2/SolarBoardData/images/train/Crack_207_jpg.rf.9df700af2525b00aefc69884e971536e.jpg'),
       WindowsPath('E:/Yolo-FastestV2-0.2/SolarBoardData/images/train/good-df559385-fe6f-11ed-86dd-5c60ba7633ae_jpg.rf.68399fb84fc428588ff371002e175b7b.jpg'),
       WindowsPath('E:/Yolo-FastestV2-0.2/SolarBoardData/images/train/frame122_jpg.rf.8b2ef3ab38a8e2446850ff12890ac1c7.jpg'),
       WindowsPath('E:/Yolo-FastestV2-0.2/SolarBoardData/images/train/IMG_0403_jpg.rf.75f6b26aef416366cc07778d1289351e.jpg'),
       WindowsPath('E:/Yolo-FastestV2-0.2/SolarBoardData/images/train/IMG_0426_jpg.rf.c59e11665b37f76b668a5686f4fff2b5.jpg'),
       WindowsPath('E:/Yolo-FastestV2-0.2/SolarBoardData/images/train/pv_crack-117-_jpg.rf.d3e59d92355b17fad3d7186274a949f3.jpg'),
       WindowsPath('E:/Yolo-FastestV2-0.2/SolarBoardData/images/train/IMG-20230418-WA0034_jpg.rf.767fec4dc9d7a71388e5b871a652bdab.jpg'),
       WindowsPath('E:/Yolo-FastestV2-0.2/SolarBoardData/images/train/pv_crack-117-_jpg.rf.a5ede8382908e2a075466fd0b7015b8b.jpg'),
       WindowsPath('E:/Yolo-FastestV2-0.2/SolarBoardData/images/train/pv_crack-8-_jpg.rf.65a287d045be3dd409761aabb30a3f44.jpg'),
       WindowsPath('E:/Yolo-FastestV2-0.2/SolarBoardData/images/train/cracked-ed29701c-fe6f-11ed-a2d7-5c60ba7633ae_jpg.rf.4a4ed621d6256739b1ff5312566b5772.jpg'),
       WindowsPath('E:/Yolo-FastestV2-0.2/SolarBoardData/images/train/Imgdirty_265_1_jpg.rf.dacb3e0d5a6b4312aa2888fea92dfebd.jpg'),
       WindowsPath('E:/Yolo-FastestV2-0.2/SolarBoardData/images/train/IMG_20230325_113725_jpg.rf.d5b9d274cf161a3ae09c06a8dbf919a4.jpg'),
       WindowsPath('E:/Yolo-FastestV2-0.2/SolarBoardData/images/train/WhatsApp-Image-2023-03-20-at-19-19-26-1-_jpeg_jpg.rf.31c0f1fc940b6da8b4e06c610fb3c5d1.jpg'),
       WindowsPath('E:/Yolo-FastestV2-0.2/SolarBoardData/images/train/IMG_20230324_111709_jpg.rf.a08162380f15d73ae124dac531dc70ce.jpg'),
       WindowsPath('E:/Yolo-FastestV2-0.2/SolarBoardData/images/train/good-e2f2a720-fe6f-11ed-9edc-5c60ba7633ae_jpg.rf.08766fb654c375f0383ad4fc1091c70b.jpg'),
       WindowsPath('E:/Yolo-FastestV2-0.2/SolarBoardData/images/train/IMG_8579_jpg.rf.e326b2f5b77f858aa6159f593977545d.jpg'),
       WindowsPath('E:/Yolo-FastestV2-0.2/SolarBoardData/images/train/Imgdirty_922_1_jpg.rf.ca10154ac4a2d7de673e7260f66f5361.jpg'),
       WindowsPath('E:/Yolo-FastestV2-0.2/SolarBoardData/images/train/Screenshot-2023-04-02-000708_png_jpg.rf.87920f93838da802094aef3685ad030d.jpg'),
       WindowsPath('E:/Yolo-FastestV2-0.2/SolarBoardData/images/train/IMG_20230324_113800_jpg.rf.e199cd1a2e22277f5a5a06b5347958b6.jpg'),
       WindowsPath('E:/Yolo-FastestV2-0.2/SolarBoardData/images/train/IMG_0409_jpg.rf.20be8b5bb6228730817fc8146a91eac3.jpg'),
       WindowsPath('E:/Yolo-FastestV2-0.2/SolarBoardData/images/train/frame120_jpg.rf.c3305e239745b66867874c3b5f51aef1.jpg'),
       WindowsPath('E:/Yolo-FastestV2-0.2/SolarBoardData/images/train/Imgdirty_267_1_jpg.rf.8f70b9fb4f942c3b9a5f618363c5bca8.jpg'),
       WindowsPath('E:/Yolo-FastestV2-0.2/SolarBoardData/images/train/good-c6051bc1-fe6f-11ed-ac63-5c60ba7633ae_jpg.rf.078b8a06cb11e625542aead63ca23bbc.jpg'),
       WindowsPath('E:/Yolo-FastestV2-0.2/SolarBoardData/images/train/Imgdirty_323_1_jpg.rf.8e078c9bc35ca2ab2a71c952e328c77f.jpg'),
       WindowsPath('E:/Yolo-FastestV2-0.2/SolarBoardData/images/train/IMG_20230325_114255_jpg.rf.044cabeeb13cab512c1163bb784e2924.jpg'),
       WindowsPath('E:/Yolo-FastestV2-0.2/SolarBoardData/images/train/WhatsApp-Image-2023-03-20-at-19-19-26-1-_jpeg_jpg.rf.45fcf2957e425ff3dbbeb87ed0cac29c.jpg'),
       WindowsPath('E:/Yolo-FastestV2-0.2/SolarBoardData/images/train/Imgdirty_39_1_jpg.rf.3f6415001563bb7195fed913f41518a9.jpg'),
       WindowsPath('E:/Yolo-FastestV2-0.2/SolarBoardData/images/train/IMG_0401_jpg.rf.f2432978b55fce6d0b17bc1a9fc09529.jpg'),
       WindowsPath('E:/Yolo-FastestV2-0.2/SolarBoardData/images/train/1677069179152_jpg.rf.474d682674a01a760f31e3ecdcc3b7cc.jpg'),
       WindowsPath('E:/Yolo-FastestV2-0.2/SolarBoardData/images/train/IMG_0402_jpg.rf.7d22e845b7b4fcebf484d589877d4965.jpg'),
       WindowsPath('E:/Yolo-FastestV2-0.2/SolarBoardData/images/train/IMG_0400_jpg.rf.179b10978a844da32095c73bcfea2a4b.jpg'),
       WindowsPath('E:/Yolo-FastestV2-0.2/SolarBoardData/images/train/WhatsApp-Image-2023-03-20-at-19-19-21-2-_jpeg_jpg.rf.12f60a149c386e0d9a351bd06a282c1c.jpg'),
       WindowsPath('E:/Yolo-FastestV2-0.2/SolarBoardData/images/train/Screenshot-2023-04-18-011347_png_jpg.rf.73dd454b69815b81803e955079681d94.jpg'),
       WindowsPath('E:/Yolo-FastestV2-0.2/SolarBoardData/images/train/IMG_20230324_112612_jpg.rf.6ea0ce47028780492c56a748a3f49b90.jpg'),
       WindowsPath('E:/Yolo-FastestV2-0.2/SolarBoardData/images/train/pv_crack-60-_jpg.rf.0e8936b17ba647ac9c39675ed5de175c.jpg'),
       WindowsPath('E:/Yolo-FastestV2-0.2/SolarBoardData/images/train/good-a3be7f11-fe6f-11ed-a7bd-5c60ba7633ae_jpg.rf.4cb3550a261cba01da63dfc2078fcf41.jpg'),
       WindowsPath('E:/Yolo-FastestV2-0.2/SolarBoardData/images/train/IMG_20230323_171441_jpg.rf.32af9dc8aa54f509cfcf92d5cee7bd23.jpg'),
       WindowsPath('E:/Yolo-FastestV2-0.2/SolarBoardData/images/train/IMG_0404_jpg.rf.bea6ff654030f47136c7a1ce7fd783aa.jpg'),
       WindowsPath('E:/Yolo-FastestV2-0.2/SolarBoardData/images/train/IMG_0403_jpg.rf.85fa2012482b10f89bf9d46cd33bcf86.jpg'),
       WindowsPath('E:/Yolo-FastestV2-0.2/SolarBoardData/images/train/good-d8194c79-fe6f-11ed-ac9a-5c60ba7633ae_jpg.rf.53ff706eb054d8451ee5f4b784eb7ba3.jpg'),
       WindowsPath('E:/Yolo-FastestV2-0.2/SolarBoardData/images/train/solar_Wed_Jun_21_7__20__31_2017_L_0-325188015089_I_0-163211764706_jpg.rf.c7f55e0a205e1b06816ceb3bb784a187.jpg'),
       WindowsPath('E:/Yolo-FastestV2-0.2/SolarBoardData/images/train/IMG_0399_jpg.rf.4d699cfdc0b6da0035cd5c5fc28c3ee2.jpg'),
       WindowsPath('E:/Yolo-FastestV2-0.2/SolarBoardData/images/train/Screenshot-2023-04-02-000611_png_jpg.rf.b4220a5c54bc5a73d832c3ba43d86096.jpg'),
       WindowsPath('E:/Yolo-FastestV2-0.2/SolarBoardData/images/train/Crack_254_jpg.rf.a429fca99c7735eaabba4a6e1fb53848.jpg'),
       WindowsPath('E:/Yolo-FastestV2-0.2/SolarBoardData/images/train/cracked-436-_jpg.rf.81e597e456e0da6542575da4809e2cc3.jpg'),
       WindowsPath('E:/Yolo-FastestV2-0.2/SolarBoardData/images/train/IMG_0409_jpg.rf.e217339ff02056055f898d3d2d889cd5.jpg'),
       WindowsPath('E:/Yolo-FastestV2-0.2/SolarBoardData/images/train/cracked-87-_jpg.rf.43534c0f87e70a7240e424a7052e3fce.jpg'),
       WindowsPath('E:/Yolo-FastestV2-0.2/SolarBoardData/images/train/pv_crack-142-_jpg.rf.593fb3b091750293bca631bd06c18fb8.jpg'),
       WindowsPath('E:/Yolo-FastestV2-0.2/SolarBoardData/images/train/IMG_20230323_170749_jpg.rf.1a671dcfd957f86b9800174f82306bbf.jpg'),
       WindowsPath('E:/Yolo-FastestV2-0.2/SolarBoardData/images/train/Imgdirty_498_1_jpg.rf.27f4ecbc7c5ce94c77bdfb01e4b8ed01.jpg'),
       WindowsPath('E:/Yolo-FastestV2-0.2/SolarBoardData/images/train/cracked-47-_jpg.rf.cc9b2579791e24951b0acb9d1b3a0b18.jpg'),
       WindowsPath('E:/Yolo-FastestV2-0.2/SolarBoardData/images/train/IMG_0394_jpg.rf.e491f1259e617ff167ac55b3b5fbf841.jpg'),
       WindowsPath('E:/Yolo-FastestV2-0.2/SolarBoardData/images/train/IMG_0420_jpg.rf.233cd7ea2aee7fbcb0e8a653ba03da54.jpg'),
       WindowsPath('E:/Yolo-FastestV2-0.2/SolarBoardData/images/train/Imgdirty_247_1_jpg.rf.44b49af385604b4b251e369626998e53.jpg'),
       WindowsPath('E:/Yolo-FastestV2-0.2/SolarBoardData/images/train/IMG_0418_jpg.rf.6615b72a97101278d44439178932ac76.jpg'),
       WindowsPath('E:/Yolo-FastestV2-0.2/SolarBoardData/images/train/good-e2f2a720-fe6f-11ed-9edc-5c60ba7633ae_jpg.rf.56a2a5f108a664c83559d674b5864cfb.jpg'),
       WindowsPath('E:/Yolo-FastestV2-0.2/SolarBoardData/images/train/IMG_20230313091841_9076289259331532525-jpg_34_jpg.rf.944bf1691b212a2fc2bb0a3e1cbaf82e.jpg'),
       WindowsPath('E:/Yolo-FastestV2-0.2/SolarBoardData/images/train/Imgdirty_670_1_jpg.rf.89fbdef709c05ebdbf42d656473b603b.jpg'),
       WindowsPath('E:/Yolo-FastestV2-0.2/SolarBoardData/images/train/good-d47d48f1-fe6f-11ed-9a5f-5c60ba7633ae_jpg.rf.a395305026d4fe0cfaa2b410ccec816b.jpg'),
       WindowsPath('E:/Yolo-FastestV2-0.2/SolarBoardData/images/train/IMG_8600_jpg.rf.2bc50bc80d82411075ec4ffeca654246.jpg'),
       WindowsPath('E:/Yolo-FastestV2-0.2/SolarBoardData/images/train/pv_crack-115-_jpg.rf.e8a4814710c473a13af22c5a76fdd221.jpg'),
       WindowsPath('E:/Yolo-FastestV2-0.2/SolarBoardData/images/train/Imgdirty_518_1_jpg.rf.a0e74487f872db0847682a093320391b.jpg'),
       WindowsPath('E:/Yolo-FastestV2-0.2/SolarBoardData/images/train/IMG_20230324_104950_jpg.rf.ae455bcc76f688ca2106e8b32ed545c3.jpg'),
       WindowsPath('E:/Yolo-FastestV2-0.2/SolarBoardData/images/train/good-d47d48f1-fe6f-11ed-9a5f-5c60ba7633ae_jpg.rf.e21a85a1936ebb6de22ac93550c81bd5.jpg'),
       WindowsPath('E:/Yolo-FastestV2-0.2/SolarBoardData/images/train/Screenshot-2023-04-18-012556_png_jpg.rf.ef5b372bfdca99bc0e5d089e24eddb19.jpg'),
       WindowsPath('E:/Yolo-FastestV2-0.2/SolarBoardData/images/train/Imgdirty_192_1_jpg.rf.e4a3a8b02bb01e8c1a752e829e754701.jpg'),
       WindowsPath('E:/Yolo-FastestV2-0.2/SolarBoardData/images/train/IMG_8576_jpg.rf.0286cae7e93464e8cd0752a43b3e072e.jpg'),
       WindowsPath('E:/Yolo-FastestV2-0.2/SolarBoardData/images/train/photo_2023-07-19_16-27-28_jpg.rf.7536a5e2bc8e057e555136ccc4e71f82.jpg'),
       WindowsPath('E:/Yolo-FastestV2-0.2/SolarBoardData/images/train/IMG_0399_jpg.rf.0574f7c8859bc8d82a51c9f02f81f555.jpg'),
       WindowsPath('E:/Yolo-FastestV2-0.2/SolarBoardData/images/train/good-df559385-fe6f-11ed-86dd-5c60ba7633ae_jpg.rf.3c8241dacce13e13b0a69b6ec071c5d1.jpg'),
       WindowsPath('E:/Yolo-FastestV2-0.2/SolarBoardData/images/train/Imgdirty_244_1_jpg.rf.8af51e5f8b7536cad6b64a0dc148cf40.jpg'),
       WindowsPath('E:/Yolo-FastestV2-0.2/SolarBoardData/images/train/IMG_0392_jpg.rf.23d35c4b9b57b68b63d386e3942184a7.jpg'),
       WindowsPath('E:/Yolo-FastestV2-0.2/SolarBoardData/images/train/cracked-f9d17ad1-fe6f-11ed-ab5f-5c60ba7633ae_jpg.rf.bdd4474ef2c5e3ee13566aad76c1c6d9.jpg'),
       WindowsPath('E:/Yolo-FastestV2-0.2/SolarBoardData/images/train/IMG_0422_jpg.rf.3539551bef23083ff3764c11948a3dea.jpg'),
       WindowsPath('E:/Yolo-FastestV2-0.2/SolarBoardData/images/train/IMG_8579_jpg.rf.5e81e6cb4c898c5cfadbd2825ae4fe99.jpg'),
       WindowsPath('E:/Yolo-FastestV2-0.2/SolarBoardData/images/train/Imgdirty_737_1_jpg.rf.a8ad05d36013c097ed15bc0ec0168d9c.jpg'),
       WindowsPath('E:/Yolo-FastestV2-0.2/SolarBoardData/images/train/Screenshot-2023-04-02-001243_png_jpg.rf.ff32033ee6cb6c985714e26fe5f8b693.jpg'),
       WindowsPath('E:/Yolo-FastestV2-0.2/SolarBoardData/images/train/pv_crack-1-_JPG_jpg.rf.9fdcf255064a61e41415e731c489cb3e.jpg'),
       WindowsPath('E:/Yolo-FastestV2-0.2/SolarBoardData/images/train/good-cd420062-fe6f-11ed-951b-5c60ba7633ae_jpg.rf.9cd8aed0b7c953523828f97425880eb5.jpg'),
       WindowsPath('E:/Yolo-FastestV2-0.2/SolarBoardData/images/train/IMG-20230418-WA0037_jpg.rf.bfb127ad2b008589761bcc5045c9db4c.jpg'),
       WindowsPath('E:/Yolo-FastestV2-0.2/SolarBoardData/images/train/IMG_0418_jpg.rf.da1f580f5aeef13f1aff4e39f20c85c4.jpg'),
       WindowsPath('E:/Yolo-FastestV2-0.2/SolarBoardData/images/train/Imgdirty_772_1_jpg.rf.83ad8ab6c9bd59cad69482e7ceafa3a0.jpg'),
       WindowsPath('E:/Yolo-FastestV2-0.2/SolarBoardData/images/train/cracked-0be0b6fb-fe70-11ed-b48f-5c60ba7633ae_jpg.rf.f88ee64ae520cb33178b462885483ac1.jpg'),
       WindowsPath('E:/Yolo-FastestV2-0.2/SolarBoardData/images/train/pv_crack-124-_jpg.rf.53ab065bd49e157aae3ee17284fad843.jpg'),
       WindowsPath('E:/Yolo-FastestV2-0.2/SolarBoardData/images/train/Imgdirty_630_1_jpg.rf.b7171cf424e53db8ddc11cd2ebc7a5be.jpg'),
       WindowsPath('E:/Yolo-FastestV2-0.2/SolarBoardData/images/train/photo_2023-07-19_16-27-25_jpg.rf.fbe8cde4e47746dd7982df507c9260ce.jpg'),
       WindowsPath('E:/Yolo-FastestV2-0.2/SolarBoardData/images/train/good-a1ef5a32-fe6f-11ed-981d-5c60ba7633ae_jpg.rf.ba441a0d8272a6629a473422b8f46391.jpg'),
       WindowsPath('E:/Yolo-FastestV2-0.2/SolarBoardData/images/train/cracked-333-_jpg.rf.77feeb5c14b35517c56fe1e48d18a3a4.jpg'),
       WindowsPath('E:/Yolo-FastestV2-0.2/SolarBoardData/images/train/pv_crack-184-_jpg.rf.3c887392959948fce2d305f20afe7bb3.jpg'),
       WindowsPath('E:/Yolo-FastestV2-0.2/SolarBoardData/images/train/cracked-98-_jpg.rf.a5320dc7bb6951a8f47c245e840a6d16.jpg'),
       WindowsPath('E:/Yolo-FastestV2-0.2/SolarBoardData/images/train/pv_crack-36-_jpg.rf.3e211f03ae75f9e57c59d3194c8ed2d5.jpg'),
       WindowsPath('E:/Yolo-FastestV2-0.2/SolarBoardData/images/train/IMG_8576_jpg.rf.3751b40e04647fb11fa317cbbf0963a6.jpg'),
       WindowsPath('E:/Yolo-FastestV2-0.2/SolarBoardData/images/train/IMG_0427_jpg.rf.c1842e97c201e5856dff57acc292ed14.jpg'),
       WindowsPath('E:/Yolo-FastestV2-0.2/SolarBoardData/images/train/good-a1ef5a32-fe6f-11ed-981d-5c60ba7633ae_jpg.rf.582ec903a43d114c60067f9be63ebd37.jpg'),
       WindowsPath('E:/Yolo-FastestV2-0.2/SolarBoardData/images/train/good-cd420062-fe6f-11ed-951b-5c60ba7633ae_jpg.rf.5005e59c117467f3eed64e3ee5874ca2.jpg'),
       WindowsPath('E:/Yolo-FastestV2-0.2/SolarBoardData/images/train/solar_Wed_Jun_14_8__15__49_2017_L_0-0987686540606_I_0-165290196078_jpg.rf.199a0b3e03b81198e93bbfe0c545d2f6.jpg'),
       WindowsPath('E:/Yolo-FastestV2-0.2/SolarBoardData/images/train/cracked-f0c72d6f-fe6f-11ed-a636-5c60ba7633ae_jpg.rf.05d51dbc928f898c15aab74314af45dc.jpg'),
       WindowsPath('E:/Yolo-FastestV2-0.2/SolarBoardData/images/train/photo_2023-07-19_16-27-29_jpg.rf.b15046d9bbb213a9ce0194d6aa81f2c2.jpg'),
       WindowsPath('E:/Yolo-FastestV2-0.2/SolarBoardData/images/train/Imgdirty_404_1_jpg.rf.45983248da2192f1d7993ea4e9821a6a.jpg'),
       WindowsPath('E:/Yolo-FastestV2-0.2/SolarBoardData/images/train/good-a1ef5a32-fe6f-11ed-981d-5c60ba7633ae_jpg.rf.df6bb4a101e2dc3174ffa24f369313db.jpg'),
       WindowsPath('E:/Yolo-FastestV2-0.2/SolarBoardData/images/train/cracked-74-_jpg.rf.5807d4be2f75e77b74e275958dd1a9c7.jpg'),
       WindowsPath('E:/Yolo-FastestV2-0.2/SolarBoardData/images/train/Imgdirty_175_1_jpg.rf.5a9e2870eeacd2db240740e1b45d7080.jpg'),
       WindowsPath('E:/Yolo-FastestV2-0.2/SolarBoardData/images/train/istockphoto-1226698631-612x612_jpg.rf.d6610ba11cfc2483680e2233e24777bf.jpg'),
       WindowsPath('E:/Yolo-FastestV2-0.2/SolarBoardData/images/train/pv_crack-188-_jpg.rf.298a50055cad30a3d42d6d6fb79ebcb3.jpg'),
       WindowsPath('E:/Yolo-FastestV2-0.2/SolarBoardData/images/train/Imgdirty_715_1_jpg.rf.be478567367e2f92bdf6d0d6708a0d16.jpg'),
       WindowsPath('E:/Yolo-FastestV2-0.2/SolarBoardData/images/train/cracked-ed29701c-fe6f-11ed-a2d7-5c60ba7633ae_jpg.rf.6d956cf980587fc5357eb272b58243b3.jpg'),
       WindowsPath('E:/Yolo-FastestV2-0.2/SolarBoardData/images/train/WhatsApp-Image-2023-03-20-at-19-19-26-1-_jpeg_jpg.rf.7781aca77a1b4d82e0354bd50a24deef.jpg'),
       WindowsPath('E:/Yolo-FastestV2-0.2/SolarBoardData/images/train/IMG-20230418-WA0039_jpg.rf.ca313fd0b39abfed64c40a3a551c7fed.jpg'),
       WindowsPath('E:/Yolo-FastestV2-0.2/SolarBoardData/images/train/good-c7d66523-fe6f-11ed-8e67-5c60ba7633ae_jpg.rf.ad97cc4a33442292fa5287f04f6f041f.jpg'),
       WindowsPath('E:/Yolo-FastestV2-0.2/SolarBoardData/images/train/Imgclean_259_0_jpg.rf.7feabaa0881e971c2dd90478ecffa662.jpg'),
       WindowsPath('E:/Yolo-FastestV2-0.2/SolarBoardData/images/train/Screenshot-2023-04-01-180713_png_jpg.rf.608f652e05608b8e612e8adeda894450.jpg'),
       WindowsPath('E:/Yolo-FastestV2-0.2/SolarBoardData/images/train/Imgdirty_22_1_jpg.rf.f7a6941103486a223397551dbb7ee6d1.jpg'),
       WindowsPath('E:/Yolo-FastestV2-0.2/SolarBoardData/images/train/WhatsApp-Image-2023-03-20-at-19-19-21-3-_jpeg_jpg.rf.5bdcd3399b6a0e36a9ac96b041648a78.jpg'),
       WindowsPath('E:/Yolo-FastestV2-0.2/SolarBoardData/images/train/good-df559385-fe6f-11ed-86dd-5c60ba7633ae_jpg.rf.cf9e7856e7996137a426ff1ff0a297b2.jpg'),
       WindowsPath('E:/Yolo-FastestV2-0.2/SolarBoardData/images/train/Imgdirty_1006_1_jpg.rf.466cffa4e17f35fca1080218bcfd52db.jpg'),
       WindowsPath('E:/Yolo-FastestV2-0.2/SolarBoardData/images/train/Screenshot-2023-04-01-180311_png_jpg.rf.71bb94f041705e69b71b322452fd7c14.jpg'),
       WindowsPath('E:/Yolo-FastestV2-0.2/SolarBoardData/images/train/good-d0df07e1-fe6f-11ed-a98d-5c60ba7633ae_jpg.rf.3a2164f3bfe159fee41a6e1f81945484.jpg'),
       WindowsPath('E:/Yolo-FastestV2-0.2/SolarBoardData/images/train/IMG_0408_jpg.rf.7e9e18ef481994fd0e79830c6339690a.jpg'),
       WindowsPath('E:/Yolo-FastestV2-0.2/SolarBoardData/images/train/cracked-aa528bb0-fe6f-11ed-aeff-5c60ba7633ae_jpg.rf.efa08bb37d3aea4e606483db1e26a803.jpg'),
       WindowsPath('E:/Yolo-FastestV2-0.2/SolarBoardData/images/train/Imgdirty_1020_1_jpg.rf.1692a923cba528e9f790ee5d1f717204.jpg'),
       WindowsPath('E:/Yolo-FastestV2-0.2/SolarBoardData/images/train/Imgdirty_70_1_jpg.rf.4415c0037f8b3491dcaf8426cd07e3da.jpg'),
       WindowsPath('E:/Yolo-FastestV2-0.2/SolarBoardData/images/train/cracked-89-_jpg.rf.8562e880b46433884ee763c252d14135.jpg'),
       WindowsPath('E:/Yolo-FastestV2-0.2/SolarBoardData/images/train/good-e2f2a720-fe6f-11ed-9edc-5c60ba7633ae_jpg.rf.40ab0444dd35b37cc3970fc3866c59f9.jpg'),
       WindowsPath('E:/Yolo-FastestV2-0.2/SolarBoardData/images/train/cracked-88-_jpg.rf.0c3ad91ad83e021e7db90f0fd68a79fb.jpg'),
       WindowsPath('E:/Yolo-FastestV2-0.2/SolarBoardData/images/train/cracked-459-_jpg.rf.03aa73e404aa64c9d88c0613cf50c25f.jpg'),
       WindowsPath('E:/Yolo-FastestV2-0.2/SolarBoardData/images/train/pv_crack-188-_jpg.rf.70707fb573c0ba3244f9414e373100cb.jpg'),
       WindowsPath('E:/Yolo-FastestV2-0.2/SolarBoardData/images/train/Screenshot-2023-04-02-000552_png_jpg.rf.0d262ea5e123e5156a85ce60d47ee0c7.jpg'),
       WindowsPath('E:/Yolo-FastestV2-0.2/SolarBoardData/images/train/WhatsApp-Image-2023-03-20-at-19-19-29_jpeg_jpg.rf.19b72ceb2ee7069a26380424c390ff93.jpg'),
       WindowsPath('E:/Yolo-FastestV2-0.2/SolarBoardData/images/train/solar_Wed_Jun_21_8__42__38_2017_L_0-399503428707_I_0-364854901961_jpg.rf.245b24d553e1d0794bf2985162f7eaa8.jpg'),
       WindowsPath('E:/Yolo-FastestV2-0.2/SolarBoardData/images/train/Imgdirty_1030_1_jpg.rf.1896854b8f0ba666b90668ea761356ae.jpg'),
       WindowsPath('E:/Yolo-FastestV2-0.2/SolarBoardData/images/train/Imgdirty_372_1_jpg.rf.e203b75f9aee22bffc6670cb00d98d46.jpg'),
       WindowsPath('E:/Yolo-FastestV2-0.2/SolarBoardData/images/train/IMG_20230323_171054_jpg.rf.a26b66cf7c18bd52b9d4fd87fefc97fd.jpg'),
       WindowsPath('E:/Yolo-FastestV2-0.2/SolarBoardData/images/train/Imgdirty_292_1_jpg.rf.9f30abe62e31f3646a8207d9867d408f.jpg'),
       WindowsPath('E:/Yolo-FastestV2-0.2/SolarBoardData/images/train/IMG_0409_jpg.rf.290bcd7452a98b09d413555d9b366f4f.jpg'),
       WindowsPath('E:/Yolo-FastestV2-0.2/SolarBoardData/images/train/pv_crack-44-_jpg.rf.a6706a099762dae9d9dc7c4e0beffcf1.jpg'),
       WindowsPath('E:/Yolo-FastestV2-0.2/SolarBoardData/images/train/cracked-0675b62b-fe70-11ed-88cb-5c60ba7633ae_jpg.rf.8eb39d4a77c96b013beb40fed5b63cc0.jpg'),
       WindowsPath('E:/Yolo-FastestV2-0.2/SolarBoardData/images/train/solar_Wed_Jun_14_9__27__0_2017_L_0-0972486379583_I_0-517533333333_jpg.rf.facd8515f5c5f2bab9759d1cba2c4614.jpg'),
       WindowsPath('E:/Yolo-FastestV2-0.2/SolarBoardData/images/train/WhatsApp-Image-2023-03-20-at-19-18-54-2-_jpeg_jpg.rf.a7dba8ac60bd5f6c224f6f2f9a71fefd.jpg'),
       WindowsPath('E:/Yolo-FastestV2-0.2/SolarBoardData/images/train/pv_crack-172-_jpg.rf.202a5d0fb8c619c298332f276b2c237c.jpg'),
       WindowsPath('E:/Yolo-FastestV2-0.2/SolarBoardData/images/train/Imgdirty_214_1_jpg.rf.c748d650481b42544db62def3c788ead.jpg'),
       WindowsPath('E:/Yolo-FastestV2-0.2/SolarBoardData/images/train/IMG_0448_jpg.rf.e8d183e8dc5b06994c5988c61fafc172.jpg'),
       WindowsPath('E:/Yolo-FastestV2-0.2/SolarBoardData/images/train/Imgdirty_240_1_jpg.rf.5e2304e79c2fadea7a7484a88cf0b768.jpg'),
       WindowsPath('E:/Yolo-FastestV2-0.2/SolarBoardData/images/train/Imgdirty_1047_1_jpg.rf.2ad584f525fa4ef977665495dc3d9698.jpg'),
       WindowsPath('E:/Yolo-FastestV2-0.2/SolarBoardData/images/train/Screenshot-2023-04-01-180311_png_jpg.rf.aa5253897e8ffe6fe2bf54fc495167c1.jpg'),
       WindowsPath('E:/Yolo-FastestV2-0.2/SolarBoardData/images/train/Imgdirty_296_1_jpg.rf.039d8a74bb6fab790cc2a5371f4c98f7.jpg'),
       WindowsPath('E:/Yolo-FastestV2-0.2/SolarBoardData/images/train/Screenshot-2023-04-01-181509_png_jpg.rf.6cc75b6b77bb4ff5255bd96bf05c677c.jpg'),
       WindowsPath('E:/Yolo-FastestV2-0.2/SolarBoardData/images/train/pv_crack-144-_jpg.rf.5f95fb2e89b22a0e4fa4f1cd9cb8b1e8.jpg'),
       WindowsPath('E:/Yolo-FastestV2-0.2/SolarBoardData/images/train/IMG_0411_jpg.rf.6632a5d513405900dfa9f8ad30e1b0c8.jpg'),
       WindowsPath('E:/Yolo-FastestV2-0.2/SolarBoardData/images/train/Imgdirty_607_1_jpg.rf.241773da521a84e7b0747f8600a99db6.jpg'),
       WindowsPath('E:/Yolo-FastestV2-0.2/SolarBoardData/images/train/IMG_20230323_171241_jpg.rf.97791757df52c1107b3725b9f0676dee.jpg'),
       WindowsPath('E:/Yolo-FastestV2-0.2/SolarBoardData/images/train/Screenshot-2023-04-01-180811_png.rf.7244ad00844996dc6e03d9edb0a419f0.jpg'),
       WindowsPath('E:/Yolo-FastestV2-0.2/SolarBoardData/images/train/cracked-ff3c284a-fe6f-11ed-9a94-5c60ba7633ae_jpg.rf.ab345273987e06bc1fd4f782f798ed94.jpg'),
       WindowsPath('E:/Yolo-FastestV2-0.2/SolarBoardData/images/train/Crack_133_jpg.rf.9d79c3bfa6ce6a32f5fb5adc2f8b4a0e.jpg'),
       WindowsPath('E:/Yolo-FastestV2-0.2/SolarBoardData/images/train/Imgclean_34_0_jpg.rf.ce0366acb4914536df483ecda91c9d8d.jpg'),
       WindowsPath('E:/Yolo-FastestV2-0.2/SolarBoardData/images/train/cracked-f0c72d6f-fe6f-11ed-a636-5c60ba7633ae_jpg.rf.ced41c91640e91a7fd90d5fd3a0ee10e.jpg'),
       WindowsPath('E:/Yolo-FastestV2-0.2/SolarBoardData/images/train/IMG_0409_jpg.rf.65c15599f5c711a2bfc9da265175338f.jpg'),
       WindowsPath('E:/Yolo-FastestV2-0.2/SolarBoardData/images/train/IMG_0395_jpg.rf.bf60addf4a3db31a24953a3b4aaf5490.jpg'),
       WindowsPath('E:/Yolo-FastestV2-0.2/SolarBoardData/images/train/WhatsApp-Image-2023-03-20-at-19-19-26_jpeg_jpg.rf.60f3169689853d8473a256a4890f50a6.jpg'),
       WindowsPath('E:/Yolo-FastestV2-0.2/SolarBoardData/images/train/Imgdirty_1018_1_jpg.rf.f90bc7153a0bc2ebeb61016c6687008b.jpg'),
       WindowsPath('E:/Yolo-FastestV2-0.2/SolarBoardData/images/train/Imgdirty_312_1_jpg.rf.1db8aec5892c420c2b3f82dbfe6f2938.jpg'),
       WindowsPath('E:/Yolo-FastestV2-0.2/SolarBoardData/images/train/solar_Thu_Jun_15_15__3__7_2017_L_0-415578958906_I_0-429337254902_jpg.rf.afd1c4fad89df55edc9e2785eb79288a.jpg'),
       WindowsPath('E:/Yolo-FastestV2-0.2/SolarBoardData/images/train/IMG_0400_jpg.rf.47d0d8c77f794a629c2142c46c4624bf.jpg'),
       WindowsPath('E:/Yolo-FastestV2-0.2/SolarBoardData/images/train/IMG_0426_jpg.rf.afe298ca74853856349e7f0fc4428704.jpg'),
       WindowsPath('E:/Yolo-FastestV2-0.2/SolarBoardData/images/train/Imgdirty_42_1_jpg.rf.5a170b7f956319ae7ff2395f5b9da9c8.jpg'),
       WindowsPath('E:/Yolo-FastestV2-0.2/SolarBoardData/images/train/IMG_0421_jpg.rf.03c0b1f6e1dc96c7d5e606127afc680c.jpg'),
       WindowsPath('E:/Yolo-FastestV2-0.2/SolarBoardData/images/train/cracked-354-_jpg.rf.89230778d1fb949d8abdb2e7b3f1c9c0.jpg'),
       WindowsPath('E:/Yolo-FastestV2-0.2/SolarBoardData/images/train/IMG_0390_jpg.rf.51198518fd6717dfe478318de9515998.jpg'),
       WindowsPath('E:/Yolo-FastestV2-0.2/SolarBoardData/images/train/IMG_8602_jpg.rf.c13a5605dc7b3cebffcbb6c6702d9d45.jpg'),
       WindowsPath('E:/Yolo-FastestV2-0.2/SolarBoardData/images/train/IMG_20230323_165337_jpg.rf.f57cd37ffde892a8ec675cc5aec58604.jpg'),
       WindowsPath('E:/Yolo-FastestV2-0.2/SolarBoardData/images/train/cracked-426-_jpg.rf.790ca4e312fcbd5faca61770e6854d3d.jpg'),
       WindowsPath('E:/Yolo-FastestV2-0.2/SolarBoardData/images/train/cracked-284-_jpg.rf.a300467a6d290daee626c8848bc723c8.jpg'),
       WindowsPath('E:/Yolo-FastestV2-0.2/SolarBoardData/images/train/Imgdirty_468_1_jpg.rf.f4787774787e2515528eb5635a774417.jpg'),
       WindowsPath('E:/Yolo-FastestV2-0.2/SolarBoardData/images/train/pv_crack-36-_jpg.rf.2f78523b7f84848b2742148db78fce4b.jpg'),
       WindowsPath('E:/Yolo-FastestV2-0.2/SolarBoardData/images/train/Rusak909_jpg.rf.c0477ad82b9ac93cf00d2772244bb5b7.jpg'),
       WindowsPath('E:/Yolo-FastestV2-0.2/SolarBoardData/images/train/photo_2023-07-19_16-27-44_jpg.rf.d6c449fbf7aac5b27d177bd66ed21f64.jpg'),
       WindowsPath('E:/Yolo-FastestV2-0.2/SolarBoardData/images/train/good-c9a4e5a6-fe6f-11ed-8112-5c60ba7633ae_jpg.rf.5eb1f684c125b4117aa8e65497ff6bda.jpg'),
       WindowsPath('E:/Yolo-FastestV2-0.2/SolarBoardData/images/train/Screenshot-2023-04-01-180619_png.rf.08cb6c85aa9dff4a91cd51dca229efe2.jpg'),
       WindowsPath('E:/Yolo-FastestV2-0.2/SolarBoardData/images/train/Scratch_333_png_jpg.rf.367ea2ee979bca34339a84e02724f98f.jpg'),
       WindowsPath('E:/Yolo-FastestV2-0.2/SolarBoardData/images/train/IMG_0449_jpg.rf.ce2b6afcd563534f5e252141d6ab151f.jpg'),
       WindowsPath('E:/Yolo-FastestV2-0.2/SolarBoardData/images/train/Screenshot-2023-04-01-180834_png_jpg.rf.ac3b9cc989fd6ee97356b2462b7082c0.jpg'),
       WindowsPath('E:/Yolo-FastestV2-0.2/SolarBoardData/images/train/cracked-316-_jpg.rf.ad314a131a9ebf35ca00665fee741072.jpg'),
       WindowsPath('E:/Yolo-FastestV2-0.2/SolarBoardData/images/train/WhatsApp-Image-2023-03-20-at-19-19-20_jpeg_jpg.rf.d9b3900197a4e8de560df878132572ca.jpg'),
       WindowsPath('E:/Yolo-FastestV2-0.2/SolarBoardData/images/train/Crack_217_jpg.rf.de880f8807710ba7d8ec2d20fbc90831.jpg'),
       WindowsPath('E:/Yolo-FastestV2-0.2/SolarBoardData/images/train/Screenshot-2023-04-01-180510_png_jpg.rf.cd756b3094f5b7fdec68e3c256237de4.jpg'),
       WindowsPath('E:/Yolo-FastestV2-0.2/SolarBoardData/images/train/cracked-93-_jpg.rf.572b882abcdca31c4b255e9eb4328592.jpg'),
       WindowsPath('E:/Yolo-FastestV2-0.2/SolarBoardData/images/train/IMG_0415_jpg.rf.1bacede7d931bee53106cbd6a759c81a.jpg'),
       WindowsPath('E:/Yolo-FastestV2-0.2/SolarBoardData/images/train/Imgdirty_661_1_jpg.rf.ce932e11a8c5e19b84f688bafd40706b.jpg'),
       WindowsPath('E:/Yolo-FastestV2-0.2/SolarBoardData/images/train/cracked-80-_jpg.rf.795263ede45a95ecf315aa01b9a76009.jpg'),
       WindowsPath('E:/Yolo-FastestV2-0.2/SolarBoardData/images/train/IMG-20230418-WA0031_jpg.rf.a358a81c2f9eabb97845485f2d2e227c.jpg'),
       WindowsPath('E:/Yolo-FastestV2-0.2/SolarBoardData/images/train/IMG_0406_jpg.rf.c8a78f3897cffe2480b4a8e3094689fb.jpg'),
       WindowsPath('E:/Yolo-FastestV2-0.2/SolarBoardData/images/train/Screenshot-2023-04-02-002333_png_jpg.rf.ad7052dee838b8cc5a66771ce98c203b.jpg'),
       WindowsPath('E:/Yolo-FastestV2-0.2/SolarBoardData/images/train/Imgdirty_930_1_jpg.rf.ee7481f320066d5ef3e76ffba1fe1ef1.jpg'),
       WindowsPath('E:/Yolo-FastestV2-0.2/SolarBoardData/images/train/IMG_0431_jpg.rf.12b996ec418854049c66eb22e1825f58.jpg'),
       WindowsPath('E:/Yolo-FastestV2-0.2/SolarBoardData/images/train/Imgdirty_167_1_jpg.rf.6f1fb4f77ae8bd9ccfbb6e3a09e75d43.jpg'),
       WindowsPath('E:/Yolo-FastestV2-0.2/SolarBoardData/images/train/pv_crack-99-_jpg.rf.9eac7f247472409c32c9dc8360949590.jpg'),
       WindowsPath('E:/Yolo-FastestV2-0.2/SolarBoardData/images/train/Imgclean_7_0_jpg.rf.edc09211c24592b757a6a5e3f362d793.jpg'),
       WindowsPath('E:/Yolo-FastestV2-0.2/SolarBoardData/images/train/Imgdirty_546_1_jpg.rf.4a820071a1ec84ae7e2e2df2f6dbb15a.jpg'),
       WindowsPath('E:/Yolo-FastestV2-0.2/SolarBoardData/images/train/pv_crack-78-_jpg.rf.d8b6202b91f613f6b4584c61ca9e5c12.jpg'),
       WindowsPath('E:/Yolo-FastestV2-0.2/SolarBoardData/images/train/Imgclean_424_0_jpg.rf.3c5fa617af4af2fb60ecb9da097cc5bd.jpg'),
       WindowsPath('E:/Yolo-FastestV2-0.2/SolarBoardData/images/train/pv_crack-117-_jpg.rf.77d043b22d122f6d1e0a2b498181afb9.jpg'),
       WindowsPath('E:/Yolo-FastestV2-0.2/SolarBoardData/images/train/IMG_0448_jpg.rf.3335b263e3030854901e83e0393b0302.jpg'),
       WindowsPath('E:/Yolo-FastestV2-0.2/SolarBoardData/images/train/Crack_1_jpg.rf.d68c6dd4c010e2f02deab91b73349bc0.jpg'),
       WindowsPath('E:/Yolo-FastestV2-0.2/SolarBoardData/images/train/Imgdirty_840_1_jpg.rf.2eb4d59590d133bba160499f4dea45cb.jpg'),
       WindowsPath('E:/Yolo-FastestV2-0.2/SolarBoardData/images/train/photo_2023-07-19_16-27-26_jpg.rf.7b8326297bbb1887fecd342b54ab48e6.jpg'),
       WindowsPath('E:/Yolo-FastestV2-0.2/SolarBoardData/images/train/pv_crack-64-_jpg.rf.a5682028f6dd033a581ff99a1ec0e37f.jpg'),
       WindowsPath('E:/Yolo-FastestV2-0.2/SolarBoardData/images/train/IMG_0427_jpg.rf.0f96b85bb70ac793617191abc11ba5f7.jpg'),
       WindowsPath('E:/Yolo-FastestV2-0.2/SolarBoardData/images/train/IMG_20230323_164830_jpg.rf.2091dbb3d6ddf3862af5ecf6d448d93b.jpg'),
       WindowsPath('E:/Yolo-FastestV2-0.2/SolarBoardData/images/train/solar_Wed_Jun_14_9__48__18_2017_L_0-300001871503_I_0-419082352941_jpg.rf.b755e26d08cfd34732d8dc5e235760e9.jpg'),
       WindowsPath('E:/Yolo-FastestV2-0.2/SolarBoardData/images/train/Screenshot-2023-04-18-044452_png_jpg.rf.0f9c2ed58f3a7b459d92518e43b3b4cf.jpg'),
       WindowsPath('E:/Yolo-FastestV2-0.2/SolarBoardData/images/train/IMG_0406_jpg.rf.cb74014cab8c74f7e57a6a498e9ab2a4.jpg'),
       WindowsPath('E:/Yolo-FastestV2-0.2/SolarBoardData/images/train/good-a3be7f11-fe6f-11ed-a7bd-5c60ba7633ae_jpg.rf.934ff9cd9c3873ca1b8745c1c155b824.jpg'),
       WindowsPath('E:/Yolo-FastestV2-0.2/SolarBoardData/images/train/cracked-4-_jpg.rf.ff65161f8e21aaed07939635ea09ac99.jpg'),
       WindowsPath('E:/Yolo-FastestV2-0.2/SolarBoardData/images/train/Imgdirty_585_1_jpg.rf.671260062c3f446ea046cc0f90e57da2.jpg'),
       WindowsPath('E:/Yolo-FastestV2-0.2/SolarBoardData/images/train/cracked-352-_jpg.rf.0e37349ea423bfbb66eada4acb43798d.jpg'),
       WindowsPath('E:/Yolo-FastestV2-0.2/SolarBoardData/images/train/cracked-59-_jpg.rf.ce81ffaae559e1294dcf261e7c1fe2f6.jpg'),
       WindowsPath('E:/Yolo-FastestV2-0.2/SolarBoardData/images/train/Imgdirty_1037_1_jpg.rf.9be8e76b6fd0470db4ccdf0a30edf45a.jpg'),
       WindowsPath('E:/Yolo-FastestV2-0.2/SolarBoardData/images/train/1677073267914_jpg.rf.b7f31da36255be66518933acadca6d36.jpg'),
       WindowsPath('E:/Yolo-FastestV2-0.2/SolarBoardData/images/train/good-a1ef5a32-fe6f-11ed-981d-5c60ba7633ae_jpg.rf.56dfe8f50658a40e565f5e6eca5daa68.jpg'),
       WindowsPath('E:/Yolo-FastestV2-0.2/SolarBoardData/images/train/IMG_0391_jpg.rf.25d393f031d2217e503bb8cf42dbc919.jpg'),
       WindowsPath('E:/Yolo-FastestV2-0.2/SolarBoardData/images/train/cracked-415-_jpg.rf.186f2508a9d0527ba642f4280ee2b7ca.jpg'),
       WindowsPath('E:/Yolo-FastestV2-0.2/SolarBoardData/images/train/pv_crack-200-_jpg.rf.2b324705346ef630f522c5b842236b5b.jpg'),
       WindowsPath('E:/Yolo-FastestV2-0.2/SolarBoardData/images/train/photo_2023-07-19_16-27-42_jpg.rf.779ac57473bd9f14f9616fbea3535d57.jpg'),
       WindowsPath('E:/Yolo-FastestV2-0.2/SolarBoardData/images/train/IMG_0422_jpg.rf.a01327c5a5127be038b4f0fd9af234af.jpg'),
       WindowsPath('E:/Yolo-FastestV2-0.2/SolarBoardData/images/train/good-a3be7f11-fe6f-11ed-a7bd-5c60ba7633ae_jpg.rf.f76fd526232c683c38f99cfb9aaeacbe.jpg'),
       WindowsPath('E:/Yolo-FastestV2-0.2/SolarBoardData/images/train/Rusak961_jpg.rf.81aeb82faf884f448cd0c5057d227199.jpg'),
       WindowsPath('E:/Yolo-FastestV2-0.2/SolarBoardData/images/train/images-20-_jpg.rf.c8f2d1dd525ab6e5610648338604c847.jpg'),
       WindowsPath('E:/Yolo-FastestV2-0.2/SolarBoardData/images/train/pv_crack-137-_jpg.rf.5bdccddaaff88ccd26dff7fec808b5b0.jpg'),
       WindowsPath('E:/Yolo-FastestV2-0.2/SolarBoardData/images/train/Screenshot-2023-04-01-181509_png_jpg.rf.f1dbef9077a4ba82d4b5faa1b6ef40e9.jpg'),
       WindowsPath('E:/Yolo-FastestV2-0.2/SolarBoardData/images/train/good-df559385-fe6f-11ed-86dd-5c60ba7633ae_jpg.rf.c896165d8f4e153fcc549b4a0f3e1e8e.jpg'),
       WindowsPath('E:/Yolo-FastestV2-0.2/SolarBoardData/images/train/WhatsApp-Image-2023-03-20-at-19-19-28_jpeg_jpg.rf.431ad1052471e9ef35cc53af26ccc0df.jpg'),
       WindowsPath('E:/Yolo-FastestV2-0.2/SolarBoardData/images/train/IMG_0391_jpg.rf.5c2b7e9eb05ec0504395501da8bb94a1.jpg'),
       WindowsPath('E:/Yolo-FastestV2-0.2/SolarBoardData/images/train/good-dd86b288-fe6f-11ed-b752-5c60ba7633ae_jpg.rf.019eefc537be7fcce9aa1baa605c061f.jpg'),
       WindowsPath('E:/Yolo-FastestV2-0.2/SolarBoardData/images/train/good-dbb7c116-fe6f-11ed-8e77-5c60ba7633ae_jpg.rf.ae14316907b43e10bc33f93fd472a98a.jpg'),
       WindowsPath('E:/Yolo-FastestV2-0.2/SolarBoardData/images/train/solar_Thu_Jun_15_14__51__47_2017_L_0-405347035374_I_0-435792156863_jpg.rf.c4c17c5b0175e36c53ea66fb7019ad33.jpg'),
       WindowsPath('E:/Yolo-FastestV2-0.2/SolarBoardData/images/train/IMG_0392_jpg.rf.af69d8cf4fec43aa5735fb9c51e49584.jpg'),
       WindowsPath('E:/Yolo-FastestV2-0.2/SolarBoardData/images/train/photo_2023-07-19_16-27-18_jpg.rf.188b19ab6a07aa89312f9ea407868bd9.jpg'),
       WindowsPath('E:/Yolo-FastestV2-0.2/SolarBoardData/images/train/IMG_20230324_112158_jpg.rf.d6a83cfac2bd126cd572b2c197b02f24.jpg'),
       WindowsPath('E:/Yolo-FastestV2-0.2/SolarBoardData/images/train/good-d8194c79-fe6f-11ed-ac9a-5c60ba7633ae_jpg.rf.b1ef17920a8f5f10f4e5a31fc91997e4.jpg'),
       WindowsPath('E:/Yolo-FastestV2-0.2/SolarBoardData/images/train/IMG_0408_jpg.rf.591ae25e62d7569d89a365e3b5e29257.jpg'),
       WindowsPath('E:/Yolo-FastestV2-0.2/SolarBoardData/images/train/WhatsApp-Image-2023-03-20-at-19-19-23_jpeg_jpg.rf.c072b611fa1e90420a1fba6ea841b0fb.jpg'),
       WindowsPath('E:/Yolo-FastestV2-0.2/SolarBoardData/images/train/WhatsApp-Image-2023-03-20-at-19-19-21-2-_jpeg_jpg.rf.d6cca3e7be1818d3b98a1ae34a93d167.jpg'),
       WindowsPath('E:/Yolo-FastestV2-0.2/SolarBoardData/images/train/Screenshot-2023-04-02-002436_png_jpg.rf.30ccc31289b52fe4e20349f2281c392e.jpg'),
       WindowsPath('E:/Yolo-FastestV2-0.2/SolarBoardData/images/train/Imgdirty_1024_1_jpg.rf.4c00784fbb20adb52fb67f6bf7e09a4a.jpg'),
       WindowsPath('E:/Yolo-FastestV2-0.2/SolarBoardData/images/train/Imgclean_34_0_jpg.rf.c6bbd67d5b7d1e8d8e0c336d961c4eb2.jpg'),
       WindowsPath('E:/Yolo-FastestV2-0.2/SolarBoardData/images/train/Screenshot-2023-04-18-044452_png_jpg.rf.e34d32c809d8f3335419c2cf8ee401b0.jpg'),
       WindowsPath('E:/Yolo-FastestV2-0.2/SolarBoardData/images/train/Imgclean_34_0_jpg.rf.a5462b1835c8e0b4f4d431e286f050bb.jpg'),
       WindowsPath('E:/Yolo-FastestV2-0.2/SolarBoardData/images/train/WhatsApp-Image-2023-03-20-at-19-19-29_jpeg_jpg.rf.85ce2914810314221eb88fb66e2b9307.jpg'),
       WindowsPath('E:/Yolo-FastestV2-0.2/SolarBoardData/images/train/solar_Fri_Jun_30_11__48__41_2017_L_0-776222987657_I_0-765082352941_jpg.rf.e4943580b3dfee4fe45c8b999bb1b601.jpg'),
       WindowsPath('E:/Yolo-FastestV2-0.2/SolarBoardData/images/train/Imgdirty_151_1_jpg.rf.bb3a1aa853b64cae81fd165984e915d0.jpg'),
       WindowsPath('E:/Yolo-FastestV2-0.2/SolarBoardData/images/train/cracked-f0c72d6f-fe6f-11ed-a636-5c60ba7633ae_jpg.rf.d5971d9b4521f0b320303df6339435cd.jpg'),
       WindowsPath('E:/Yolo-FastestV2-0.2/SolarBoardData/images/train/IMG-20230418-WA0040_jpg.rf.70ef55effd59f57c1a6336b72109f004.jpg'),
       WindowsPath('E:/Yolo-FastestV2-0.2/SolarBoardData/images/train/cracked-53-_jpg.rf.8c44e10fe206496b4d538f7250f1981d.jpg'),
       WindowsPath('E:/Yolo-FastestV2-0.2/SolarBoardData/images/train/cracked-eef974b0-fe6f-11ed-9646-5c60ba7633ae_jpg.rf.ea6eb14234d48d2233f54066ff6948f5.jpg'),
       WindowsPath('E:/Yolo-FastestV2-0.2/SolarBoardData/images/train/good-dd86b288-fe6f-11ed-b752-5c60ba7633ae_jpg.rf.5b41e7e5af9ab2f7056ece4973fc3408.jpg'),
       WindowsPath('E:/Yolo-FastestV2-0.2/SolarBoardData/images/train/solar_Fri_Jun_30_11__39__56_2017_L_0-755393550234_I_0-383537254902_jpg.rf.fcbcac579fc29158ed6699cb92eaa817.jpg'),
       WindowsPath('E:/Yolo-FastestV2-0.2/SolarBoardData/images/train/Imgclean_292_0_jpg.rf.b736ec9097b3ea903163dc5436dd54b6.jpg'),
       WindowsPath('E:/Yolo-FastestV2-0.2/SolarBoardData/images/train/solar_Fri_Jun_16_10__32__11_2017_L_0-795547391483_I_0-409894117647_jpg.rf.e852739e3ecfd3e42eadfd416729724e.jpg'),
       WindowsPath('E:/Yolo-FastestV2-0.2/SolarBoardData/images/train/Screenshot-2023-04-18-011936_png.rf.c8987cc10d922cf992cf81463395ebc8.jpg'),
       WindowsPath('E:/Yolo-FastestV2-0.2/SolarBoardData/images/train/WhatsApp-Image-2023-03-20-at-19-19-28-1-_jpeg_jpg.rf.e42639ccada6c98af042603d50d54142.jpg'),
       WindowsPath('E:/Yolo-FastestV2-0.2/SolarBoardData/images/train/Crack_232_jpg.rf.537ba91b55e2407b98ee4f63a6a467dc.jpg'),
       WindowsPath('E:/Yolo-FastestV2-0.2/SolarBoardData/images/train/good-c7d66523-fe6f-11ed-8e67-5c60ba7633ae_jpg.rf.daa931f1fdf27b4fb95a1bed35dcbae2.jpg'),
       WindowsPath('E:/Yolo-FastestV2-0.2/SolarBoardData/images/train/Imgdirty_234_1_jpg.rf.81c9e241a8ae0b094d415aeb8caadab8.jpg'),
       WindowsPath('E:/Yolo-FastestV2-0.2/SolarBoardData/images/train/WhatsApp-Image-2023-03-20-at-19-19-21_jpeg_jpg.rf.e085d3a229cef63ebecde9ef9112c010.jpg'),
       WindowsPath('E:/Yolo-FastestV2-0.2/SolarBoardData/images/train/cracked-f9d17ad1-fe6f-11ed-ab5f-5c60ba7633ae_jpg.rf.c85b4eeea44e358a1d2fc3d8b3a0d8cf.jpg'),
       WindowsPath('E:/Yolo-FastestV2-0.2/SolarBoardData/images/train/IMG_8601_jpg.rf.d32e1d1631309fe4ddc892c2cbaac4da.jpg'),
       WindowsPath('E:/Yolo-FastestV2-0.2/SolarBoardData/images/train/good-d0df07e1-fe6f-11ed-a98d-5c60ba7633ae_jpg.rf.dc95e852f42af8c83bed72cd7c81b87c.jpg'),
       WindowsPath('E:/Yolo-FastestV2-0.2/SolarBoardData/images/train/cracked-eef974b0-fe6f-11ed-9646-5c60ba7633ae_jpg.rf.399aa7b1a0652f037f71e06f611f96d2.jpg'),
       WindowsPath('E:/Yolo-FastestV2-0.2/SolarBoardData/images/train/photo_2023-07-19_16-27-25_jpg.rf.bf41c720563e632514a6a2a5326726c5.jpg'),
       WindowsPath('E:/Yolo-FastestV2-0.2/SolarBoardData/images/train/Imgdirty_619_1_jpg.rf.436a71465203df8f98894aafec47d50f.jpg'),
       WindowsPath('E:/Yolo-FastestV2-0.2/SolarBoardData/images/train/IMG_20230324_155801_jpg.rf.aa93567a4c7e2e61037e57af460be68a.jpg'),
       WindowsPath('E:/Yolo-FastestV2-0.2/SolarBoardData/images/train/Screenshot-2023-04-02-002333_png_jpg.rf.7f599c7c1c173dfe64b9fca46581d2d0.jpg'),
       WindowsPath('E:/Yolo-FastestV2-0.2/SolarBoardData/images/train/Screenshot-2023-04-01-180124_png_jpg.rf.8fda2009ea5c2dddc5e0fe4698053d1e.jpg'),
       WindowsPath('E:/Yolo-FastestV2-0.2/SolarBoardData/images/train/good-d47d48f1-fe6f-11ed-9a5f-5c60ba7633ae_jpg.rf.cc631c382db971e195bed76b18dbd6aa.jpg'),
       WindowsPath('E:/Yolo-FastestV2-0.2/SolarBoardData/images/train/pv_crack-149-_jpg.rf.da75eb0c75244140ec464dd4b203aa38.jpg'),
       WindowsPath('E:/Yolo-FastestV2-0.2/SolarBoardData/images/train/cracked-96-_jpg.rf.e96100c2487cfbae3a5ff8b94898f49b.jpg'),
       WindowsPath('E:/Yolo-FastestV2-0.2/SolarBoardData/images/train/Rusak921_jpg.rf.92f9378ba4013c35ff0e49ce3921d729.jpg'),
       WindowsPath('E:/Yolo-FastestV2-0.2/SolarBoardData/images/train/IMG_0400_jpg.rf.8ea0704e095dfa5ed4710a617923ef46.jpg'),
       WindowsPath('E:/Yolo-FastestV2-0.2/SolarBoardData/images/train/pv_crack-117-_jpg.rf.e03e80c008edabe2c54e95f5ad815f71.jpg'),
       WindowsPath('E:/Yolo-FastestV2-0.2/SolarBoardData/images/train/cracked-428-_jpg.rf.9c8bb5f1c03c340380274036790eabd1.jpg'),
       WindowsPath('E:/Yolo-FastestV2-0.2/SolarBoardData/images/train/IMG_0413_jpg.rf.14cd5c04502639c4486a3eea4ad7ad7b.jpg'),
       WindowsPath('E:/Yolo-FastestV2-0.2/SolarBoardData/images/train/Imgdirty_693_1_jpg.rf.e2cb61482c928313ad433bb15a8e757a.jpg'),
       WindowsPath('E:/Yolo-FastestV2-0.2/SolarBoardData/images/train/pv_crack-86-_jpg.rf.0592afd3d309b6532a6719356944a395.jpg'),
       WindowsPath('E:/Yolo-FastestV2-0.2/SolarBoardData/images/train/cracked-92-_jpg.rf.d6b9d51b074c49a939012aadb0719205.jpg'),
       WindowsPath('E:/Yolo-FastestV2-0.2/SolarBoardData/images/train/Imgclean_7_0_jpg.rf.7807eb3c4177bf8c943461d29ea087cc.jpg'),
       WindowsPath('E:/Yolo-FastestV2-0.2/SolarBoardData/images/train/Imgclean_343_0_jpg.rf.72a6eb91c9bf0f8ed7703b4a118f8060.jpg'),
       WindowsPath('E:/Yolo-FastestV2-0.2/SolarBoardData/images/train/Imgdirty_1034_1_jpg.rf.3d1fc589582ad5cc342939763a10111a.jpg'),
       WindowsPath('E:/Yolo-FastestV2-0.2/SolarBoardData/images/train/IMG_0400_jpg.rf.24980322a43203a53d3c0508e975ebb7.jpg'),
       WindowsPath('E:/Yolo-FastestV2-0.2/SolarBoardData/images/train/Imgdirty_875_1_jpg.rf.6d8310be910e0a1c105ccfacf4b1e8f2.jpg'),
       WindowsPath('E:/Yolo-FastestV2-0.2/SolarBoardData/images/train/good-dd86b288-fe6f-11ed-b752-5c60ba7633ae_jpg.rf.be2d1af8d924bfdcf792e1f3a71fd7e2.jpg'),
       WindowsPath('E:/Yolo-FastestV2-0.2/SolarBoardData/images/train/Imgdirty_728_1_jpg.rf.51133140df0e2b4bfccd8aa881494d75.jpg'),
       WindowsPath('E:/Yolo-FastestV2-0.2/SolarBoardData/images/train/Imgdirty_266_1_jpg.rf.7e011de90de12cc47db37cd3c7b79239.jpg'),
       WindowsPath('E:/Yolo-FastestV2-0.2/SolarBoardData/images/train/IMG_0415_jpg.rf.9ef7757abf8427a1228130be2b19a9b1.jpg'),
       WindowsPath('E:/Yolo-FastestV2-0.2/SolarBoardData/images/train/Imgdirty_911_1_jpg.rf.b12b1502c388015c681a58b1ff6633fd.jpg')],
      dtype=object)}]}
2026-07-11 19:47:01,635 [INFO] (quantize_model.py #197, read_calibration_data): Load E:\Yolo-FastestV2-0.2\SolarBoardData\images\train\IMG_20230325_114714_jpg.rf.b982868cba84623de7e57c4e8b37ecbb.jpg...
2026-07-11 19:47:01,635 [DEBUG] (Image.py #421, _import_plugin_for_extension): Importing JpegImagePlugin
2026-07-11 19:47:01,645 [INFO] (quantize_model.py #197, read_calibration_data): Load E:\Yolo-FastestV2-0.2\SolarBoardData\images\train\solar_Thu_Jun_15_10__2__22_2017_L_0-221812804239_I_0-318215686275_jpg.rf.10a29ab2afe8482e614808581b66051f.jpg...
2026-07-11 19:47:01,651 [INFO] (quantize_model.py #197, read_calibration_data): Load E:\Yolo-FastestV2-0.2\SolarBoardData\images\train\IMG_0424_jpg.rf.6bb10fa8a443601cf671f60c46db3020.jpg...
2026-07-11 19:47:01,660 [INFO] (quantize_model.py #197, read_calibration_data): Load E:\Yolo-FastestV2-0.2\SolarBoardData\images\train\good-a3be7f11-fe6f-11ed-a7bd-5c60ba7633ae_jpg.rf.f614fb87a2bd4f889ae401995f065648.jpg...
2026-07-11 19:47:01,670 [INFO] (quantize_model.py #197, read_calibration_data): Load E:\Yolo-FastestV2-0.2\SolarBoardData\images\train\Imgdirty_186_1_jpg.rf.e343b987907b232f5d33be9a0c0a5db4.jpg...
2026-07-11 19:47:01,678 [INFO] (quantize_model.py #197, read_calibration_data): Load E:\Yolo-FastestV2-0.2\SolarBoardData\images\train\Screenshot-2023-04-02-001311_png_jpg.rf.1cd019dba39550167d1c1ec4c34d1d5b.jpg...
2026-07-11 19:47:01,687 [INFO] (quantize_model.py #197, read_calibration_data): Load E:\Yolo-FastestV2-0.2\SolarBoardData\images\train\Imgclean_259_0_jpg.rf.d98b64ae7fc692d16e9485bd2d2fffac.jpg...
2026-07-11 19:47:01,696 [INFO] (quantize_model.py #197, read_calibration_data): Load E:\Yolo-FastestV2-0.2\SolarBoardData\images\train\Screenshot-2023-04-01-182019_png_jpg.rf.94d68976b315149e98e93535018efdfa.jpg...
2026-07-11 19:47:01,704 [INFO] (quantize_model.py #197, read_calibration_data): Load E:\Yolo-FastestV2-0.2\SolarBoardData\images\train\IMG_0448_jpg.rf.c964902e5ab7f3e37c21b93180a7817e.jpg...
2026-07-11 19:47:01,711 [INFO] (quantize_model.py #197, read_calibration_data): Load E:\Yolo-FastestV2-0.2\SolarBoardData\images\train\WhatsApp-Image-2023-03-20-at-19-19-27-1-_jpeg_jpg.rf.5dbe1d5bf24422cf602de3e48513bb00.jpg...
2026-07-11 19:47:01,719 [INFO] (quantize_model.py #197, read_calibration_data): Load E:\Yolo-FastestV2-0.2\SolarBoardData\images\train\cracked-0f7dfef7-fe70-11ed-ac7b-5c60ba7633ae_jpg.rf.791917ecf3827a8d4c6f10a98a542547.jpg...
2026-07-11 19:47:01,727 [INFO] (quantize_model.py #197, read_calibration_data): Load E:\Yolo-FastestV2-0.2\SolarBoardData\images\train\Screenshot-2023-04-01-181249_png.rf.296105a31a5f53d7191a3915535289f7.jpg...
2026-07-11 19:47:01,736 [INFO] (quantize_model.py #197, read_calibration_data): Load E:\Yolo-FastestV2-0.2\SolarBoardData\images\train\Imgdirty_765_1_jpg.rf.8f149c20e5b84122e54c22b821831609.jpg...
2026-07-11 19:47:01,752 [INFO] (quantize_model.py #197, read_calibration_data): Load E:\Yolo-FastestV2-0.2\SolarBoardData\images\train\Crack_222_jpg.rf.7bae18b29c232215c84324f0b3afbe40.jpg...
2026-07-11 19:47:01,760 [INFO] (quantize_model.py #197, read_calibration_data): Load E:\Yolo-FastestV2-0.2\SolarBoardData\images\train\Imgdirty_640_1_jpg.rf.bd6a444f6f536d20379a5e9fd573f3d2.jpg...
2026-07-11 19:47:01,768 [INFO] (quantize_model.py #197, read_calibration_data): Load E:\Yolo-FastestV2-0.2\SolarBoardData\images\train\pv_crack-169-_jpg.rf.9485f84e059ffb5f0083e3b46b457810.jpg...
2026-07-11 19:47:01,776 [INFO] (quantize_model.py #197, read_calibration_data): Load E:\Yolo-FastestV2-0.2\SolarBoardData\images\train\Screenshot-2023-04-02-001650_png_jpg.rf.76b702aad06cc252719df75dd07db3ac.jpg...
2026-07-11 19:47:01,785 [INFO] (quantize_model.py #197, read_calibration_data): Load E:\Yolo-FastestV2-0.2\SolarBoardData\images\train\WhatsApp-Image-2023-03-20-at-19-19-21-1-_jpeg_jpg.rf.96f254ff2bfb015448cffe87651c9a0b.jpg...
2026-07-11 19:47:01,792 [INFO] (quantize_model.py #197, read_calibration_data): Load E:\Yolo-FastestV2-0.2\SolarBoardData\images\train\Screenshot-2023-04-02-002333_png_jpg.rf.62221aa06068e3df4f96e19a824fa896.jpg...
2026-07-11 19:47:01,800 [INFO] (quantize_model.py #197, read_calibration_data): Load E:\Yolo-FastestV2-0.2\SolarBoardData\images\train\Imgdirty_690_1_jpg.rf.4fe33d3f2e97c22605d15c5750718141.jpg...
2026-07-11 19:47:01,807 [INFO] (quantize_model.py #197, read_calibration_data): Load E:\Yolo-FastestV2-0.2\SolarBoardData\images\train\Screenshot-2023-04-02-001348_png_jpg.rf.06a2b8962e09db5587e0682a878b51a3.jpg...
2026-07-11 19:47:01,815 [INFO] (quantize_model.py #197, read_calibration_data): Load E:\Yolo-FastestV2-0.2\SolarBoardData\images\train\Crack_253_jpg.rf.fc290a0bd174fcff86f86588280ad93a.jpg...
2026-07-11 19:47:01,824 [INFO] (quantize_model.py #197, read_calibration_data): Load E:\Yolo-FastestV2-0.2\SolarBoardData\images\train\photo_2023-07-19_16-27-41_jpg.rf.90c00db7ba7849411ccee6e1167e2653.jpg...
2026-07-11 19:47:01,832 [INFO] (quantize_model.py #197, read_calibration_data): Load E:\Yolo-FastestV2-0.2\SolarBoardData\images\train\pv_crack-48-_jpg.rf.bfe54f847c4bc68ee1773c5c2c3725f2.jpg...
2026-07-11 19:47:01,840 [INFO] (quantize_model.py #197, read_calibration_data): Load E:\Yolo-FastestV2-0.2\SolarBoardData\images\train\Screenshot-2023-04-01-180227_png.rf.073938371795211de4a2900662c99cc5.jpg...
2026-07-11 19:47:01,850 [INFO] (quantize_model.py #197, read_calibration_data): Load E:\Yolo-FastestV2-0.2\SolarBoardData\images\train\IMG_20230323_165800_jpg.rf.bc215394ac8134b7b7545b8393922991.jpg...
2026-07-11 19:47:01,858 [INFO] (quantize_model.py #197, read_calibration_data): Load E:\Yolo-FastestV2-0.2\SolarBoardData\images\train\Imgdirty_740_1_jpg.rf.13bbb9ca3098c7848271a740867479fd.jpg...
2026-07-11 19:47:01,871 [INFO] (quantize_model.py #197, read_calibration_data): Load E:\Yolo-FastestV2-0.2\SolarBoardData\images\train\cracked-92-_jpg.rf.06018c3e4e4ae1f3259b0bdc89681301.jpg...
2026-07-11 19:47:01,880 [INFO] (quantize_model.py #197, read_calibration_data): Load E:\Yolo-FastestV2-0.2\SolarBoardData\images\train\Imgdirty_201_1_jpg.rf.749494e54076c4eeacd2bdf69b960e88.jpg...
2026-07-11 19:47:01,887 [INFO] (quantize_model.py #197, read_calibration_data): Load E:\Yolo-FastestV2-0.2\SolarBoardData\images\train\Imgdirty_702_1_jpg.rf.3ad77c893625a0ceffb70cdc6e1d05d6.jpg...
2026-07-11 19:47:01,894 [INFO] (quantize_model.py #197, read_calibration_data): Load E:\Yolo-FastestV2-0.2\SolarBoardData\images\train\IMG_0401_jpg.rf.e83404ec8daf6de4d2acc84eb4ecbf2d.jpg...
2026-07-11 19:47:01,903 [INFO] (quantize_model.py #197, read_calibration_data): Load E:\Yolo-FastestV2-0.2\SolarBoardData\images\train\pv_crack-31-_jpg.rf.ef3bbe0f5f71202d85c5d042a41efdc8.jpg...
2026-07-11 19:47:01,910 [INFO] (quantize_model.py #197, read_calibration_data): Load E:\Yolo-FastestV2-0.2\SolarBoardData\images\train\IMG_0414_jpg.rf.f5ee3dfe1697b3d5a805f866bfb1f38c.jpg...
2026-07-11 19:47:01,918 [INFO] (quantize_model.py #197, read_calibration_data): Load E:\Yolo-FastestV2-0.2\SolarBoardData\images\train\pv_crack-19-_jpg.rf.3fcf074c61df7c1a929c79d58e79f586.jpg...
2026-07-11 19:47:01,926 [INFO] (quantize_model.py #197, read_calibration_data): Load E:\Yolo-FastestV2-0.2\SolarBoardData\images\train\pv_crack-13-_jpg.rf.ae7ffafec08f249d3b360c53c68599d1.jpg...
2026-07-11 19:47:01,934 [INFO] (quantize_model.py #197, read_calibration_data): Load E:\Yolo-FastestV2-0.2\SolarBoardData\images\train\solar_Fri_Jun_16_13__56__42_2017_L_0-541628060887_I_0-296274509804_jpg.rf.e9d516269c9b32c970d8ea8b739cd13a.jpg...
2026-07-11 19:47:01,942 [INFO] (quantize_model.py #197, read_calibration_data): Load E:\Yolo-FastestV2-0.2\SolarBoardData\images\train\Imgdirty_25_1_jpg.rf.4985e915981c8a6ac8b9fd31df9c5d57.jpg...
2026-07-11 19:47:01,973 [INFO] (quantize_model.py #197, read_calibration_data): Load E:\Yolo-FastestV2-0.2\SolarBoardData\images\train\Imgdirty_5_1_jpg.rf.aa4e212a23afb3dbfd405663ceb92615.jpg...
2026-07-11 19:47:02,001 [INFO] (quantize_model.py #197, read_calibration_data): Load E:\Yolo-FastestV2-0.2\SolarBoardData\images\train\IMG_20230324_172724_jpg.rf.80de328bc71f4b57e058616ae2a668c8.jpg...
2026-07-11 19:47:02,010 [INFO] (quantize_model.py #197, read_calibration_data): Load E:\Yolo-FastestV2-0.2\SolarBoardData\images\train\IMG_20230324_162057_jpg.rf.016fffd3539ff7411de79bc25225ef73.jpg...
2026-07-11 19:47:02,019 [INFO] (quantize_model.py #197, read_calibration_data): Load E:\Yolo-FastestV2-0.2\SolarBoardData\images\train\photo_2023-07-19_16-27-26_jpg.rf.ba236e4e88bc800242bae13479aa41da.jpg...
2026-07-11 19:47:02,028 [INFO] (quantize_model.py #197, read_calibration_data): Load E:\Yolo-FastestV2-0.2\SolarBoardData\images\train\Imgdirty_33_1_jpg.rf.1ba923b7adb17c55af66e48614fca185.jpg...
2026-07-11 19:47:02,036 [INFO] (quantize_model.py #197, read_calibration_data): Load E:\Yolo-FastestV2-0.2\SolarBoardData\images\train\IMG_8598_jpg.rf.c457020a7eb91e0f422921200c224b3a.jpg...
2026-07-11 19:47:02,045 [INFO] (quantize_model.py #197, read_calibration_data): Load E:\Yolo-FastestV2-0.2\SolarBoardData\images\train\Imgdirty_40_1_jpg.rf.ae06dee57348e783c593ec295713a776.jpg...
2026-07-11 19:47:02,053 [INFO] (quantize_model.py #197, read_calibration_data): Load E:\Yolo-FastestV2-0.2\SolarBoardData\images\train\cracked-56-_jpg.rf.b020ba7c483377d1be84b890c4c1f679.jpg...
2026-07-11 19:47:02,062 [INFO] (quantize_model.py #197, read_calibration_data): Load E:\Yolo-FastestV2-0.2\SolarBoardData\images\train\pv_crack-158-_jpg.rf.bbdb25b2c390f6dd165ad6ad51caae99.jpg...
2026-07-11 19:47:02,070 [INFO] (quantize_model.py #197, read_calibration_data): Load E:\Yolo-FastestV2-0.2\SolarBoardData\images\train\IMG_0403_jpg.rf.23a2e4154ee0f9b6989d3867475e7b3b.jpg...
2026-07-11 19:47:02,079 [INFO] (quantize_model.py #197, read_calibration_data): Load E:\Yolo-FastestV2-0.2\SolarBoardData\images\train\cracked-434-_jpg.rf.1753d05a470443f18413041eefe272c2.jpg...
2026-07-11 19:47:02,088 [INFO] (quantize_model.py #197, read_calibration_data): Load E:\Yolo-FastestV2-0.2\SolarBoardData\images\train\IMG_0414_jpg.rf.a735c34418c05fb917d973738ee2342d.jpg...
2026-07-11 19:47:02,097 [INFO] (quantize_model.py #197, read_calibration_data): Load E:\Yolo-FastestV2-0.2\SolarBoardData\images\train\pv_crack-32-_jpg.rf.8811ed0202f5b0ae18818d45ccbefb88.jpg...
2026-07-11 19:47:02,106 [INFO] (quantize_model.py #197, read_calibration_data): Load E:\Yolo-FastestV2-0.2\SolarBoardData\images\train\good-e860861f-fe6f-11ed-bb18-5c60ba7633ae_jpg.rf.eb52b93327ef35ab7f9aa73758ac01e5.jpg...
2026-07-11 19:47:02,114 [INFO] (quantize_model.py #197, read_calibration_data): Load E:\Yolo-FastestV2-0.2\SolarBoardData\images\train\cracked-89-_jpg.rf.787ebf26f4d73dbd9b8b93e44125b1db.jpg...
2026-07-11 19:47:02,123 [INFO] (quantize_model.py #197, read_calibration_data): Load E:\Yolo-FastestV2-0.2\SolarBoardData\images\train\photo_2023-07-19_16-27-31_jpg.rf.d4592ede83a7b8c678ca9364e8549a0f.jpg...
2026-07-11 19:47:02,132 [INFO] (quantize_model.py #197, read_calibration_data): Load E:\Yolo-FastestV2-0.2\SolarBoardData\images\train\IMG_8576_jpg.rf.5fac7057abaf5e4880026da72fe0e6ce.jpg...
2026-07-11 19:47:02,141 [INFO] (quantize_model.py #197, read_calibration_data): Load E:\Yolo-FastestV2-0.2\SolarBoardData\images\train\WhatsApp-Image-2023-03-20-at-19-19-21-1-_jpeg_jpg.rf.2e8eb890516b14a210c13fc4853d828a.jpg...
2026-07-11 19:47:02,149 [INFO] (quantize_model.py #197, read_calibration_data): Load E:\Yolo-FastestV2-0.2\SolarBoardData\images\train\Screenshot-2023-04-02-002554_png.rf.ee156fa60172fec2ef1a6cc0a91bf12a.jpg...
2026-07-11 19:47:02,159 [INFO] (quantize_model.py #197, read_calibration_data): Load E:\Yolo-FastestV2-0.2\SolarBoardData\images\train\IMG_0426_jpg.rf.041b611b89f6f3fb80870383dfbb228a.jpg...
2026-07-11 19:47:02,168 [INFO] (quantize_model.py #197, read_calibration_data): Load E:\Yolo-FastestV2-0.2\SolarBoardData\images\train\Imgdirty_456_1_jpg.rf.596f1d452e351a9cadc8cb69abb6090f.jpg...
2026-07-11 19:47:02,183 [INFO] (quantize_model.py #197, read_calibration_data): Load E:\Yolo-FastestV2-0.2\SolarBoardData\images\train\IMG_20230325_114726_jpg.rf.e1990156ceacaa4f87e10de7fb498d99.jpg...
2026-07-11 19:47:02,193 [INFO] (quantize_model.py #197, read_calibration_data): Load E:\Yolo-FastestV2-0.2\SolarBoardData\images\train\cracked-98-_jpg.rf.e4f550d7fffddd4b45887fd3f5e4fd93.jpg...
2026-07-11 19:47:02,201 [INFO] (quantize_model.py #197, read_calibration_data): Load E:\Yolo-FastestV2-0.2\SolarBoardData\images\train\WhatsApp-Image-2023-03-20-at-19-19-26_jpeg_jpg.rf.cefd69961e63ea4c3a267d6ee8c84811.jpg...
2026-07-11 19:47:02,208 [INFO] (quantize_model.py #197, read_calibration_data): Load E:\Yolo-FastestV2-0.2\SolarBoardData\images\train\cracked-57-_jpg.rf.82a99ff203fefc6c0f54c6a97d62575d.jpg...
2026-07-11 19:47:02,217 [INFO] (quantize_model.py #197, read_calibration_data): Load E:\Yolo-FastestV2-0.2\SolarBoardData\images\train\IMG_0440_jpg.rf.8b1b599f068862af64b6c08f555191b7.jpg...
2026-07-11 19:47:02,225 [INFO] (quantize_model.py #197, read_calibration_data): Load E:\Yolo-FastestV2-0.2\SolarBoardData\images\train\solar_Fri_Jun_30_9__25__57_2017_L_0-922570473424_I_0-537262745098_jpg.rf.1807c84be23e78c9fa72f5bd41f57d69.jpg...
2026-07-11 19:47:02,231 [INFO] (quantize_model.py #197, read_calibration_data): Load E:\Yolo-FastestV2-0.2\SolarBoardData\images\train\Imgdirty_477_1_jpg.rf.98c57333edceb5a1a244e437f3549251.jpg...
2026-07-11 19:47:02,240 [INFO] (quantize_model.py #197, read_calibration_data): Load E:\Yolo-FastestV2-0.2\SolarBoardData\images\train\IMG_0399_jpg.rf.a5bc8e7e363e23a1f7984d7a7affdefe.jpg...
2026-07-11 19:47:02,249 [INFO] (quantize_model.py #197, read_calibration_data): Load E:\Yolo-FastestV2-0.2\SolarBoardData\images\train\IMG_0417_jpg.rf.5600d4c75329c362c8f1abe79e4f5b34.jpg...
2026-07-11 19:47:02,257 [INFO] (quantize_model.py #197, read_calibration_data): Load E:\Yolo-FastestV2-0.2\SolarBoardData\images\train\good-d64b447b-fe6f-11ed-a265-5c60ba7633ae_jpg.rf.36eff7318734d6c5a3d0c37c83898ab0.jpg...
2026-07-11 19:47:02,265 [INFO] (quantize_model.py #197, read_calibration_data): Load E:\Yolo-FastestV2-0.2\SolarBoardData\images\train\cracked-70-_jpg.rf.e671ac2fe3ffe6e7e6c6c9753b3a3173.jpg...
2026-07-11 19:47:02,273 [INFO] (quantize_model.py #197, read_calibration_data): Load E:\Yolo-FastestV2-0.2\SolarBoardData\images\train\frame106_jpg.rf.0a21fb65e6a4e5e13ab2393f1b414123.jpg...
2026-07-11 19:47:02,281 [INFO] (quantize_model.py #197, read_calibration_data): Load E:\Yolo-FastestV2-0.2\SolarBoardData\images\train\solar_Fri_Jun_30_11__21__19_2017_L_0-790252849469_I_0-1796_jpg.rf.073604007f250a158b939cb66b78f17f.jpg...
2026-07-11 19:47:02,286 [INFO] (quantize_model.py #197, read_calibration_data): Load E:\Yolo-FastestV2-0.2\SolarBoardData\images\train\IMG_0448_jpg.rf.4462e26ec8453d606eba765da4f8daa6.jpg...
2026-07-11 19:47:02,294 [INFO] (quantize_model.py #197, read_calibration_data): Load E:\Yolo-FastestV2-0.2\SolarBoardData\images\train\WhatsApp-Image-2023-03-20-at-19-19-22-2-_jpeg_jpg.rf.006c5b4d8d549cc139cb2856c0305e11.jpg...
2026-07-11 19:47:02,302 [INFO] (quantize_model.py #197, read_calibration_data): Load E:\Yolo-FastestV2-0.2\SolarBoardData\images\train\Screenshot-2023-04-01-181402_png_jpg.rf.6716baac0e304baf3552119db5a0b557.jpg...
2026-07-11 19:47:02,310 [INFO] (quantize_model.py #197, read_calibration_data): Load E:\Yolo-FastestV2-0.2\SolarBoardData\images\train\IMG_20230323_165009_jpg.rf.bfae08f252ff95ae1b05ddd4c05615d9.jpg...
2026-07-11 19:47:02,318 [INFO] (quantize_model.py #197, read_calibration_data): Load E:\Yolo-FastestV2-0.2\SolarBoardData\images\train\Crack_236_jpg.rf.e19a4a7bcd224e4a80eb1a1f7c4688e3.jpg...
2026-07-11 19:47:02,326 [INFO] (quantize_model.py #197, read_calibration_data): Load E:\Yolo-FastestV2-0.2\SolarBoardData\images\train\WhatsApp-Image-2023-03-20-at-19-18-55-1-_jpeg_jpg.rf.c365dcbfd58e0c6ff056830130dc1fab.jpg...
2026-07-11 19:47:02,334 [INFO] (quantize_model.py #197, read_calibration_data): Load E:\Yolo-FastestV2-0.2\SolarBoardData\images\train\WhatsApp-Image-2023-03-20-at-19-19-27-1-_jpeg_jpg.rf.9d3b4ed4b9a013e408c477aa756b0538.jpg...
2026-07-11 19:47:02,342 [INFO] (quantize_model.py #197, read_calibration_data): Load E:\Yolo-FastestV2-0.2\SolarBoardData\images\train\cracked-08449119-fe70-11ed-9a47-5c60ba7633ae_jpg.rf.7c3270aefa4f0eb8bbaa44482aea11bd.jpg...
2026-07-11 19:47:02,352 [INFO] (quantize_model.py #197, read_calibration_data): Load E:\Yolo-FastestV2-0.2\SolarBoardData\images\train\solar_Wed_Jun_21_8__48__32_2017_L_0-329396907415_I_0-406792156863_jpg.rf.153e01469a69baf162520b063ce6fc9a.jpg...
2026-07-11 19:47:02,357 [INFO] (quantize_model.py #197, read_calibration_data): Load E:\Yolo-FastestV2-0.2\SolarBoardData\images\train\good-a1ef5a32-fe6f-11ed-981d-5c60ba7633ae_jpg.rf.995ba91cc61ad30d8bb073df55908836.jpg...
2026-07-11 19:47:02,366 [INFO] (quantize_model.py #197, read_calibration_data): Load E:\Yolo-FastestV2-0.2\SolarBoardData\images\train\IMG_20230323_165811_jpg.rf.f3abb6248017946744b98dda00031d86.jpg...
2026-07-11 19:47:02,374 [INFO] (quantize_model.py #197, read_calibration_data): Load E:\Yolo-FastestV2-0.2\SolarBoardData\images\train\Imgdirty_708_1_jpg.rf.ea432f12707597537f4223a1077256fa.jpg...
2026-07-11 19:47:02,385 [INFO] (quantize_model.py #197, read_calibration_data): Load E:\Yolo-FastestV2-0.2\SolarBoardData\images\train\WhatsApp-Image-2023-03-20-at-19-19-22-1-_jpeg_jpg.rf.2d26432e28aa8cbfe1771ad00ea25f75.jpg...
2026-07-11 19:47:02,393 [INFO] (quantize_model.py #197, read_calibration_data): Load E:\Yolo-FastestV2-0.2\SolarBoardData\images\train\good-dbb7c116-fe6f-11ed-8e77-5c60ba7633ae_jpg.rf.0aed68965cbcec43c77719eb3bdb6a0d.jpg...
2026-07-11 19:47:02,401 [INFO] (quantize_model.py #197, read_calibration_data): Load E:\Yolo-FastestV2-0.2\SolarBoardData\images\train\IMG_8591_jpg.rf.6f33ba43028a6ecb2a3f413bdd9bfe19.jpg...
2026-07-11 19:47:02,409 [INFO] (quantize_model.py #197, read_calibration_data): Load E:\Yolo-FastestV2-0.2\SolarBoardData\images\train\Imgdirty_508_1_jpg.rf.a9d66ebf1e11de3f08ae55ce7049614e.jpg...
2026-07-11 19:47:02,417 [INFO] (quantize_model.py #197, read_calibration_data): Load E:\Yolo-FastestV2-0.2\SolarBoardData\images\train\Screenshot-2023-04-02-002105_png_jpg.rf.d315c9be6fde532e84d25b6b56bb5cbf.jpg...
2026-07-11 19:47:02,425 [INFO] (quantize_model.py #197, read_calibration_data): Load E:\Yolo-FastestV2-0.2\SolarBoardData\images\train\good-d9e936a6-fe6f-11ed-86e2-5c60ba7633ae_jpg.rf.54b213044cf9f3d3171588de23512e1a.jpg...
2026-07-11 19:47:02,435 [INFO] (quantize_model.py #197, read_calibration_data): Load E:\Yolo-FastestV2-0.2\SolarBoardData\images\train\IMG_0404_jpg.rf.6862acdb3e533410844858c6958d4e96.jpg...
2026-07-11 19:47:02,443 [INFO] (quantize_model.py #197, read_calibration_data): Load E:\Yolo-FastestV2-0.2\SolarBoardData\images\train\IMG_20230323_170742_jpg.rf.66110fa33851218988e6f267d90d94bb.jpg...
2026-07-11 19:47:02,451 [INFO] (quantize_model.py #197, read_calibration_data): Load E:\Yolo-FastestV2-0.2\SolarBoardData\images\train\pv_crack-179-_jpg.rf.6b79cf6f7e596b93b90bc4419decccb6.jpg...
2026-07-11 19:47:02,459 [INFO] (quantize_model.py #197, read_calibration_data): Load E:\Yolo-FastestV2-0.2\SolarBoardData\images\train\good-dd86b288-fe6f-11ed-b752-5c60ba7633ae_jpg.rf.338d4445d73bd2fc0781fc10ec3771b6.jpg...
2026-07-11 19:47:02,468 [INFO] (quantize_model.py #197, read_calibration_data): Load E:\Yolo-FastestV2-0.2\SolarBoardData\images\train\pv_crack-13-_jpg.rf.e183963f47dd695191b50549226f3307.jpg...
2026-07-11 19:47:02,476 [INFO] (quantize_model.py #197, read_calibration_data): Load E:\Yolo-FastestV2-0.2\SolarBoardData\images\train\good-a1ef5a32-fe6f-11ed-981d-5c60ba7633ae_jpg.rf.f356fb9e29a9427ab726f99cd4433830.jpg...
2026-07-11 19:47:02,485 [INFO] (quantize_model.py #197, read_calibration_data): Load E:\Yolo-FastestV2-0.2\SolarBoardData\images\train\cracked-f464c296-fe6f-11ed-8a60-5c60ba7633ae_jpg.rf.bc4950a0bea2d8bb7500989e9c467abc.jpg...
2026-07-11 19:47:02,494 [INFO] (quantize_model.py #197, read_calibration_data): Load E:\Yolo-FastestV2-0.2\SolarBoardData\images\train\IMG_0406_jpg.rf.b968fcfcdd2e94e1e9521f3c324061bc.jpg...
2026-07-11 19:47:02,502 [INFO] (quantize_model.py #197, read_calibration_data): Load E:\Yolo-FastestV2-0.2\SolarBoardData\images\train\photo_2023-07-19_16-27-44_jpg.rf.4873e5a0d11b4ef93162fe1dd955947b.jpg...
2026-07-11 19:47:02,511 [INFO] (quantize_model.py #197, read_calibration_data): Load E:\Yolo-FastestV2-0.2\SolarBoardData\images\train\images-33-_jpg.rf.6926cff5311f33764a4df87e3fdcc51a.jpg...
2026-07-11 19:47:02,519 [INFO] (quantize_model.py #197, read_calibration_data): Load E:\Yolo-FastestV2-0.2\SolarBoardData\images\train\IMG-20230418-WA0058_jpg.rf.9a235d45a73ac4f1be7a2258dfa8b618.jpg...
2026-07-11 19:47:02,542 [INFO] (quantize_model.py #197, read_calibration_data): Load E:\Yolo-FastestV2-0.2\SolarBoardData\images\train\Imgdirty_838_1_jpg.rf.a4a6ae0f5f21b6a02230b422b865c6db.jpg...
2026-07-11 19:47:02,554 [INFO] (quantize_model.py #197, read_calibration_data): Load E:\Yolo-FastestV2-0.2\SolarBoardData\images\train\IMG-20230418-WA0053_jpg.rf.259cecd28ece428aacc2befb1fd21385.jpg...
2026-07-11 19:47:02,577 [INFO] (quantize_model.py #197, read_calibration_data): Load E:\Yolo-FastestV2-0.2\SolarBoardData\images\train\Imgdirty_337_1_jpg.rf.89b439391ff6d5e23fd70b634dcc8762.jpg...
2026-07-11 19:47:02,588 [INFO] (quantize_model.py #197, read_calibration_data): Load E:\Yolo-FastestV2-0.2\SolarBoardData\images\train\IMG_0408_jpg.rf.d9e70b58d1a359f891c66c5ee9ad0c55.jpg...
2026-07-11 19:47:02,596 [INFO] (quantize_model.py #197, read_calibration_data): Load E:\Yolo-FastestV2-0.2\SolarBoardData\images\train\Screenshot-2023-04-18-012044_png_jpg.rf.851bdc70fc5ef7607a3e85fa1a15580a.jpg...
2026-07-11 19:47:02,605 [INFO] (quantize_model.py #197, read_calibration_data): Load E:\Yolo-FastestV2-0.2\SolarBoardData\images\train\cracked-41-_jpg.rf.488a9de26db0b15a3924e33d6d9961de.jpg...
2026-07-11 19:47:02,613 [INFO] (quantize_model.py #197, read_calibration_data): Load E:\Yolo-FastestV2-0.2\SolarBoardData\images\train\Imgclean_259_0_jpg.rf.0014fb642c3cac9c58996f58afef864d.jpg...
2026-07-11 19:47:02,620 [INFO] (quantize_model.py #197, read_calibration_data): Load E:\Yolo-FastestV2-0.2\SolarBoardData\images\train\IMG_0407_jpg.rf.85e3418a7a95258d828badf7d17bb5c5.jpg...
2026-07-11 19:47:02,629 [INFO] (quantize_model.py #197, read_calibration_data): Load E:\Yolo-FastestV2-0.2\SolarBoardData\images\train\pv_crack-96-_jpg.rf.5f740c061f2fb33c0466f9facd581ffb.jpg...
2026-07-11 19:47:02,637 [INFO] (quantize_model.py #197, read_calibration_data): Load E:\Yolo-FastestV2-0.2\SolarBoardData\images\train\cracked-66-_jpg.rf.a5d1c001a7450574adcef3ef20ad9064.jpg...
2026-07-11 19:47:02,646 [INFO] (quantize_model.py #197, read_calibration_data): Load E:\Yolo-FastestV2-0.2\SolarBoardData\images\train\WhatsApp-Image-2023-03-20-at-19-19-21_jpeg_jpg.rf.f0cb45ba006cdbd3091e1a88c34bfa29.jpg...
2026-07-11 19:47:02,654 [INFO] (quantize_model.py #197, read_calibration_data): Load E:\Yolo-FastestV2-0.2\SolarBoardData\images\train\Imgdirty_235_1_jpg.rf.9392a664178c4de3b8aed15d146b05fa.jpg...
2026-07-11 19:47:02,664 [INFO] (quantize_model.py #197, read_calibration_data): Load E:\Yolo-FastestV2-0.2\SolarBoardData\images\train\IMG_0391_jpg.rf.a88045e09e4b6efb33b08b7dd752af5f.jpg...
2026-07-11 19:47:02,674 [INFO] (quantize_model.py #197, read_calibration_data): Load E:\Yolo-FastestV2-0.2\SolarBoardData\images\train\good-cf110245-fe6f-11ed-affd-5c60ba7633ae_jpg.rf.89ba1e6342e954ed1e12474458d0fac1.jpg...
2026-07-11 19:47:02,681 [INFO] (quantize_model.py #197, read_calibration_data): Load E:\Yolo-FastestV2-0.2\SolarBoardData\images\train\Screenshot-2023-04-18-012316_png_jpg.rf.b1d9e45dbf9e4f57b27e756a8583d813.jpg...
2026-07-11 19:47:02,689 [INFO] (quantize_model.py #197, read_calibration_data): Load E:\Yolo-FastestV2-0.2\SolarBoardData\images\train\pv_crack-172-_jpg.rf.f5023670ec2082dd62c39e00b7c1d824.jpg...
2026-07-11 19:47:02,698 [INFO] (quantize_model.py #197, read_calibration_data): Load E:\Yolo-FastestV2-0.2\SolarBoardData\images\train\Imgdirty_679_1_jpg.rf.96385f8d2adf9625dc5ac04da677f325.jpg...
2026-07-11 19:47:02,706 [INFO] (quantize_model.py #197, read_calibration_data): Load E:\Yolo-FastestV2-0.2\SolarBoardData\images\train\IMG_0427_jpg.rf.15a8566e6761d808d6f552269f8e9720.jpg...
2026-07-11 19:47:02,715 [INFO] (quantize_model.py #197, read_calibration_data): Load E:\Yolo-FastestV2-0.2\SolarBoardData\images\train\pv_crack-175-_jpg.rf.aaa14856fd241a2666cfe80dc5f9efa6.jpg...
2026-07-11 19:47:02,723 [INFO] (quantize_model.py #197, read_calibration_data): Load E:\Yolo-FastestV2-0.2\SolarBoardData\images\train\Imgdirty_442_1_jpg.rf.0a48b411166f737b5f270830d797aabd.jpg...
2026-07-11 19:47:02,749 [INFO] (quantize_model.py #197, read_calibration_data): Load E:\Yolo-FastestV2-0.2\SolarBoardData\images\train\IMG_20230323_171047_jpg.rf.9f80ca086ede3d93874c1012495e786a.jpg...
2026-07-11 19:47:02,758 [INFO] (quantize_model.py #197, read_calibration_data): Load E:\Yolo-FastestV2-0.2\SolarBoardData\images\train\Imgdirty_150_1_jpg.rf.4054e2a2393f52813971ea349a52169c.jpg...
2026-07-11 19:47:02,807 [INFO] (quantize_model.py #197, read_calibration_data): Load E:\Yolo-FastestV2-0.2\SolarBoardData\images\train\cracked-69-_jpg.rf.a257298ea0ef3cc35ef99f31a3ffe345.jpg...
2026-07-11 19:47:02,815 [INFO] (quantize_model.py #197, read_calibration_data): Load E:\Yolo-FastestV2-0.2\SolarBoardData\images\train\Rusak909_jpg.rf.dfb7deb6e7c0cdb45ee48e1b89d5950b.jpg...
2026-07-11 19:47:02,824 [INFO] (quantize_model.py #197, read_calibration_data): Load E:\Yolo-FastestV2-0.2\SolarBoardData\images\train\Imgdirty_543_1_jpg.rf.e51c31af298942f103d6b7f507e625df.jpg...
2026-07-11 19:47:02,838 [INFO] (quantize_model.py #197, read_calibration_data): Load E:\Yolo-FastestV2-0.2\SolarBoardData\images\train\pv_crack-157-_jpg.rf.4c32effcc9567738025da3fa87deb612.jpg...
2026-07-11 19:47:02,846 [INFO] (quantize_model.py #197, read_calibration_data): Load E:\Yolo-FastestV2-0.2\SolarBoardData\images\train\IMG_0408_jpg.rf.ad600895f925d4bc9ceffdeadb99424e.jpg...
2026-07-11 19:47:02,854 [INFO] (quantize_model.py #197, read_calibration_data): Load E:\Yolo-FastestV2-0.2\SolarBoardData\images\train\IMG_0412_jpg.rf.38beeae186db6a2f3e3620e70fb24080.jpg...
2026-07-11 19:47:02,861 [INFO] (quantize_model.py #197, read_calibration_data): Load E:\Yolo-FastestV2-0.2\SolarBoardData\images\train\Crack_220_jpg.rf.8cb0c06d5427571f4bccd3d25f81ce37.jpg...
2026-07-11 19:47:02,870 [INFO] (quantize_model.py #197, read_calibration_data): Load E:\Yolo-FastestV2-0.2\SolarBoardData\images\train\IMG_20230323_170342_jpg.rf.9c456018fcfd9626bf0d4ae00f1bbfe4.jpg...
2026-07-11 19:47:02,878 [INFO] (quantize_model.py #197, read_calibration_data): Load E:\Yolo-FastestV2-0.2\SolarBoardData\images\train\Imgdirty_601_1_jpg.rf.c2be46d5db602e570cd0f4326b38c3d3.jpg...
2026-07-11 19:47:02,892 [INFO] (quantize_model.py #197, read_calibration_data): Load E:\Yolo-FastestV2-0.2\SolarBoardData\images\train\good-d2ada05e-fe6f-11ed-9f21-5c60ba7633ae_jpg.rf.6aa70ef438263499ba466ea4b93fda0a.jpg...
2026-07-11 19:47:02,901 [INFO] (quantize_model.py #197, read_calibration_data): Load E:\Yolo-FastestV2-0.2\SolarBoardData\images\train\WhatsApp-Image-2023-03-20-at-19-19-26_jpeg_jpg.rf.46b61a46e39ad139f755574d922bafaf.jpg...
2026-07-11 19:47:02,909 [INFO] (quantize_model.py #197, read_calibration_data): Load E:\Yolo-FastestV2-0.2\SolarBoardData\images\train\Imgdirty_127_1_jpg.rf.bd220ed23dadbf653562f8d9be7b0cb0.jpg...
2026-07-11 19:47:02,919 [INFO] (quantize_model.py #197, read_calibration_data): Load E:\Yolo-FastestV2-0.2\SolarBoardData\images\train\IMG_20230323_171321_jpg.rf.f73ad7ee7a295765183294c078d13cf9.jpg...
2026-07-11 19:47:02,927 [INFO] (quantize_model.py #197, read_calibration_data): Load E:\Yolo-FastestV2-0.2\SolarBoardData\images\train\IMG_0409_jpg.rf.fff0c583172e68f6b8cdf6265e890c4b.jpg...
2026-07-11 19:47:02,935 [INFO] (quantize_model.py #197, read_calibration_data): Load E:\Yolo-FastestV2-0.2\SolarBoardData\images\train\solar_Fri_Jun_30_11__39__41_2017_L_0-753945929051_I_0-501882352941_jpg.rf.1ac9253f21fdbc75da07b94244f7a336.jpg...
2026-07-11 19:47:02,940 [INFO] (quantize_model.py #197, read_calibration_data): Load E:\Yolo-FastestV2-0.2\SolarBoardData\images\train\cracked-f0c72d6f-fe6f-11ed-a636-5c60ba7633ae_jpg.rf.b5e0421682c9b15a17a75a2382200ffd.jpg...
2026-07-11 19:47:02,949 [INFO] (quantize_model.py #197, read_calibration_data): Load E:\Yolo-FastestV2-0.2\SolarBoardData\images\train\IMG_0421_jpg.rf.4dd133a214b87e12f38fa0048b0f03b8.jpg...
2026-07-11 19:47:02,957 [INFO] (quantize_model.py #197, read_calibration_data): Load E:\Yolo-FastestV2-0.2\SolarBoardData\images\train\pv_crack-182-_jpg.rf.05f51dc76efe5c547629bd33568cb7bd.jpg...
2026-07-11 19:47:02,966 [INFO] (quantize_model.py #197, read_calibration_data): Load E:\Yolo-FastestV2-0.2\SolarBoardData\images\train\IMG_20230323_170659_jpg.rf.594fe91d2d0579a26071ebdb743a2821.jpg...
2026-07-11 19:47:02,974 [INFO] (quantize_model.py #197, read_calibration_data): Load E:\Yolo-FastestV2-0.2\SolarBoardData\images\train\pv_crack-179-_jpg.rf.f8f5ba7a70cf26664d3f1f0c45268d3f.jpg...
2026-07-11 19:47:02,983 [INFO] (quantize_model.py #197, read_calibration_data): Load E:\Yolo-FastestV2-0.2\SolarBoardData\images\train\photo_2023-07-19_16-27-31-2-_jpg.rf.625cb8d29303db8efe169a5e1ed5e1c3.jpg...
2026-07-11 19:47:02,991 [INFO] (quantize_model.py #197, read_calibration_data): Load E:\Yolo-FastestV2-0.2\SolarBoardData\images\train\Imgdirty_756_1_jpg.rf.706d0ca2414054eed148824573a91b07.jpg...
2026-07-11 19:47:03,003 [INFO] (quantize_model.py #197, read_calibration_data): Load E:\Yolo-FastestV2-0.2\SolarBoardData\images\train\IMG-20230418-WA0038_jpg.rf.4f7d61b4a5bf6eac20fd36a17599e2f4.jpg...
2026-07-11 19:47:03,011 [INFO] (quantize_model.py #197, read_calibration_data): Load E:\Yolo-FastestV2-0.2\SolarBoardData\images\train\cracked-55-_jpg.rf.d239a1ea16dade42836f6beb077a6f55.jpg...
2026-07-11 19:47:03,021 [INFO] (quantize_model.py #197, read_calibration_data): Load E:\Yolo-FastestV2-0.2\SolarBoardData\images\train\photo_2023-07-19_16-27-32_jpg.rf.43367597d83e1855628b6480bfbd5c5c.jpg...
2026-07-11 19:47:03,028 [INFO] (quantize_model.py #197, read_calibration_data): Load E:\Yolo-FastestV2-0.2\SolarBoardData\images\train\Screenshot-2023-04-02-002532_png_jpg.rf.fedfe78c1b2520c8a3af651cca366044.jpg...
2026-07-11 19:47:03,036 [INFO] (quantize_model.py #197, read_calibration_data): Load E:\Yolo-FastestV2-0.2\SolarBoardData\images\train\IMG_20230325_113719_jpg.rf.05de0859816ae44641131ac0b495b538.jpg...
2026-07-11 19:47:03,045 [INFO] (quantize_model.py #197, read_calibration_data): Load E:\Yolo-FastestV2-0.2\SolarBoardData\images\train\Screenshot-2023-04-02-001348_png_jpg.rf.64af289fc22dcffaeea594c0be7116db.jpg...
2026-07-11 19:47:03,054 [INFO] (quantize_model.py #197, read_calibration_data): Load E:\Yolo-FastestV2-0.2\SolarBoardData\images\train\good-c9a4e5a6-fe6f-11ed-8112-5c60ba7633ae_jpg.rf.b1e8e18864aac832922f9d4b7176bdde.jpg...
2026-07-11 19:47:03,062 [INFO] (quantize_model.py #197, read_calibration_data): Load E:\Yolo-FastestV2-0.2\SolarBoardData\images\train\pv_crack-114-_jpg.rf.5071d751e1b801960e9e935472b7803b.jpg...
2026-07-11 19:47:03,071 [INFO] (quantize_model.py #197, read_calibration_data): Load E:\Yolo-FastestV2-0.2\SolarBoardData\images\train\Imgdirty_187_1_jpg.rf.1c7d0fc22ed6df12557234cebd3f2f8d.jpg...
2026-07-11 19:47:03,094 [INFO] (quantize_model.py #197, read_calibration_data): Load E:\Yolo-FastestV2-0.2\SolarBoardData\images\train\WhatsApp-Image-2023-03-20-at-19-19-28-1-_jpeg_jpg.rf.b4fcf89d677619926bb408bc651023c9.jpg...
2026-07-11 19:47:03,102 [INFO] (quantize_model.py #197, read_calibration_data): Load E:\Yolo-FastestV2-0.2\SolarBoardData\images\train\WhatsApp-Image-2023-03-20-at-19-19-21-2-_jpeg_jpg.rf.80fa70c6885135a9607c6b65a5d3356a.jpg...
2026-07-11 19:47:03,109 [INFO] (quantize_model.py #197, read_calibration_data): Load E:\Yolo-FastestV2-0.2\SolarBoardData\images\train\images-3-_jpg.rf.6f7791b965bcfd20bc7ad7ce4bde9046.jpg...
2026-07-11 19:47:03,115 [INFO] (quantize_model.py #197, read_calibration_data): Load E:\Yolo-FastestV2-0.2\SolarBoardData\images\train\Imgdirty_629_1_jpg.rf.6c7b93ac92f4d366abdd2507a173dcff.jpg...
2026-07-11 19:47:03,140 [INFO] (quantize_model.py #197, read_calibration_data): Load E:\Yolo-FastestV2-0.2\SolarBoardData\images\train\Imgdirty_723_1_jpg.rf.87ae9c8ff04f318c823fea93355657a2.jpg...
2026-07-11 19:47:03,167 [INFO] (quantize_model.py #197, read_calibration_data): Load E:\Yolo-FastestV2-0.2\SolarBoardData\images\train\cracked-f295ae67-fe6f-11ed-ae1c-5c60ba7633ae_jpg.rf.0bc73fa421cc80de3bb30a237656278c.jpg...
2026-07-11 19:47:03,176 [INFO] (quantize_model.py #197, read_calibration_data): Load E:\Yolo-FastestV2-0.2\SolarBoardData\images\train\cracked-ed29701c-fe6f-11ed-a2d7-5c60ba7633ae_jpg.rf.981e5bfe26a0be5ddbba61792ed67b09.jpg...
2026-07-11 19:47:03,184 [INFO] (quantize_model.py #197, read_calibration_data): Load E:\Yolo-FastestV2-0.2\SolarBoardData\images\train\IMG_20230324_162010_jpg.rf.7b9a61a99c7b2c646d0539ca989dac70.jpg...
2026-07-11 19:47:03,193 [INFO] (quantize_model.py #197, read_calibration_data): Load E:\Yolo-FastestV2-0.2\SolarBoardData\images\train\cracked-fba08fe1-fe6f-11ed-9db8-5c60ba7633ae_jpg.rf.c006671931f6c3dbeb7b1d36af190a85.jpg...
2026-07-11 19:47:03,201 [INFO] (quantize_model.py #197, read_calibration_data): Load E:\Yolo-FastestV2-0.2\SolarBoardData\images\train\WhatsApp-Image-2023-03-20-at-19-18-54_jpeg_jpg.rf.8324d3250bf50c3aca788bc57b70a97a.jpg...
2026-07-11 19:47:03,209 [INFO] (quantize_model.py #197, read_calibration_data): Load E:\Yolo-FastestV2-0.2\SolarBoardData\images\train\1677069179152_jpg.rf.f5ff781607941d2a7202ab4c0ef90066.jpg...
2026-07-11 19:47:03,218 [INFO] (quantize_model.py #197, read_calibration_data): Load E:\Yolo-FastestV2-0.2\SolarBoardData\images\train\cracked-416-_jpg.rf.ed10ccc13e7ec11dfaf6d3588fac1511.jpg...
2026-07-11 19:47:03,226 [INFO] (quantize_model.py #197, read_calibration_data): Load E:\Yolo-FastestV2-0.2\SolarBoardData\images\train\frame11_jpg.rf.5de06d201ee4d07db4e32ea302f72c50.jpg...
2026-07-11 19:47:03,235 [INFO] (quantize_model.py #197, read_calibration_data): Load E:\Yolo-FastestV2-0.2\SolarBoardData\images\train\IMG_20230324_115047_jpg.rf.3e394128ebb52c829724cf259dbfeafb.jpg...
2026-07-11 19:47:03,243 [INFO] (quantize_model.py #197, read_calibration_data): Load E:\Yolo-FastestV2-0.2\SolarBoardData\images\train\good-d0df07e1-fe6f-11ed-a98d-5c60ba7633ae_jpg.rf.baaef31fcb7d85d5c88e60176652eef4.jpg...
2026-07-11 19:47:03,251 [INFO] (quantize_model.py #197, read_calibration_data): Load E:\Yolo-FastestV2-0.2\SolarBoardData\images\train\Imgdirty_463_1_jpg.rf.28f72b13ba3c26af6045673fed8f62bd.jpg...
2026-07-11 19:47:03,261 [INFO] (quantize_model.py #197, read_calibration_data): Load E:\Yolo-FastestV2-0.2\SolarBoardData\images\train\Imgdirty_762_1_jpg.rf.000ed75cf6e11baffe07ca7d72e55bab.jpg...
2026-07-11 19:47:03,273 [INFO] (quantize_model.py #197, read_calibration_data): Load E:\Yolo-FastestV2-0.2\SolarBoardData\images\train\Imgdirty_605_1_jpg.rf.727c6a9f4e0872eb57ae859563417e74.jpg...
2026-07-11 19:47:03,284 [INFO] (quantize_model.py #197, read_calibration_data): Load E:\Yolo-FastestV2-0.2\SolarBoardData\images\train\cracked-309-_jpg.rf.0fea7d73ce4265416dee7ca976f9aab2.jpg...
2026-07-11 19:47:03,292 [INFO] (quantize_model.py #197, read_calibration_data): Load E:\Yolo-FastestV2-0.2\SolarBoardData\images\train\Screenshot-2023-04-01-182019_png_jpg.rf.4282d9b6082bc924e9a112d9c1948c57.jpg...
2026-07-11 19:47:03,301 [INFO] (quantize_model.py #197, read_calibration_data): Load E:\Yolo-FastestV2-0.2\SolarBoardData\images\train\Screenshot-2023-04-02-000751_png.rf.7e42c30356fca68f0e88759f12ec5105.jpg...
2026-07-11 19:47:03,312 [INFO] (quantize_model.py #197, read_calibration_data): Load E:\Yolo-FastestV2-0.2\SolarBoardData\images\train\IMG_0400_jpg.rf.10adf9ec0430a717a8b81fc3fb181685.jpg...
2026-07-11 19:47:03,321 [INFO] (quantize_model.py #197, read_calibration_data): Load E:\Yolo-FastestV2-0.2\SolarBoardData\images\train\Imgdirty_434_1_jpg.rf.1c2ab825be144348261ba05e05fa40bc.jpg...
2026-07-11 19:47:03,382 [INFO] (quantize_model.py #197, read_calibration_data): Load E:\Yolo-FastestV2-0.2\SolarBoardData\images\train\Rusak943_jpg.rf.5602522e29d5cb6a8de621b0fda0d033.jpg...
2026-07-11 19:47:03,390 [INFO] (quantize_model.py #197, read_calibration_data): Load E:\Yolo-FastestV2-0.2\SolarBoardData\images\train\IMG_0389_jpg.rf.907e579a5c338358bfc9dd0ca4f092d5.jpg...
2026-07-11 19:47:03,399 [INFO] (quantize_model.py #197, read_calibration_data): Load E:\Yolo-FastestV2-0.2\SolarBoardData\images\train\cracked-f6339856-fe6f-11ed-ad7d-5c60ba7633ae_jpg.rf.c3f75c57e6d639463cf46c9f19f28011.jpg...
2026-07-11 19:47:03,408 [INFO] (quantize_model.py #197, read_calibration_data): Load E:\Yolo-FastestV2-0.2\SolarBoardData\images\train\Screenshot-2023-04-02-001042_png_jpg.rf.8170c65babfa53ef8842a61a6a3efb06.jpg...
2026-07-11 19:47:03,416 [INFO] (quantize_model.py #197, read_calibration_data): Load E:\Yolo-FastestV2-0.2\SolarBoardData\images\train\good-a3be7f11-fe6f-11ed-a7bd-5c60ba7633ae_jpg.rf.548e362d7c3e3f0d3619702a30d96bc7.jpg...
2026-07-11 19:47:03,424 [INFO] (quantize_model.py #197, read_calibration_data): Load E:\Yolo-FastestV2-0.2\SolarBoardData\images\train\cracked-422-_jpg.rf.e2b20571e7fca498a189d8f2fae06729.jpg...
2026-07-11 19:47:03,431 [INFO] (quantize_model.py #197, read_calibration_data): Load E:\Yolo-FastestV2-0.2\SolarBoardData\images\train\IMG_8576_jpg.rf.5a6b89987662b31339a5f65084749f35.jpg...
2026-07-11 19:47:03,440 [INFO] (quantize_model.py #197, read_calibration_data): Load E:\Yolo-FastestV2-0.2\SolarBoardData\images\train\WhatsApp-Image-2023-03-20-at-19-18-54_jpeg_jpg.rf.396b8e263390dc3776b018562e6fb9be.jpg...
2026-07-11 19:47:03,448 [INFO] (quantize_model.py #197, read_calibration_data): Load E:\Yolo-FastestV2-0.2\SolarBoardData\images\train\images-30-_jpg.rf.34a30b58c455259bae5a01384e6e9844.jpg...
2026-07-11 19:47:03,456 [INFO] (quantize_model.py #197, read_calibration_data): Load E:\Yolo-FastestV2-0.2\SolarBoardData\images\train\Imgdirty_592_1_jpg.rf.5dd53f4a7b5c84f8c73c417761ebdbee.jpg...
2026-07-11 19:47:03,485 [INFO] (quantize_model.py #197, read_calibration_data): Load E:\Yolo-FastestV2-0.2\SolarBoardData\images\train\images-30-_jpg.rf.1a70a94893a08f4d22e77a1da49e036a.jpg...
2026-07-11 19:47:03,492 [INFO] (quantize_model.py #197, read_calibration_data): Load E:\Yolo-FastestV2-0.2\SolarBoardData\images\train\IMG_8598_jpg.rf.b1bdd69ec4867010d7eacc204f223ef9.jpg...
2026-07-11 19:47:03,502 [INFO] (quantize_model.py #197, read_calibration_data): Load E:\Yolo-FastestV2-0.2\SolarBoardData\images\train\cracked-aa528bb0-fe6f-11ed-aeff-5c60ba7633ae_jpg.rf.7f656f35ee3af92872f75440a90cb377.jpg...
2026-07-11 19:47:03,510 [INFO] (quantize_model.py #197, read_calibration_data): Load E:\Yolo-FastestV2-0.2\SolarBoardData\images\train\WhatsApp-Image-2023-03-20-at-19-19-26-1-_jpeg_jpg.rf.82566a48742af01885a427d5a4fe2a28.jpg...
2026-07-11 19:47:03,519 [INFO] (quantize_model.py #197, read_calibration_data): Load E:\Yolo-FastestV2-0.2\SolarBoardData\images\train\Crack_220_jpg.rf.9c1fb6182352482a1128155113665cc0.jpg...
2026-07-11 19:47:03,528 [INFO] (quantize_model.py #197, read_calibration_data): Load E:\Yolo-FastestV2-0.2\SolarBoardData\images\train\Imgdirty_1032_1_jpg.rf.fd8c9ee839137c49648767857708b675.jpg...
2026-07-11 19:47:03,537 [INFO] (quantize_model.py #197, read_calibration_data): Load E:\Yolo-FastestV2-0.2\SolarBoardData\images\train\Rusak878_jpg.rf.39f30caabe26beaf0651630959e217a9.jpg...
2026-07-11 19:47:03,546 [INFO] (quantize_model.py #197, read_calibration_data): Load E:\Yolo-FastestV2-0.2\SolarBoardData\images\train\pv_crack-127-_jpg.rf.18f1ffbd61f6b13612388f15c8e3620c.jpg...
2026-07-11 19:47:03,556 [INFO] (quantize_model.py #197, read_calibration_data): Load E:\Yolo-FastestV2-0.2\SolarBoardData\images\train\good-cd420062-fe6f-11ed-951b-5c60ba7633ae_jpg.rf.9f6535ded68dc3a51d1c8b5a12c46cb9.jpg...
2026-07-11 19:47:03,565 [INFO] (quantize_model.py #197, read_calibration_data): Load E:\Yolo-FastestV2-0.2\SolarBoardData\images\train\Screenshot-2023-04-02-001819_png_jpg.rf.cde2642a47c162edb549550de1db598d.jpg...
2026-07-11 19:47:03,575 [INFO] (quantize_model.py #197, read_calibration_data): Load E:\Yolo-FastestV2-0.2\SolarBoardData\images\train\WhatsApp-Image-2023-03-20-at-19-18-55-1-_jpeg_jpg.rf.015b8b2f27452df1ea006341b3abf081.jpg...
2026-07-11 19:47:03,585 [INFO] (quantize_model.py #197, read_calibration_data): Load E:\Yolo-FastestV2-0.2\SolarBoardData\images\train\Imgdirty_156_1_jpg.rf.9334b28d09d8dd0ac97701bc966a882b.jpg...
2026-07-11 19:47:03,634 [INFO] (quantize_model.py #197, read_calibration_data): Load E:\Yolo-FastestV2-0.2\SolarBoardData\images\train\Crack_253_jpg.rf.2fb643a9c07ce062d3e456223a8ddc85.jpg...
2026-07-11 19:47:03,642 [INFO] (quantize_model.py #197, read_calibration_data): Load E:\Yolo-FastestV2-0.2\SolarBoardData\images\train\Imgdirty_402_1_jpg.rf.f867e0741312ca3ba335e802ee88a7a3.jpg...
2026-07-11 19:47:03,662 [INFO] (quantize_model.py #197, read_calibration_data): Load E:\Yolo-FastestV2-0.2\SolarBoardData\images\train\good-e4c24e15-fe6f-11ed-986d-5c60ba7633ae_jpg.rf.c623d7f954e8724895cbf15bfdeb1bd0.jpg...
2026-07-11 19:47:03,671 [INFO] (quantize_model.py #197, read_calibration_data): Load E:\Yolo-FastestV2-0.2\SolarBoardData\images\train\Imgdirty_978_1_jpg.rf.6df2c9556edac38463d911444b9969c7.jpg...
2026-07-11 19:47:03,679 [INFO] (quantize_model.py #197, read_calibration_data): Load E:\Yolo-FastestV2-0.2\SolarBoardData\images\train\Imgdirty_242_1_jpg.rf.e164745968eeaba0350660a0e3cab9d8.jpg...
2026-07-11 19:47:03,690 [INFO] (quantize_model.py #197, read_calibration_data): Load E:\Yolo-FastestV2-0.2\SolarBoardData\images\train\Imgdirty_817_1_jpg.rf.b8619c1f04464f20cc64ca80cb450521.jpg...
2026-07-11 19:47:03,696 [INFO] (quantize_model.py #197, read_calibration_data): Load E:\Yolo-FastestV2-0.2\SolarBoardData\images\train\WhatsApp-Image-2023-03-20-at-19-18-54_jpeg_jpg.rf.1528b7501f82b6830f22fb21855bd81f.jpg...
2026-07-11 19:47:03,706 [INFO] (quantize_model.py #197, read_calibration_data): Load E:\Yolo-FastestV2-0.2\SolarBoardData\images\train\IMG_0389_jpg.rf.fd8229ebec586e9bc7cac66f8bdc349f.jpg...
2026-07-11 19:47:03,715 [INFO] (quantize_model.py #197, read_calibration_data): Load E:\Yolo-FastestV2-0.2\SolarBoardData\images\train\Imgdirty_249_1_jpg.rf.2b8d8bc1d1817e463a300d609be2fac0.jpg...
2026-07-11 19:47:03,726 [INFO] (quantize_model.py #197, read_calibration_data): Load E:\Yolo-FastestV2-0.2\SolarBoardData\images\train\IMG_0402_jpg.rf.e8372dc4a8197ae3c854185d4bb0ba1d.jpg...
2026-07-11 19:47:03,736 [INFO] (quantize_model.py #197, read_calibration_data): Load E:\Yolo-FastestV2-0.2\SolarBoardData\images\train\Imgdirty_751_1_jpg.rf.44b8305d3d1f34b4b82fdb632e2f4d0c.jpg...
2026-07-11 19:47:03,755 [INFO] (quantize_model.py #197, read_calibration_data): Load E:\Yolo-FastestV2-0.2\SolarBoardData\images\train\IMG_0391_jpg.rf.fd92dae31e1a72f95507cace31717ffb.jpg...
2026-07-11 19:47:03,764 [INFO] (quantize_model.py #197, read_calibration_data): Load E:\Yolo-FastestV2-0.2\SolarBoardData\images\train\cracked-51-_jpg.rf.9aff1ef838f8ace521c72d69a334af76.jpg...
2026-07-11 19:47:03,775 [INFO] (quantize_model.py #197, read_calibration_data): Load E:\Yolo-FastestV2-0.2\SolarBoardData\images\train\photo_2023-07-19_16-27-30_jpg.rf.00b43b8d0b1a71f0cd51a862cf91affb.jpg...
2026-07-11 19:47:03,785 [INFO] (quantize_model.py #197, read_calibration_data): Load E:\Yolo-FastestV2-0.2\SolarBoardData\images\train\IMG-20230418-WA0018_jpg.rf.0964928acc88e9ec6516f9a419f92d97.jpg...
2026-07-11 19:47:03,794 [INFO] (quantize_model.py #197, read_calibration_data): Load E:\Yolo-FastestV2-0.2\SolarBoardData\images\train\Screenshot-2023-04-02-002554_png_jpg.rf.654096a40f72ddf6a9e717658a3b61c4.jpg...
2026-07-11 19:47:03,804 [INFO] (quantize_model.py #197, read_calibration_data): Load E:\Yolo-FastestV2-0.2\SolarBoardData\images\train\solar_Fri_Jun_30_10__33__29_2017_L_0-755563621964_I_0-594196078431_jpg.rf.46bebac63396261c4222dd0441857b8b.jpg...
2026-07-11 19:47:03,810 [INFO] (quantize_model.py #197, read_calibration_data): Load E:\Yolo-FastestV2-0.2\SolarBoardData\images\train\Rusak947_jpg.rf.83add35d1b4ec186fe05bd982f30f8f5.jpg...
2026-07-11 19:47:03,821 [INFO] (quantize_model.py #197, read_calibration_data): Load E:\Yolo-FastestV2-0.2\SolarBoardData\images\train\IMG_20230324_114425_jpg.rf.b40813cae6213e9b64225a17eb4a6a89.jpg...
2026-07-11 19:47:03,830 [INFO] (quantize_model.py #197, read_calibration_data): Load E:\Yolo-FastestV2-0.2\SolarBoardData\images\train\cracked-404-_jpg.rf.c6271cb0b85a42fe473cbdd3ad37d4ac.jpg...
2026-07-11 19:47:03,840 [INFO] (quantize_model.py #197, read_calibration_data): Load E:\Yolo-FastestV2-0.2\SolarBoardData\images\train\IMG_0439_jpg.rf.8002c29b10e5db37fddf191e4be3816a.jpg...
2026-07-11 19:47:03,851 [INFO] (quantize_model.py #197, read_calibration_data): Load E:\Yolo-FastestV2-0.2\SolarBoardData\images\train\solar_Wed_Jun_14_9__54__27_2017_L_0-108195646473_I_0-299058823529_jpg.rf.df0efd6b7633ccb6a4e1f4a58eb8bf19.jpg...
2026-07-11 19:47:03,859 [INFO] (quantize_model.py #197, read_calibration_data): Load E:\Yolo-FastestV2-0.2\SolarBoardData\images\train\Screenshot-2023-04-18-012538_png_jpg.rf.236c33be9a3b79ef37d0efc105d59a92.jpg...
2026-07-11 19:47:03,869 [INFO] (quantize_model.py #197, read_calibration_data): Load E:\Yolo-FastestV2-0.2\SolarBoardData\images\train\Imgdirty_96_1_jpg.rf.320644e56515d49fee76c4d88858763d.jpg...
2026-07-11 19:47:03,877 [INFO] (quantize_model.py #197, read_calibration_data): Load E:\Yolo-FastestV2-0.2\SolarBoardData\images\train\cracked-424-_jpg.rf.dc28af7a96553eb1bc565381b1e26e25.jpg...
2026-07-11 19:47:03,886 [INFO] (quantize_model.py #197, read_calibration_data): Load E:\Yolo-FastestV2-0.2\SolarBoardData\images\train\Imgdirty_721_1_jpg.rf.6373426a233d709a2021b02d62976401.jpg...
2026-07-11 19:47:03,914 [INFO] (quantize_model.py #197, read_calibration_data): Load E:\Yolo-FastestV2-0.2\SolarBoardData\images\train\cracked-4-_jpg.rf.10377f3ab3f4b5706766f43472705e07.jpg...
2026-07-11 19:47:03,923 [INFO] (quantize_model.py #197, read_calibration_data): Load E:\Yolo-FastestV2-0.2\SolarBoardData\images\train\Imgdirty_190_1_jpg.rf.021afdbe2a1eee15b80fa4a922f171af.jpg...
2026-07-11 19:47:03,931 [INFO] (quantize_model.py #197, read_calibration_data): Load E:\Yolo-FastestV2-0.2\SolarBoardData\images\train\Imgdirty_277_1_jpg.rf.ddd77ee503f87835a4c9b5e23568263c.jpg...
2026-07-11 19:47:03,943 [INFO] (quantize_model.py #197, read_calibration_data): Load E:\Yolo-FastestV2-0.2\SolarBoardData\images\train\IMG-20230418-WA0033_jpg.rf.c37d083b3f00f4996b6b9c2d6443a754.jpg...
2026-07-11 19:47:03,953 [INFO] (quantize_model.py #197, read_calibration_data): Load E:\Yolo-FastestV2-0.2\SolarBoardData\images\train\pv_crack-179-_jpg.rf.2ecdabd454f6e9dcf6dd0fd06208323d.jpg...
2026-07-11 19:47:03,963 [INFO] (quantize_model.py #197, read_calibration_data): Load E:\Yolo-FastestV2-0.2\SolarBoardData\images\train\Imgdirty_223_1_jpg.rf.3d00f1c05f796e52042253feb8b98616.jpg...
2026-07-11 19:47:03,974 [INFO] (quantize_model.py #197, read_calibration_data): Load E:\Yolo-FastestV2-0.2\SolarBoardData\images\train\IMG_0409_jpg.rf.5b9abbfbbe8be09396298a7074d19474.jpg...
2026-07-11 19:47:03,984 [INFO] (quantize_model.py #197, read_calibration_data): Load E:\Yolo-FastestV2-0.2\SolarBoardData\images\train\FHvEcY-XsAYWn_7_jpeg_jpg.rf.0d6e12ccc451741700adbb1b5b8ff6c3.jpg...
2026-07-11 19:47:03,995 [INFO] (quantize_model.py #197, read_calibration_data): Load E:\Yolo-FastestV2-0.2\SolarBoardData\images\train\IMG_0403_jpg.rf.d9c9649bf22c319484ccc1a0f1ee2cee.jpg...
2026-07-11 19:47:04,006 [INFO] (quantize_model.py #197, read_calibration_data): Load E:\Yolo-FastestV2-0.2\SolarBoardData\images\train\pv_crack-17-_jpg.rf.01c16971bbaaa32549a88dd6e4955b2d.jpg...
2026-07-11 19:47:04,016 [INFO] (quantize_model.py #197, read_calibration_data): Load E:\Yolo-FastestV2-0.2\SolarBoardData\images\train\Imgdirty_335_1_jpg.rf.55b3cdf3ffecb2155d44b474d00f3549.jpg...
2026-07-11 19:47:04,029 [INFO] (quantize_model.py #197, read_calibration_data): Load E:\Yolo-FastestV2-0.2\SolarBoardData\images\train\Imgdirty_819_1_jpg.rf.21bb752a9cbb61fc52606eda901db8ad.jpg...
2026-07-11 19:47:04,042 [INFO] (quantize_model.py #197, read_calibration_data): Load E:\Yolo-FastestV2-0.2\SolarBoardData\images\train\IMG_20230323_170356_jpg.rf.68c7f05c44f5b95e9a5cc15745a85110.jpg...
2026-07-11 19:47:04,052 [INFO] (quantize_model.py #197, read_calibration_data): Load E:\Yolo-FastestV2-0.2\SolarBoardData\images\train\pv_crack-32-_jpg.rf.30e5ae513afac7d6a43aa105dbe88354.jpg...
2026-07-11 19:47:04,061 [INFO] (quantize_model.py #197, read_calibration_data): Load E:\Yolo-FastestV2-0.2\SolarBoardData\images\train\IMG_0407_jpg.rf.b208c6bfc4f11e05c978dd05ee96112d.jpg...
2026-07-11 19:47:04,071 [INFO] (quantize_model.py #197, read_calibration_data): Load E:\Yolo-FastestV2-0.2\SolarBoardData\images\train\WhatsApp-Image-2023-03-20-at-19-18-54-2-_jpeg_jpg.rf.0075dd41c2ea487fcce1a2b728c3da7c.jpg...
2026-07-11 19:47:04,081 [INFO] (quantize_model.py #197, read_calibration_data): Load E:\Yolo-FastestV2-0.2\SolarBoardData\images\train\pv_crack-137-_jpg.rf.979f9e8ff01c0996ec1c6d5908631813.jpg...
2026-07-11 19:47:04,089 [INFO] (quantize_model.py #197, read_calibration_data): Load E:\Yolo-FastestV2-0.2\SolarBoardData\images\train\Imgclean_140_0_jpg.rf.0c7be4cbb183d4f4b04763e0bfef8d67.jpg...
2026-07-11 19:47:04,099 [INFO] (quantize_model.py #197, read_calibration_data): Load E:\Yolo-FastestV2-0.2\SolarBoardData\images\train\IMG_20230324_171802_jpg.rf.2ad69d7dfbb655363e60c50b60db13bd.jpg...
2026-07-11 19:47:04,109 [INFO] (quantize_model.py #197, read_calibration_data): Load E:\Yolo-FastestV2-0.2\SolarBoardData\images\train\IMG_0392_jpg.rf.41edb020301186739f308408a60667b9.jpg...
2026-07-11 19:47:04,118 [INFO] (quantize_model.py #197, read_calibration_data): Load E:\Yolo-FastestV2-0.2\SolarBoardData\images\train\Imgdirty_634_1_jpg.rf.19dfb444ccbfe426966462a6a26c4593.jpg...
2026-07-11 19:47:04,148 [INFO] (quantize_model.py #197, read_calibration_data): Load E:\Yolo-FastestV2-0.2\SolarBoardData\images\train\Screenshot-2023-04-01-181128_png_jpg.rf.8a9fdd234b323af1660e5c143396f8c9.jpg...
2026-07-11 19:47:04,156 [INFO] (quantize_model.py #197, read_calibration_data): Load E:\Yolo-FastestV2-0.2\SolarBoardData\images\train\cracked-363-_jpg.rf.b489baafe0904219f508e683545bd2d9.jpg...
2026-07-11 19:47:04,166 [INFO] (quantize_model.py #197, read_calibration_data): Load E:\Yolo-FastestV2-0.2\SolarBoardData\images\train\images-33-_jpg.rf.66c9b4fa8787f89b8a8fdc628db06fee.jpg...
2026-07-11 19:47:04,175 [INFO] (quantize_model.py #197, read_calibration_data): Load E:\Yolo-FastestV2-0.2\SolarBoardData\images\train\pv_crack-15-_jpg.rf.7ee39a4fc84e91ddb59d69ff8d3d08d4.jpg...
2026-07-11 19:47:04,185 [INFO] (quantize_model.py #197, read_calibration_data): Load E:\Yolo-FastestV2-0.2\SolarBoardData\images\train\good-e4c24e15-fe6f-11ed-986d-5c60ba7633ae_jpg.rf.a4467da4a7d2cef352223c3bd6c64ae1.jpg...
2026-07-11 19:47:04,194 [INFO] (quantize_model.py #197, read_calibration_data): Load E:\Yolo-FastestV2-0.2\SolarBoardData\images\train\photo_2023-07-19_16-27-46_jpg.rf.b11bbb9804e2c1c7dbc4f9f4c0e3e26a.jpg...
2026-07-11 19:47:04,203 [INFO] (quantize_model.py #197, read_calibration_data): Load E:\Yolo-FastestV2-0.2\SolarBoardData\images\train\cracked-65-_jpg.rf.173d53115f7602e06f464ccea5b51b8e.jpg...
2026-07-11 19:47:04,211 [INFO] (quantize_model.py #197, read_calibration_data): Load E:\Yolo-FastestV2-0.2\SolarBoardData\images\train\good-d47d48f1-fe6f-11ed-9a5f-5c60ba7633ae_jpg.rf.1678a316cebd9e49368688f7516086fc.jpg...
2026-07-11 19:47:04,220 [INFO] (quantize_model.py #197, read_calibration_data): Load E:\Yolo-FastestV2-0.2\SolarBoardData\images\train\IMG_0419_jpg.rf.1cec7e4d4ecb446e80aec31bf50e872d.jpg...
2026-07-11 19:47:04,228 [INFO] (quantize_model.py #197, read_calibration_data): Load E:\Yolo-FastestV2-0.2\SolarBoardData\images\train\pv_crack-31-_jpg.rf.b30d72efcc9b36fae104ee3cdb45248b.jpg...
2026-07-11 19:47:04,238 [INFO] (quantize_model.py #197, read_calibration_data): Load E:\Yolo-FastestV2-0.2\SolarBoardData\images\train\Screenshot-2023-04-21-211102_png_jpg.rf.9c5a794ccb59aabf4a38ef2d4ae1329b.jpg...
2026-07-11 19:47:04,247 [INFO] (quantize_model.py #197, read_calibration_data): Load E:\Yolo-FastestV2-0.2\SolarBoardData\images\train\cracked-0675b62b-fe70-11ed-88cb-5c60ba7633ae_jpg.rf.21cb5792c60e3621acc693f0d11c88dc.jpg...
2026-07-11 19:47:04,257 [INFO] (quantize_model.py #197, read_calibration_data): Load E:\Yolo-FastestV2-0.2\SolarBoardData\images\train\IMG_0395_jpg.rf.665827a0a38ded9d3286fcde8a1b2e0c.jpg...
2026-07-11 19:47:04,267 [INFO] (quantize_model.py #197, read_calibration_data): Load E:\Yolo-FastestV2-0.2\SolarBoardData\images\train\IMG_8583_jpg.rf.3b505cb594db4b42a902129d9cdcee9e.jpg...
2026-07-11 19:47:04,277 [INFO] (quantize_model.py #197, read_calibration_data): Load E:\Yolo-FastestV2-0.2\SolarBoardData\images\train\cracked-f0c72d6f-fe6f-11ed-a636-5c60ba7633ae_jpg.rf.e8102177a6de8d4d9347262fa98704ab.jpg...
2026-07-11 19:47:04,287 [INFO] (quantize_model.py #197, read_calibration_data): Load E:\Yolo-FastestV2-0.2\SolarBoardData\images\train\IMG_0415_jpg.rf.2b034df113aafd3c8c4ef0d6dba4e440.jpg...
2026-07-11 19:47:04,297 [INFO] (quantize_model.py #197, read_calibration_data): Load E:\Yolo-FastestV2-0.2\SolarBoardData\images\train\IMG-20230418-WA0056_jpg.rf.b16578e7c18906303f0661ab61b3f4ea.jpg...
2026-07-11 19:47:04,322 [INFO] (quantize_model.py #197, read_calibration_data): Load E:\Yolo-FastestV2-0.2\SolarBoardData\images\train\Imgdirty_686_1_jpg.rf.51a15614be97f2dece063360d8178a07.jpg...
2026-07-11 19:47:04,330 [INFO] (quantize_model.py #197, read_calibration_data): Load E:\Yolo-FastestV2-0.2\SolarBoardData\images\train\Imgclean_34_0_jpg.rf.64564d21fee795b4a0ff7df8313e58bf.jpg...
2026-07-11 19:47:04,338 [INFO] (quantize_model.py #197, read_calibration_data): Load E:\Yolo-FastestV2-0.2\SolarBoardData\images\train\cracked-02d8e14c-fe70-11ed-8717-5c60ba7633ae_jpg.rf.85453ee9f2e2006058831a911d1e8ac0.jpg...
2026-07-11 19:47:04,349 [INFO] (quantize_model.py #197, read_calibration_data): Load E:\Yolo-FastestV2-0.2\SolarBoardData\images\train\pv_crack-170-_jpg.rf.7868f9923f3b7150533821f535ab8787.jpg...
2026-07-11 19:47:04,359 [INFO] (quantize_model.py #197, read_calibration_data): Load E:\Yolo-FastestV2-0.2\SolarBoardData\images\train\Rusak979_jpg.rf.420065aab6c1ade996558fb55cb335c4.jpg...
2026-07-11 19:47:04,370 [INFO] (quantize_model.py #197, read_calibration_data): Load E:\Yolo-FastestV2-0.2\SolarBoardData\images\train\IMG_0418_jpg.rf.ce1a2fd8fd97458d38106cc44f670fdb.jpg...
2026-07-11 19:47:04,381 [INFO] (quantize_model.py #197, read_calibration_data): Load E:\Yolo-FastestV2-0.2\SolarBoardData\images\train\Imgclean_34_0_jpg.rf.b301d27a6f9a2e324e177cb4fccd29b7.jpg...
2026-07-11 19:47:04,391 [INFO] (quantize_model.py #197, read_calibration_data): Load E:\Yolo-FastestV2-0.2\SolarBoardData\images\train\frame231_jpg.rf.6c70340886a35be58d26c90839cefc01.jpg...
2026-07-11 19:47:04,400 [INFO] (quantize_model.py #197, read_calibration_data): Load E:\Yolo-FastestV2-0.2\SolarBoardData\images\train\Imgclean_140_0_jpg.rf.fd77c226becd4abfd461b30596fbce61.jpg...
2026-07-11 19:47:04,409 [INFO] (quantize_model.py #197, read_calibration_data): Load E:\Yolo-FastestV2-0.2\SolarBoardData\images\train\Screenshot-2023-04-21-211119_png_jpg.rf.f86991243c72c3016332b701258b173a.jpg...
2026-07-11 19:47:04,419 [INFO] (quantize_model.py #197, read_calibration_data): Load E:\Yolo-FastestV2-0.2\SolarBoardData\images\train\Crack_222_jpg.rf.56dc0637c288772896652b7ec237aad1.jpg...
2026-07-11 19:47:04,430 [INFO] (quantize_model.py #197, read_calibration_data): Load E:\Yolo-FastestV2-0.2\SolarBoardData\images\train\IMG_0394_jpg.rf.b894f4b7646abd3053c288329547bb17.jpg...
2026-07-11 19:47:04,439 [INFO] (quantize_model.py #197, read_calibration_data): Load E:\Yolo-FastestV2-0.2\SolarBoardData\images\train\cracked-f464c296-fe6f-11ed-8a60-5c60ba7633ae_jpg.rf.4f895fafd61fdcccb26cb5237b0ba8ee.jpg...
2026-07-11 19:47:04,448 [INFO] (quantize_model.py #197, read_calibration_data): Load E:\Yolo-FastestV2-0.2\SolarBoardData\images\train\Crack_234_jpg.rf.ffb0d763158a09e6111a1dd59c67f89e.jpg...
2026-07-11 19:47:04,457 [INFO] (quantize_model.py #197, read_calibration_data): Load E:\Yolo-FastestV2-0.2\SolarBoardData\images\train\cracked-eef974b0-fe6f-11ed-9646-5c60ba7633ae_jpg.rf.7292e44c652363fa57a40ab715425c54.jpg...
2026-07-11 19:47:04,466 [INFO] (quantize_model.py #197, read_calibration_data): Load E:\Yolo-FastestV2-0.2\SolarBoardData\images\train\Screenshot-2023-04-01-180311_png_jpg.rf.7985574b0b0d2e5c041ee3f7c4dac229.jpg...
2026-07-11 19:47:04,475 [INFO] (quantize_model.py #197, read_calibration_data): Load E:\Yolo-FastestV2-0.2\SolarBoardData\images\train\WhatsApp-Image-2023-03-20-at-19-19-24_jpeg_jpg.rf.dbb3f9bdb3f17f454f332c361b3b338b.jpg...
2026-07-11 19:47:04,484 [INFO] (quantize_model.py #197, read_calibration_data): Load E:\Yolo-FastestV2-0.2\SolarBoardData\images\train\Imgdirty_683_1_jpg.rf.9d26c4e47eb14c8550b7952f7e6e2276.jpg...
2026-07-11 19:47:04,491 [INFO] (quantize_model.py #197, read_calibration_data): Load E:\Yolo-FastestV2-0.2\SolarBoardData\images\train\IMG_8617_jpg.rf.85b4123634395d11005b3c919ec4ec1d.jpg...
2026-07-11 19:47:04,501 [INFO] (quantize_model.py #197, read_calibration_data): Load E:\Yolo-FastestV2-0.2\SolarBoardData\images\train\IMG_20230323_165549_jpg.rf.8a9df427c019d8a4f58b2f467ee86f73.jpg...
2026-07-11 19:47:04,510 [INFO] (quantize_model.py #197, read_calibration_data): Load E:\Yolo-FastestV2-0.2\SolarBoardData\images\train\Imgdirty_499_1_jpg.rf.06b137e683af062804ef8f7fec814ef5.jpg...
2026-07-11 19:47:04,522 [INFO] (quantize_model.py #197, read_calibration_data): Load E:\Yolo-FastestV2-0.2\SolarBoardData\images\train\cracked-75-_jpg.rf.77af1927d2d6fb1d82737cdcff07f951.jpg...
2026-07-11 19:47:04,533 [INFO] (quantize_model.py #197, read_calibration_data): Load E:\Yolo-FastestV2-0.2\SolarBoardData\images\train\good-d0df07e1-fe6f-11ed-a98d-5c60ba7633ae_jpg.rf.b895e7324b7f46a1db5216309b85393d.jpg...
2026-07-11 19:47:04,542 [INFO] (quantize_model.py #197, read_calibration_data): Load E:\Yolo-FastestV2-0.2\SolarBoardData\images\train\IMG_20230324_163910_jpg.rf.684d3827b50e321865357f11b905ad18.jpg...
2026-07-11 19:47:04,551 [INFO] (quantize_model.py #197, read_calibration_data): Load E:\Yolo-FastestV2-0.2\SolarBoardData\images\train\Imgdirty_611_1_jpg.rf.5c8d259e49906ade1c61d0523ebd7fe9.jpg...
2026-07-11 19:47:04,581 [INFO] (quantize_model.py #197, read_calibration_data): Load E:\Yolo-FastestV2-0.2\SolarBoardData\images\train\Screenshot-2023-04-02-002333_png_jpg.rf.f16afa6d70ac793b3c5f425a1fd8b65e.jpg...
2026-07-11 19:47:04,588 [INFO] (quantize_model.py #197, read_calibration_data): Load E:\Yolo-FastestV2-0.2\SolarBoardData\images\train\cracked-0be0b6fb-fe70-11ed-b48f-5c60ba7633ae_jpg.rf.2cd4550fc4481f0d94f9bd80af38306b.jpg...
2026-07-11 19:47:04,597 [INFO] (quantize_model.py #197, read_calibration_data): Load E:\Yolo-FastestV2-0.2\SolarBoardData\images\train\Imgdirty_114_1_jpg.rf.8ac22944a96544c596c0d41dcb061c41.jpg...
2026-07-11 19:47:04,602 [INFO] (quantize_model.py #197, read_calibration_data): Load E:\Yolo-FastestV2-0.2\SolarBoardData\images\train\pv_crack-36-_jpg.rf.e32f9c1af816068c32fed99373b88dd9.jpg...
2026-07-11 19:47:04,610 [INFO] (quantize_model.py #197, read_calibration_data): Load E:\Yolo-FastestV2-0.2\SolarBoardData\images\train\WhatsApp-Image-2023-03-20-at-19-18-55-1-_jpeg_jpg.rf.2c729b8141a205f59302543effb2b1c1.jpg...
2026-07-11 19:47:04,617 [INFO] (quantize_model.py #197, read_calibration_data): Load E:\Yolo-FastestV2-0.2\SolarBoardData\images\train\photo_2023-07-19_16-27-43-2-_jpg.rf.7d77465b3b18d8637d35192c8ad62da1.jpg...
2026-07-11 19:47:04,625 [INFO] (quantize_model.py #197, read_calibration_data): Load E:\Yolo-FastestV2-0.2\SolarBoardData\images\train\Crack_249_jpg.rf.12cc86908405b1ff0dc07ded9fe1eaf0.jpg...
2026-07-11 19:47:04,632 [INFO] (quantize_model.py #197, read_calibration_data): Load E:\Yolo-FastestV2-0.2\SolarBoardData\images\train\pv_crack-97-_jpg.rf.8ec7caaeaee7cee78d26cdf1cc10fc8d.jpg...
2026-07-11 19:47:04,640 [INFO] (quantize_model.py #197, read_calibration_data): Load E:\Yolo-FastestV2-0.2\SolarBoardData\images\train\Imgdirty_531_1_jpg.rf.f4815249997a43278182f5bd49b3bae6.jpg...
2026-07-11 19:47:04,657 [INFO] (quantize_model.py #197, read_calibration_data): Load E:\Yolo-FastestV2-0.2\SolarBoardData\images\train\cracked-f6339856-fe6f-11ed-ad7d-5c60ba7633ae_jpg.rf.27af4e568c42735e8a464f6b1b8530c3.jpg...
2026-07-11 19:47:04,664 [INFO] (quantize_model.py #197, read_calibration_data): Load E:\Yolo-FastestV2-0.2\SolarBoardData\images\train\Screenshot-2023-04-02-001819_png_jpg.rf.0af33d731f9e89945f80f7f088b0e2bc.jpg...
2026-07-11 19:47:04,672 [INFO] (quantize_model.py #197, read_calibration_data): Load E:\Yolo-FastestV2-0.2\SolarBoardData\images\train\IMG_0401_jpg.rf.c465569e5d5f27fd9004ada33b57ecbe.jpg...
2026-07-11 19:47:04,680 [INFO] (quantize_model.py #197, read_calibration_data): Load E:\Yolo-FastestV2-0.2\SolarBoardData\images\train\good-dbb7c116-fe6f-11ed-8e77-5c60ba7633ae_jpg.rf.18e21bedc99f5bc6c2eeafc949f27f99.jpg...
2026-07-11 19:47:04,687 [INFO] (quantize_model.py #197, read_calibration_data): Load E:\Yolo-FastestV2-0.2\SolarBoardData\images\train\Screenshot-2023-04-18-012124_png_jpg.rf.0183d4dddfd73fe392947559c117caea.jpg...
2026-07-11 19:47:04,695 [INFO] (quantize_model.py #197, read_calibration_data): Load E:\Yolo-FastestV2-0.2\SolarBoardData\images\train\Screenshot-2023-04-01-180124_png_jpg.rf.dfc8f3541a9f18fb19a5f88f37a2ec1a.jpg...
2026-07-11 19:47:04,702 [INFO] (quantize_model.py #197, read_calibration_data): Load E:\Yolo-FastestV2-0.2\SolarBoardData\images\train\IMG_0391_jpg.rf.6b853677b1773fac9bc9679f1b2a52dd.jpg...
2026-07-11 19:47:04,710 [INFO] (quantize_model.py #197, read_calibration_data): Load E:\Yolo-FastestV2-0.2\SolarBoardData\images\train\Screenshot-2023-04-01-180950_png_jpg.rf.afffa7bfcc706c640fbaf43c60ec4882.jpg...
2026-07-11 19:47:04,719 [INFO] (quantize_model.py #197, read_calibration_data): Load E:\Yolo-FastestV2-0.2\SolarBoardData\images\train\cracked-430-_jpg.rf.fb5ceba8cb594c2eea3202d43c9822dd.jpg...
2026-07-11 19:47:04,726 [INFO] (quantize_model.py #197, read_calibration_data): Load E:\Yolo-FastestV2-0.2\SolarBoardData\images\train\IMG_0396_jpg.rf.fb959fe1b0c7206792c3fc8cd5b926b5.jpg...
2026-07-11 19:47:04,735 [INFO] (quantize_model.py #197, read_calibration_data): Load E:\Yolo-FastestV2-0.2\SolarBoardData\images\train\solar_Fri_Jun_30_12__34__28_2017_L_0-800202644022_I_0-32511372549_jpg.rf.a0d3ca77727ba71145765f372257e0f6.jpg...
2026-07-11 19:47:04,740 [INFO] (quantize_model.py #197, read_calibration_data): Load E:\Yolo-FastestV2-0.2\SolarBoardData\images\train\Screenshot-2023-04-02-002436_png_jpg.rf.274cb5a3d3203f90385734070d7e53a6.jpg...
2026-07-11 19:47:04,749 [INFO] (quantize_model.py #197, read_calibration_data): Load E:\Yolo-FastestV2-0.2\SolarBoardData\images\train\Imgdirty_226_1_jpg.rf.1ab4a57acdfe55b7e7f8768b3650bca3.jpg...
2026-07-11 19:47:04,758 [INFO] (quantize_model.py #197, read_calibration_data): Load E:\Yolo-FastestV2-0.2\SolarBoardData\images\train\cracked-f0c72d6f-fe6f-11ed-a636-5c60ba7633ae_jpg.rf.758fd0fca8a77096be6bd25bf620ee70.jpg...
2026-07-11 19:47:04,768 [INFO] (quantize_model.py #197, read_calibration_data): Load E:\Yolo-FastestV2-0.2\SolarBoardData\images\train\Imgdirty_500_1_jpg.rf.ec156f5ad95a63f7d71a95b18020ec7f.jpg...
2026-07-11 19:47:04,778 [INFO] (quantize_model.py #197, read_calibration_data): Load E:\Yolo-FastestV2-0.2\SolarBoardData\images\train\zxuKzaRpdJn5VvAkWuMVLROCKyv6N3dWa4w7o2XUZes-_plaintext_638173789917270213_jpg.rf.fd91efd9045c459d6c0231d9ea7208a6.jpg...
2026-07-11 19:47:04,787 [INFO] (quantize_model.py #197, read_calibration_data): Load E:\Yolo-FastestV2-0.2\SolarBoardData\images\train\indir-4-_jpg.rf.b91e0b32eaf04b6da1d6279e456190ca.jpg...
2026-07-11 19:47:04,795 [INFO] (quantize_model.py #197, read_calibration_data): Load E:\Yolo-FastestV2-0.2\SolarBoardData\images\train\cracked-55-_jpg.rf.b2f1b3a1ad1d6cc8fb5cb3470eb5de59.jpg...
2026-07-11 19:47:04,804 [INFO] (quantize_model.py #197, read_calibration_data): Load E:\Yolo-FastestV2-0.2\SolarBoardData\images\train\pv_crack-77-_jpg.rf.4897a0725f9f0b6681d1627505d5ed21.jpg...
2026-07-11 19:47:04,812 [INFO] (quantize_model.py #197, read_calibration_data): Load E:\Yolo-FastestV2-0.2\SolarBoardData\images\train\istockphoto-183037705-612x612_jpg.rf.30265af249b44058393deb907fe45316.jpg...
2026-07-11 19:47:04,820 [INFO] (quantize_model.py #197, read_calibration_data): Load E:\Yolo-FastestV2-0.2\SolarBoardData\images\train\solar_Fri_Jun_16_10__23__26_2017_L_0-869221820853_I_0-384305882353_jpg.rf.78328b69d1de26b0388aa02f1805766c.jpg...
2026-07-11 19:47:04,827 [INFO] (quantize_model.py #197, read_calibration_data): Load E:\Yolo-FastestV2-0.2\SolarBoardData\images\train\photo_2023-07-19_16-27-29_jpg.rf.bcfd48ef6f988378ebe9342ccef9e24b.jpg...
2026-07-11 19:47:04,835 [INFO] (quantize_model.py #197, read_calibration_data): Load E:\Yolo-FastestV2-0.2\SolarBoardData\images\train\solar_Fri_Jun_16_12__21__57_2017_L_0-59011406463_I_0-782494117647_jpg.rf.5c57885965bf439c869b9cd07f52f4c9.jpg...
2026-07-11 19:47:04,841 [INFO] (quantize_model.py #197, read_calibration_data): Load E:\Yolo-FastestV2-0.2\SolarBoardData\images\train\Screenshot-2023-04-02-001800_png_jpg.rf.bf232756050e631810c685a87be8c632.jpg...
2026-07-11 19:47:04,849 [INFO] (quantize_model.py #197, read_calibration_data): Load E:\Yolo-FastestV2-0.2\SolarBoardData\images\train\pv_crack-24-_jpg.rf.52f1ccde534deb531ec80b78e208e0ba.jpg...
2026-07-11 19:47:04,858 [INFO] (quantize_model.py #197, read_calibration_data): Load E:\Yolo-FastestV2-0.2\SolarBoardData\images\train\Imgdirty_1046_1_jpg.rf.b25246175c77be7331f8b0b98b094b08.jpg...
2026-07-11 19:47:04,866 [INFO] (quantize_model.py #197, read_calibration_data): Load E:\Yolo-FastestV2-0.2\SolarBoardData\images\train\good-c9a4e5a6-fe6f-11ed-8112-5c60ba7633ae_jpg.rf.3e947ca6aec192804989e4181ccc92e6.jpg...
2026-07-11 19:47:04,875 [INFO] (quantize_model.py #197, read_calibration_data): Load E:\Yolo-FastestV2-0.2\SolarBoardData\images\train\good-d9e936a6-fe6f-11ed-86e2-5c60ba7633ae_jpg.rf.d992dfabcdff4d70a3808dce02d7c9b5.jpg...
2026-07-11 19:47:04,883 [INFO] (quantize_model.py #197, read_calibration_data): Load E:\Yolo-FastestV2-0.2\SolarBoardData\images\train\IMG_0391_jpg.rf.d0ee01ffea78f37bfdb5f3cf79cf4b22.jpg...
2026-07-11 19:47:04,892 [INFO] (quantize_model.py #197, read_calibration_data): Load E:\Yolo-FastestV2-0.2\SolarBoardData\images\train\Imgdirty_1028_1_jpg.rf.0956b4b322d472c04d8193d6d92365ba.jpg...
2026-07-11 19:47:04,899 [INFO] (quantize_model.py #197, read_calibration_data): Load E:\Yolo-FastestV2-0.2\SolarBoardData\images\train\good-d47d48f1-fe6f-11ed-9a5f-5c60ba7633ae_jpg.rf.8a69192fba4e961a7c21e3d23decdfc0.jpg...
2026-07-11 19:47:04,908 [INFO] (quantize_model.py #197, read_calibration_data): Load E:\Yolo-FastestV2-0.2\SolarBoardData\images\train\Imgdirty_890_1_jpg.rf.5f31ae7f77fddf387c6d222427265c45.jpg...
2026-07-11 19:47:04,913 [INFO] (quantize_model.py #197, read_calibration_data): Load E:\Yolo-FastestV2-0.2\SolarBoardData\images\train\Imgclean_140_0_jpg.rf.78e3ec690117554d59bda7e2124b231d.jpg...
2026-07-11 19:47:04,921 [INFO] (quantize_model.py #197, read_calibration_data): Load E:\Yolo-FastestV2-0.2\SolarBoardData\images\train\IMG_8593_jpg.rf.299614a1a2b518d02bac2ace8868c928.jpg...
2026-07-11 19:47:04,929 [INFO] (quantize_model.py #197, read_calibration_data): Load E:\Yolo-FastestV2-0.2\SolarBoardData\images\train\Rusak918_jpg.rf.3a4f0ddfa92b5f87ca9b6c916b9b41dc.jpg...
2026-07-11 19:47:04,936 [INFO] (quantize_model.py #197, read_calibration_data): Load E:\Yolo-FastestV2-0.2\SolarBoardData\images\train\WhatsApp-Image-2023-03-20-at-19-19-29-1-_jpeg_jpg.rf.c3aebee7a75ff49bae30b5f80b85f40a.jpg...
2026-07-11 19:47:04,945 [INFO] (quantize_model.py #197, read_calibration_data): Load E:\Yolo-FastestV2-0.2\SolarBoardData\images\train\Imgdirty_868_1_jpg.rf.aec8ff3d18980e4c6e9e8d6e96560f0f.jpg...
2026-07-11 19:47:04,950 [INFO] (quantize_model.py #197, read_calibration_data): Load E:\Yolo-FastestV2-0.2\SolarBoardData\images\train\cracked-240-_jpg.rf.45137a8fe0125295538149757bbe5d8d.jpg...
2026-07-11 19:47:04,958 [INFO] (quantize_model.py #197, read_calibration_data): Load E:\Yolo-FastestV2-0.2\SolarBoardData\images\train\IMG_0414_jpg.rf.1aca051a35153b4a85f713ddc0c53279.jpg...
2026-07-11 19:47:04,967 [INFO] (quantize_model.py #197, read_calibration_data): Load E:\Yolo-FastestV2-0.2\SolarBoardData\images\train\IMG_20230325_113913_jpg.rf.c7d056bc5255111c8b30cd15eb94fbe6.jpg...
2026-07-11 19:47:04,975 [INFO] (quantize_model.py #197, read_calibration_data): Load E:\Yolo-FastestV2-0.2\SolarBoardData\images\train\pv_crack-154-_jpg.rf.f7b72b3d3b16b54bd9822747658a3b9e.jpg...
2026-07-11 19:47:04,983 [INFO] (quantize_model.py #197, read_calibration_data): Load E:\Yolo-FastestV2-0.2\SolarBoardData\images\train\Screenshot-2023-04-18-044452_png_jpg.rf.41323611054ccd92c4fc2a93856b7338.jpg...
2026-07-11 19:47:04,992 [INFO] (quantize_model.py #197, read_calibration_data): Load E:\Yolo-FastestV2-0.2\SolarBoardData\images\train\IMG_8574_jpg.rf.3f24f6c6edeb7d7398609ee5d31cf11a.jpg...
2026-07-11 19:47:05,000 [INFO] (quantize_model.py #197, read_calibration_data): Load E:\Yolo-FastestV2-0.2\SolarBoardData\images\train\Screenshot-2023-04-02-000524_png_jpg.rf.6ba5e6bb8ec2aeb891d4419365cdb0c4.jpg...
2026-07-11 19:47:05,008 [INFO] (quantize_model.py #197, read_calibration_data): Load E:\Yolo-FastestV2-0.2\SolarBoardData\images\train\WhatsApp-Image-2023-03-20-at-19-19-21_jpeg_jpg.rf.d425acab813fc24964af9fb4a328040b.jpg...
2026-07-11 19:47:05,015 [INFO] (quantize_model.py #197, read_calibration_data): Load E:\Yolo-FastestV2-0.2\SolarBoardData\images\train\Imgdirty_535_1_jpg.rf.8ae2603cba8425aab59f375c5b663910.jpg...
2026-07-11 19:47:05,024 [INFO] (quantize_model.py #197, read_calibration_data): Load E:\Yolo-FastestV2-0.2\SolarBoardData\images\train\pv_crack-38-_jpg.rf.ec4816b68690dd7f77fca6c99201963f.jpg...
2026-07-11 19:47:05,033 [INFO] (quantize_model.py #197, read_calibration_data): Load E:\Yolo-FastestV2-0.2\SolarBoardData\images\train\solar_Wed_Jun_21_8__46__46_2017_L_0-331512296823_I_0-406290196078_jpg.rf.a104b499b5c7566f0e1125e647c1c5aa.jpg...
2026-07-11 19:47:05,038 [INFO] (quantize_model.py #197, read_calibration_data): Load E:\Yolo-FastestV2-0.2\SolarBoardData\images\train\Screenshot-2023-04-21-211949_png_jpg.rf.dc56ebf8947b2843ce839e7393a3f200.jpg...
2026-07-11 19:47:05,045 [INFO] (quantize_model.py #197, read_calibration_data): Load E:\Yolo-FastestV2-0.2\SolarBoardData\images\train\photo_2023-07-19_16-27-42_jpg.rf.5127410679d8223ce5355313909b09a5.jpg...
2026-07-11 19:47:05,053 [INFO] (quantize_model.py #197, read_calibration_data): Load E:\Yolo-FastestV2-0.2\SolarBoardData\images\train\solar_Fri_Jun_16_14__9__15_2017_L_0-595394736842_I_0-271811764706_jpg.rf.a1f2614482259fcf08f622df185ecca0.jpg...
2026-07-11 19:47:05,058 [INFO] (quantize_model.py #197, read_calibration_data): Load E:\Yolo-FastestV2-0.2\SolarBoardData\images\train\pv_crack-37-_jpg.rf.daa23787030e040cf6b747f9f733c947.jpg...
2026-07-11 19:47:05,066 [INFO] (quantize_model.py #197, read_calibration_data): Load E:\Yolo-FastestV2-0.2\SolarBoardData\images\train\good-c9a4e5a6-fe6f-11ed-8112-5c60ba7633ae_jpg.rf.9385badac014e93168348de03c82be0a.jpg...
2026-07-11 19:47:05,074 [INFO] (quantize_model.py #197, read_calibration_data): Load E:\Yolo-FastestV2-0.2\SolarBoardData\images\train\IMG_20230324_112755_jpg.rf.9e960c4c8179b6529c0785cdee822834.jpg...
2026-07-11 19:47:05,081 [INFO] (quantize_model.py #197, read_calibration_data): Load E:\Yolo-FastestV2-0.2\SolarBoardData\images\train\good-a1ef5a32-fe6f-11ed-981d-5c60ba7633ae_jpg.rf.b5ddcc965111c8304e2171bc782239e6.jpg...
2026-07-11 19:47:05,089 [INFO] (quantize_model.py #197, read_calibration_data): Load E:\Yolo-FastestV2-0.2\SolarBoardData\images\train\IMG_20230323_171008_jpg.rf.a2124661f308e36b81f53733800575a4.jpg...
2026-07-11 19:47:05,097 [INFO] (quantize_model.py #197, read_calibration_data): Load E:\Yolo-FastestV2-0.2\SolarBoardData\images\train\pv_crack-13-_jpg.rf.4cb237e6877bee2d40f77e7b53db3f8e.jpg...
2026-07-11 19:47:05,104 [INFO] (quantize_model.py #197, read_calibration_data): Load E:\Yolo-FastestV2-0.2\SolarBoardData\images\train\pv_crack-176-_jpg.rf.8cc38852162f277d50eaf91609d4f12f.jpg...
2026-07-11 19:47:05,111 [INFO] (quantize_model.py #197, read_calibration_data): Load E:\Yolo-FastestV2-0.2\SolarBoardData\images\train\IMG_20230324_174730_jpg.rf.1b88a8347c9ca62fdec7b8c9cd121ca7.jpg...
2026-07-11 19:47:05,119 [INFO] (quantize_model.py #197, read_calibration_data): Load E:\Yolo-FastestV2-0.2\SolarBoardData\images\train\WhatsApp-Image-2023-03-20-at-19-19-22-2-_jpeg_jpg.rf.99b152aaecaa445b3fd52aed43c82ac1.jpg...
2026-07-11 19:47:05,127 [INFO] (quantize_model.py #197, read_calibration_data): Load E:\Yolo-FastestV2-0.2\SolarBoardData\images\train\pv_crack-9-_jpg.rf.211696d54b214035d96d2c375355784b.jpg...
2026-07-11 19:47:05,135 [INFO] (quantize_model.py #197, read_calibration_data): Load E:\Yolo-FastestV2-0.2\SolarBoardData\images\train\IMG-20230418-WA0039_jpg.rf.86bdace1cb12abd674c66ceda3f18a51.jpg...
2026-07-11 19:47:05,143 [INFO] (quantize_model.py #197, read_calibration_data): Load E:\Yolo-FastestV2-0.2\SolarBoardData\images\train\Screenshot-2023-04-01-180124_png_jpg.rf.8063d18c0dd884e54999837e8fb7d222.jpg...
2026-07-11 19:47:05,150 [INFO] (quantize_model.py #197, read_calibration_data): Load E:\Yolo-FastestV2-0.2\SolarBoardData\images\train\solar_Fri_Jun_16_14__3__26_2017_L_0-672714217014_I_0-595282352941_jpg.rf.45f6c103dce190be115b9425680c1f66.jpg...
2026-07-11 19:47:05,155 [INFO] (quantize_model.py #197, read_calibration_data): Load E:\Yolo-FastestV2-0.2\SolarBoardData\images\train\Imgdirty_1_1_jpg.rf.43a510da2c53aa575062431a7a012ba5.jpg...
2026-07-11 19:47:05,160 [INFO] (quantize_model.py #197, read_calibration_data): Load E:\Yolo-FastestV2-0.2\SolarBoardData\images\train\pv_crack-13-_jpg.rf.f44de00acf14e8e8ef80c62f55332b81.jpg...
2026-07-11 19:47:05,168 [INFO] (quantize_model.py #197, read_calibration_data): Load E:\Yolo-FastestV2-0.2\SolarBoardData\images\train\Screenshot-2023-04-01-180950_png_jpg.rf.e3c97e22be1486d94ff9032315b7e54d.jpg...
2026-07-11 19:47:05,176 [INFO] (quantize_model.py #197, read_calibration_data): Load E:\Yolo-FastestV2-0.2\SolarBoardData\images\train\Imgdirty_188_1_jpg.rf.3f7c5f543d39ad32773f8288f89deffd.jpg...
2026-07-11 19:47:05,182 [INFO] (quantize_model.py #197, read_calibration_data): Load E:\Yolo-FastestV2-0.2\SolarBoardData\images\train\solar_Thu_Jun_15_14__49__5_2017_L_0-321710600182_I_0-314349019608_jpg.rf.cc19d02c4c3d3c668834c0dffff61d24.jpg...
2026-07-11 19:47:05,188 [INFO] (quantize_model.py #197, read_calibration_data): Load E:\Yolo-FastestV2-0.2\SolarBoardData\images\train\Imgdirty_732_1_jpg.rf.a9e6c60ee39b05102c914472b9cf4d8f.jpg...
2026-07-11 19:47:05,212 [INFO] (quantize_model.py #197, read_calibration_data): Load E:\Yolo-FastestV2-0.2\SolarBoardData\images\train\cracked-f6339856-fe6f-11ed-ad7d-5c60ba7633ae_jpg.rf.790bd800c48a9ede99fe30e7f7559df7.jpg...
2026-07-11 19:47:05,219 [INFO] (quantize_model.py #197, read_calibration_data): Load E:\Yolo-FastestV2-0.2\SolarBoardData\images\train\Imgdirty_522_1_jpg.rf.1c20dd076dadc5832fffaa982cce40cc.jpg...
2026-07-11 19:47:05,237 [INFO] (quantize_model.py #197, read_calibration_data): Load E:\Yolo-FastestV2-0.2\SolarBoardData\images\train\photo_2023-07-19_16-27-45-2-_jpg.rf.04c7c645e89fb32eabfd99546eee7283.jpg...
2026-07-11 19:47:05,245 [INFO] (quantize_model.py #197, read_calibration_data): Load E:\Yolo-FastestV2-0.2\SolarBoardData\images\train\good-e2f2a720-fe6f-11ed-9edc-5c60ba7633ae_jpg.rf.c8e3b8585204fa31944de73520376d1a.jpg...
2026-07-11 19:47:05,253 [INFO] (quantize_model.py #197, read_calibration_data): Load E:\Yolo-FastestV2-0.2\SolarBoardData\images\train\Imgdirty_0_1_jpg.rf.d486d5e8f13c246f70e9c7fe9fc037b4.jpg...
2026-07-11 19:47:05,260 [INFO] (quantize_model.py #197, read_calibration_data): Load E:\Yolo-FastestV2-0.2\SolarBoardData\images\train\WhatsApp-Image-2023-03-20-at-19-18-55-2-_jpeg_jpg.rf.8e39dc41fc790e20b7af69111e5902ef.jpg...
2026-07-11 19:47:05,268 [INFO] (quantize_model.py #197, read_calibration_data): Load E:\Yolo-FastestV2-0.2\SolarBoardData\images\train\IMG_0399_jpg.rf.db9eb81c36f29eb458e9a9c3bf6707de.jpg...
2026-07-11 19:47:05,276 [INFO] (quantize_model.py #197, read_calibration_data): Load E:\Yolo-FastestV2-0.2\SolarBoardData\images\train\Screenshot-2023-04-02-002212_png.rf.07a668ae15d85edb7b875b3ed69a9aa1.jpg...
2026-07-11 19:47:05,286 [INFO] (quantize_model.py #197, read_calibration_data): Load E:\Yolo-FastestV2-0.2\SolarBoardData\images\train\good-d0df07e1-fe6f-11ed-a98d-5c60ba7633ae_jpg.rf.86b6fb5edb3656b365c3cfec29b04166.jpg...
2026-07-11 19:47:05,294 [INFO] (quantize_model.py #197, read_calibration_data): Load E:\Yolo-FastestV2-0.2\SolarBoardData\images\train\IMG_0424_jpg.rf.599251bb0fc82c85bdf6e0180a0d71cb.jpg...
2026-07-11 19:47:05,301 [INFO] (quantize_model.py #197, read_calibration_data): Load E:\Yolo-FastestV2-0.2\SolarBoardData\images\train\IMG_0440_jpg.rf.346decb440a1a84a5d1c387c5540f16f.jpg...
2026-07-11 19:47:05,309 [INFO] (quantize_model.py #197, read_calibration_data): Load E:\Yolo-FastestV2-0.2\SolarBoardData\images\train\Crack_233_jpg.rf.64b9f7c68a2d52d38471783e19b6f0e6.jpg...
2026-07-11 19:47:05,317 [INFO] (quantize_model.py #197, read_calibration_data): Load E:\Yolo-FastestV2-0.2\SolarBoardData\images\train\WhatsApp-Image-2023-03-20-at-19-19-21_jpeg_jpg.rf.966f19845c70844198d55b7bfe18a06e.jpg...
2026-07-11 19:47:05,325 [INFO] (quantize_model.py #197, read_calibration_data): Load E:\Yolo-FastestV2-0.2\SolarBoardData\images\train\pv_crack-134-_jpg.rf.556f4473523938c229eaeda047960de5.jpg...
2026-07-11 19:47:05,334 [INFO] (quantize_model.py #197, read_calibration_data): Load E:\Yolo-FastestV2-0.2\SolarBoardData\images\train\cracked-303-_jpg.rf.f7e3b4978987b8dd488656f8c101726c.jpg...
2026-07-11 19:47:05,342 [INFO] (quantize_model.py #197, read_calibration_data): Load E:\Yolo-FastestV2-0.2\SolarBoardData\images\train\IMG_20230323_170344_jpg.rf.1aa6d0046363db3053c52068771ef24a.jpg...
2026-07-11 19:47:05,351 [INFO] (quantize_model.py #197, read_calibration_data): Load E:\Yolo-FastestV2-0.2\SolarBoardData\images\train\good-e2f2a720-fe6f-11ed-9edc-5c60ba7633ae_jpg.rf.b3d9d66e6232bdd4c3e895ef8e6393c7.jpg...
2026-07-11 19:47:05,361 [INFO] (quantize_model.py #197, read_calibration_data): Load E:\Yolo-FastestV2-0.2\SolarBoardData\images\train\IMG_20230324_171619_jpg.rf.34100a56648f190e14f7279e9ab75e43.jpg...
2026-07-11 19:47:05,369 [INFO] (quantize_model.py #197, read_calibration_data): Load E:\Yolo-FastestV2-0.2\SolarBoardData\images\train\cracked-f0c72d6f-fe6f-11ed-a636-5c60ba7633ae_jpg.rf.8012be78f5bf5412478e0231d57cafac.jpg...
2026-07-11 19:47:05,379 [INFO] (quantize_model.py #197, read_calibration_data): Load E:\Yolo-FastestV2-0.2\SolarBoardData\images\train\cracked-421-_jpg.rf.ce71d798c2701291d9e9789546d2d984.jpg...
2026-07-11 19:47:05,389 [INFO] (quantize_model.py #197, read_calibration_data): Load E:\Yolo-FastestV2-0.2\SolarBoardData\images\train\IMG_0416_jpg.rf.4ff075ccb32523ca87320ba7c97f0a05.jpg...
2026-07-11 19:47:05,398 [INFO] (quantize_model.py #197, read_calibration_data): Load E:\Yolo-FastestV2-0.2\SolarBoardData\images\train\IMG_20230324_115344_jpg.rf.3837ec9271283a5b7e3883f9a082df96.jpg...
2026-07-11 19:47:05,407 [INFO] (quantize_model.py #197, read_calibration_data): Load E:\Yolo-FastestV2-0.2\SolarBoardData\images\train\1677069179169_jpg.rf.f38d61346a3c1549707b3ac0b0107e96.jpg...
2026-07-11 19:47:05,418 [INFO] (quantize_model.py #197, read_calibration_data): Load E:\Yolo-FastestV2-0.2\SolarBoardData\images\train\pv_crack-26-_jpg.rf.6f818191d5d1c7f40ecda9048bf521bd.jpg...
2026-07-11 19:47:05,426 [INFO] (quantize_model.py #197, read_calibration_data): Load E:\Yolo-FastestV2-0.2\SolarBoardData\images\train\Rusak874_jpg.rf.73ef20aae96c22452923adf8137db456.jpg...
2026-07-11 19:47:05,436 [INFO] (quantize_model.py #197, read_calibration_data): Load E:\Yolo-FastestV2-0.2\SolarBoardData\images\train\IMG_20230324_113753_jpg.rf.4241297f8a85b2ca78d509a83dd29983.jpg...
2026-07-11 19:47:05,446 [INFO] (quantize_model.py #197, read_calibration_data): Load E:\Yolo-FastestV2-0.2\SolarBoardData\images\train\IMG_0440_jpg.rf.209be312018d2c2c4a4d92d6816ca800.jpg...
2026-07-11 19:47:05,454 [INFO] (quantize_model.py #197, read_calibration_data): Load E:\Yolo-FastestV2-0.2\SolarBoardData\images\train\cracked-60-_jpg.rf.89910c003dd4d951a93755f0857ad9d3.jpg...
2026-07-11 19:47:05,464 [INFO] (quantize_model.py #197, read_calibration_data): Load E:\Yolo-FastestV2-0.2\SolarBoardData\images\train\cracked-0be0b6fb-fe70-11ed-b48f-5c60ba7633ae_jpg.rf.bfcbb9afca8b2bd4f61e64554eb0ee54.jpg...
2026-07-11 19:47:05,473 [INFO] (quantize_model.py #197, read_calibration_data): Load E:\Yolo-FastestV2-0.2\SolarBoardData\images\train\WhatsApp-Image-2023-03-20-at-19-19-21-1-_jpeg_jpg.rf.02d8d6bcfbb80835dd622eda203b95b9.jpg...
2026-07-11 19:47:05,483 [INFO] (quantize_model.py #197, read_calibration_data): Load E:\Yolo-FastestV2-0.2\SolarBoardData\images\train\Rusak892_jpg.rf.b5d98ba420c9a5beb94230cc728bad1d.jpg...
2026-07-11 19:47:05,491 [INFO] (quantize_model.py #197, read_calibration_data): Load E:\Yolo-FastestV2-0.2\SolarBoardData\images\train\good-a1ef5a32-fe6f-11ed-981d-5c60ba7633ae_jpg.rf.89b790120493e4bad217789d0d197e0f.jpg...
2026-07-11 19:47:05,501 [INFO] (quantize_model.py #197, read_calibration_data): Load E:\Yolo-FastestV2-0.2\SolarBoardData\images\train\cracked-ff3c284a-fe6f-11ed-9a94-5c60ba7633ae_jpg.rf.ca59ecef25742fcb5e0d4bda97f8d48f.jpg...
2026-07-11 19:47:05,510 [INFO] (quantize_model.py #197, read_calibration_data): Load E:\Yolo-FastestV2-0.2\SolarBoardData\images\train\cracked-fba08fe1-fe6f-11ed-9db8-5c60ba7633ae_jpg.rf.dd108a8e41ad209512af4138d5f46e3a.jpg...
2026-07-11 19:47:05,518 [INFO] (quantize_model.py #197, read_calibration_data): Load E:\Yolo-FastestV2-0.2\SolarBoardData\images\train\good-dbb7c116-fe6f-11ed-8e77-5c60ba7633ae_jpg.rf.33bc45934a0390bcae5232c30e445d23.jpg...
2026-07-11 19:47:05,528 [INFO] (quantize_model.py #197, read_calibration_data): Load E:\Yolo-FastestV2-0.2\SolarBoardData\images\train\photo_2023-07-19_16-27-32_jpg.rf.155cb785f4080d7cbe790d40e8139ea9.jpg...
2026-07-11 19:47:05,536 [INFO] (quantize_model.py #197, read_calibration_data): Load E:\Yolo-FastestV2-0.2\SolarBoardData\images\train\Imgdirty_142_1_jpg.rf.fa03bb9238e4c3f916ebb9961595ca53.jpg...
2026-07-11 19:47:05,549 [INFO] (quantize_model.py #197, read_calibration_data): Load E:\Yolo-FastestV2-0.2\SolarBoardData\images\train\photo_2023-07-19_16-27-25_jpg.rf.edb4ccd909dac49752dc1fc085a4c37a.jpg...
2026-07-11 19:47:05,558 [INFO] (quantize_model.py #197, read_calibration_data): Load E:\Yolo-FastestV2-0.2\SolarBoardData\images\train\131A7_WqH9V1JBEH8D5EV-xB7X2CM1OleZ_DDx7NNUU-_plaintext_638173789917439624_jpg.rf.5a38049691c3a5c309fba34b6e162d93.jpg...
2026-07-11 19:47:05,567 [INFO] (quantize_model.py #197, read_calibration_data): Load E:\Yolo-FastestV2-0.2\SolarBoardData\images\train\IMG_0414_jpg.rf.569f4fa51aa0eac8478ddc38d8b07a66.jpg...
2026-07-11 19:47:05,576 [INFO] (quantize_model.py #197, read_calibration_data): Load E:\Yolo-FastestV2-0.2\SolarBoardData\images\train\Crack_257_jpg.rf.7766f8857a7c8f8f7451420d30ec95c2.jpg...
2026-07-11 19:47:05,586 [INFO] (quantize_model.py #197, read_calibration_data): Load E:\Yolo-FastestV2-0.2\SolarBoardData\images\train\IMG_20230319222014_4133078441130112954-jpg_51_jpg.rf.e285b5d68271af578d17382461ff4a3f.jpg...
2026-07-11 19:47:05,596 [INFO] (quantize_model.py #197, read_calibration_data): Load E:\Yolo-FastestV2-0.2\SolarBoardData\images\train\solar_Fri_Jun_30_15__24__43_2017_L_0-570904681925_I_0-394592156863_jpg.rf.da9feda84b769e7b1e29b728a74d525e.jpg...
2026-07-11 19:47:05,602 [INFO] (quantize_model.py #197, read_calibration_data): Load E:\Yolo-FastestV2-0.2\SolarBoardData\images\train\pv_crack-130-_jpg.rf.a7720b84cbfb7af744bddce8b861eea0.jpg...
2026-07-11 19:47:05,612 [INFO] (quantize_model.py #197, read_calibration_data): Load E:\Yolo-FastestV2-0.2\SolarBoardData\images\train\pv_crack-159-_jpg.rf.e435fbb4f604c6d12a05b21efd62b51c.jpg...
2026-07-11 19:47:05,620 [INFO] (quantize_model.py #197, read_calibration_data): Load E:\Yolo-FastestV2-0.2\SolarBoardData\images\train\IMG_0415_jpg.rf.c870083a634e55bf49f560f5db6d15bf.jpg...
2026-07-11 19:47:05,630 [INFO] (quantize_model.py #197, read_calibration_data): Load E:\Yolo-FastestV2-0.2\SolarBoardData\images\train\cracked-316-_jpg.rf.a0df19bba5dde4422fa322570ade08b5.jpg...
2026-07-11 19:47:05,639 [INFO] (quantize_model.py #197, read_calibration_data): Load E:\Yolo-FastestV2-0.2\SolarBoardData\images\train\Imgclean_292_0_jpg.rf.c36d31455c5b94f871205a614253c037.jpg...
2026-07-11 19:47:05,649 [INFO] (quantize_model.py #197, read_calibration_data): Load E:\Yolo-FastestV2-0.2\SolarBoardData\images\train\Crack_212_jpg.rf.08f877549aa11a4381fe28e804722fb5.jpg...
2026-07-11 19:47:05,658 [INFO] (quantize_model.py #197, read_calibration_data): Load E:\Yolo-FastestV2-0.2\SolarBoardData\images\train\Screenshot-2023-04-02-050019_png_jpg.rf.e5caeca11f920b9ac53a1c324987f6ad.jpg...
2026-07-11 19:47:05,666 [INFO] (quantize_model.py #197, read_calibration_data): Load E:\Yolo-FastestV2-0.2\SolarBoardData\images\train\pv_crack-7-_jpg.rf.4a343366e223686c6e1ca5bdde8b4783.jpg...
2026-07-11 19:47:05,677 [INFO] (quantize_model.py #197, read_calibration_data): Load E:\Yolo-FastestV2-0.2\SolarBoardData\images\train\WhatsApp-Image-2023-03-20-at-19-19-23-2-_jpeg_jpg.rf.57d146ac8c3337b1ffb61960db73641e.jpg...
2026-07-11 19:47:05,686 [INFO] (quantize_model.py #197, read_calibration_data): Load E:\Yolo-FastestV2-0.2\SolarBoardData\images\train\Screenshot-2023-04-02-002333_png_jpg.rf.4d6f36ac59f6aca183a2db68112e21bb.jpg...
2026-07-11 19:47:05,695 [INFO] (quantize_model.py #197, read_calibration_data): Load E:\Yolo-FastestV2-0.2\SolarBoardData\images\train\cracked-88-_jpg.rf.a8f4ffd32c576ef553e87d0cfbef368b.jpg...
2026-07-11 19:47:05,705 [INFO] (quantize_model.py #197, read_calibration_data): Load E:\Yolo-FastestV2-0.2\SolarBoardData\images\train\cracked-02d8e14c-fe70-11ed-8717-5c60ba7633ae_jpg.rf.c1bd89c544e51e4253633ca8f4eaae67.jpg...
2026-07-11 19:47:05,715 [INFO] (quantize_model.py #197, read_calibration_data): Load E:\Yolo-FastestV2-0.2\SolarBoardData\images\train\Imgdirty_899_1_jpg.rf.9c2295ebff59d536c488e900a08212bc.jpg...
2026-07-11 19:47:05,721 [INFO] (quantize_model.py #197, read_calibration_data): Load E:\Yolo-FastestV2-0.2\SolarBoardData\images\train\IMG_0418_jpg.rf.8eb8d57e7a23b8c27e570a77e90c1c1c.jpg...
2026-07-11 19:47:05,730 [INFO] (quantize_model.py #197, read_calibration_data): Load E:\Yolo-FastestV2-0.2\SolarBoardData\images\train\WhatsApp-Image-2023-03-20-at-19-19-23_jpeg_jpg.rf.afe2901b7ca4d63259f0137045cae430.jpg...
2026-07-11 19:47:05,738 [INFO] (quantize_model.py #197, read_calibration_data): Load E:\Yolo-FastestV2-0.2\SolarBoardData\images\train\IMG_0448_jpg.rf.0bec309c29b9e155868e881f5fa8d8e8.jpg...
2026-07-11 19:47:05,748 [INFO] (quantize_model.py #197, read_calibration_data): Load E:\Yolo-FastestV2-0.2\SolarBoardData\images\train\Imgdirty_940_1_jpg.rf.92ce3a7d140d5518c95b0ffb79c54c0d.jpg...
2026-07-11 19:47:05,754 [INFO] (quantize_model.py #197, read_calibration_data): Load E:\Yolo-FastestV2-0.2\SolarBoardData\images\train\good-cf110245-fe6f-11ed-affd-5c60ba7633ae_jpg.rf.f4233c065736a3e50cd127d5a966140c.jpg...
2026-07-11 19:47:05,764 [INFO] (quantize_model.py #197, read_calibration_data): Load E:\Yolo-FastestV2-0.2\SolarBoardData\images\train\Screenshot-2023-04-02-002333_png_jpg.rf.0deea6dc03a88793ba55980bd2e3a4f0.jpg...
2026-07-11 19:47:05,773 [INFO] (quantize_model.py #197, read_calibration_data): Load E:\Yolo-FastestV2-0.2\SolarBoardData\images\train\cracked-73-_jpg.rf.dfe6ccaef1735a583322e45d5094892c.jpg...
2026-07-11 19:47:05,781 [INFO] (quantize_model.py #197, read_calibration_data): Load E:\Yolo-FastestV2-0.2\SolarBoardData\images\train\images-33-_jpg.rf.ce629c34af5b72557acad28a3b2d138f.jpg...
2026-07-11 19:47:05,790 [INFO] (quantize_model.py #197, read_calibration_data): Load E:\Yolo-FastestV2-0.2\SolarBoardData\images\train\cracked-39-_jpg.rf.8bff545fca684075c83e8952482cd9a3.jpg...
2026-07-11 19:47:05,799 [INFO] (quantize_model.py #197, read_calibration_data): Load E:\Yolo-FastestV2-0.2\SolarBoardData\images\train\pv_crack-4-_jpg.rf.5e733cdf13e1aa6115c6ff29984f4abc.jpg...
2026-07-11 19:47:05,808 [INFO] (quantize_model.py #197, read_calibration_data): Load E:\Yolo-FastestV2-0.2\SolarBoardData\images\train\Screenshot-2023-04-21-211949_png_jpg.rf.c71b10ea0e41cc48d0984d29ecfc67a7.jpg...
2026-07-11 19:47:05,818 [INFO] (quantize_model.py #197, read_calibration_data): Load E:\Yolo-FastestV2-0.2\SolarBoardData\images\train\IMG_0433_jpg.rf.66ebf54a6f253a1cc03a9f72ff9d26a0.jpg...
2026-07-11 19:47:05,827 [INFO] (quantize_model.py #197, read_calibration_data): Load E:\Yolo-FastestV2-0.2\SolarBoardData\images\train\Imgdirty_1055_1_jpg.rf.655513815b196780a0798cea3d1ec4a4.jpg...
2026-07-11 19:47:05,837 [INFO] (quantize_model.py #197, read_calibration_data): Load E:\Yolo-FastestV2-0.2\SolarBoardData\images\train\Crack_236_jpg.rf.20320937e6ca21518c27456361f3480e.jpg...
2026-07-11 19:47:05,846 [INFO] (quantize_model.py #197, read_calibration_data): Load E:\Yolo-FastestV2-0.2\SolarBoardData\images\train\Imgdirty_140_1_jpg.rf.48d4ae46be6c36ab3b811b1d4ee8b7f9.jpg...
2026-07-11 19:47:05,855 [INFO] (quantize_model.py #197, read_calibration_data): Load E:\Yolo-FastestV2-0.2\SolarBoardData\images\train\Imgdirty_741_1_jpg.rf.4681d8aac5386b83680ea0845d79c24b.jpg...
2026-07-11 19:47:05,866 [INFO] (quantize_model.py #197, read_calibration_data): Load E:\Yolo-FastestV2-0.2\SolarBoardData\images\train\Imgdirty_460_1_jpg.rf.047113bcaae1ff38e515a647a4ba6cf5.jpg...
2026-07-11 19:47:05,894 [INFO] (quantize_model.py #197, read_calibration_data): Load E:\Yolo-FastestV2-0.2\SolarBoardData\images\train\pv_crack-24-_jpg.rf.0c0d0dd21035e4e7545f12e3093b3a2b.jpg...
2026-07-11 19:47:05,904 [INFO] (quantize_model.py #197, read_calibration_data): Load E:\Yolo-FastestV2-0.2\SolarBoardData\images\train\Imgdirty_148_1_jpg.rf.3eec610ba063d69cf5c039f160dc3708.jpg...
2026-07-11 19:47:05,910 [INFO] (quantize_model.py #197, read_calibration_data): Load E:\Yolo-FastestV2-0.2\SolarBoardData\images\train\solar_Tue_Jun_13_16__20__22_2017_L_0-0948649106257_I_0-162129411765_jpg.rf.1701275dcf25ee3855de76e4379361cc.jpg...
2026-07-11 19:47:05,916 [INFO] (quantize_model.py #197, read_calibration_data): Load E:\Yolo-FastestV2-0.2\SolarBoardData\images\train\IMG_20230324_114327_jpg.rf.b093baf91dd1546f77f70f4b5f299636.jpg...
2026-07-11 19:47:05,925 [INFO] (quantize_model.py #197, read_calibration_data): Load E:\Yolo-FastestV2-0.2\SolarBoardData\images\train\Screenshot-2023-04-01-180510_png_jpg.rf.e5c006a73ee8c199f84ea9e8fa4bf514.jpg...
2026-07-11 19:47:05,934 [INFO] (quantize_model.py #197, read_calibration_data): Load E:\Yolo-FastestV2-0.2\SolarBoardData\images\train\Imgdirty_405_1_jpg.rf.4566b5ecbac035239e5e39f3f7fe6f05.jpg...
2026-07-11 19:47:05,957 [INFO] (quantize_model.py #197, read_calibration_data): Load E:\Yolo-FastestV2-0.2\SolarBoardData\images\train\Screenshot-2023-04-02-001348_png_jpg.rf.0197bec402750d3cbe7948523f2f4466.jpg...
2026-07-11 19:47:05,965 [INFO] (quantize_model.py #197, read_calibration_data): Load E:\Yolo-FastestV2-0.2\SolarBoardData\images\train\cracked-406-_jpg.rf.32a383397d6bc3fcc02236a6ae3eec78.jpg...
2026-07-11 19:47:05,974 [INFO] (quantize_model.py #197, read_calibration_data): Load E:\Yolo-FastestV2-0.2\SolarBoardData\images\train\IMG_20230324_115035_jpg.rf.2fcfa51c972f797716e139f5b10f45a2.jpg...
2026-07-11 19:47:05,982 [INFO] (quantize_model.py #197, read_calibration_data): Load E:\Yolo-FastestV2-0.2\SolarBoardData\images\train\good-e2f2a720-fe6f-11ed-9edc-5c60ba7633ae_jpg.rf.74e43c28298e2b28e392360c99184e39.jpg...
2026-07-11 19:47:05,992 [INFO] (quantize_model.py #197, read_calibration_data): Load E:\Yolo-FastestV2-0.2\SolarBoardData\images\train\Imgdirty_1047_1_jpg.rf.06a72eb1b6f7896bd4a79b340b4096f9.jpg...
2026-07-11 19:47:05,998 [INFO] (quantize_model.py #197, read_calibration_data): Load E:\Yolo-FastestV2-0.2\SolarBoardData\images\train\WhatsApp-Image-2023-03-20-at-19-19-29-1-_jpeg_jpg.rf.1ca5794007b1287a76657ecd06720f3b.jpg...
2026-07-11 19:47:06,006 [INFO] (quantize_model.py #197, read_calibration_data): Load E:\Yolo-FastestV2-0.2\SolarBoardData\images\train\cracked-86-_jpg.rf.51495102da61cb3561525d0f0f7e59ff.jpg...
2026-07-11 19:47:06,016 [INFO] (quantize_model.py #197, read_calibration_data): Load E:\Yolo-FastestV2-0.2\SolarBoardData\images\train\good-e2f2a720-fe6f-11ed-9edc-5c60ba7633ae_jpg.rf.e7462a81fc85d5057f50f6fa2db8525c.jpg...
2026-07-11 19:47:06,026 [INFO] (quantize_model.py #197, read_calibration_data): Load E:\Yolo-FastestV2-0.2\SolarBoardData\images\train\pv_crack-16-_jpg.rf.db24eafc9928aab552d18c394040ca53.jpg...
2026-07-11 19:47:06,035 [INFO] (quantize_model.py #197, read_calibration_data): Load E:\Yolo-FastestV2-0.2\SolarBoardData\images\train\Screenshot-2023-04-18-044452_png_jpg.rf.1f0dfed41102e53895ee5cc8caa474d2.jpg...
2026-07-11 19:47:06,045 [INFO] (quantize_model.py #197, read_calibration_data): Load E:\Yolo-FastestV2-0.2\SolarBoardData\images\train\images-33-_jpg.rf.c8414938c5201d5415b56548e7859b5b.jpg...
2026-07-11 19:47:06,055 [INFO] (quantize_model.py #197, read_calibration_data): Load E:\Yolo-FastestV2-0.2\SolarBoardData\images\train\good-e6914200-fe6f-11ed-8a99-5c60ba7633ae_jpg.rf.4cdc0a7e9741997457412fe029934b34.jpg...
2026-07-11 19:47:06,065 [INFO] (quantize_model.py #197, read_calibration_data): Load E:\Yolo-FastestV2-0.2\SolarBoardData\images\train\IMG-20230418-WA0031_jpg.rf.906cb036e91f2db43119cd42f4ef182b.jpg...
2026-07-11 19:47:06,074 [INFO] (quantize_model.py #197, read_calibration_data): Load E:\Yolo-FastestV2-0.2\SolarBoardData\images\train\cracked-418-_jpg.rf.4cf479652b9b0635252f4a9706de8008.jpg...
2026-07-11 19:47:06,083 [INFO] (quantize_model.py #197, read_calibration_data): Load E:\Yolo-FastestV2-0.2\SolarBoardData\images\train\IMG_0401_jpg.rf.f80e3450113ebeebb7a13e59ca8242e8.jpg...
2026-07-11 19:47:06,092 [INFO] (quantize_model.py #197, read_calibration_data): Load E:\Yolo-FastestV2-0.2\SolarBoardData\images\train\Screenshot-2023-04-02-000611_png_jpg.rf.66dd50a36c2b77a07334514549c3eeeb.jpg...
2026-07-11 19:47:06,102 [INFO] (quantize_model.py #197, read_calibration_data): Load E:\Yolo-FastestV2-0.2\SolarBoardData\images\train\IMG_0448_jpg.rf.235b023317bcdd0cc6834c7d75b3bfe2.jpg...
2026-07-11 19:47:06,111 [INFO] (quantize_model.py #197, read_calibration_data): Load E:\Yolo-FastestV2-0.2\SolarBoardData\images\train\WhatsApp-Image-2023-03-20-at-19-19-28_jpeg_jpg.rf.a7f7ae1b823aeb47eb27f8d5f898b260.jpg...
2026-07-11 19:47:06,120 [INFO] (quantize_model.py #197, read_calibration_data): Load E:\Yolo-FastestV2-0.2\SolarBoardData\images\train\1677069179169_jpg.rf.89894fed554f056a35969a9aebea28cd.jpg...
2026-07-11 19:47:06,129 [INFO] (quantize_model.py #197, read_calibration_data): Load E:\Yolo-FastestV2-0.2\SolarBoardData\images\train\IMG-20230418-WA0018_jpg.rf.77bdbdb4098ec079f0d6bffc972e2160.jpg...
2026-07-11 19:47:06,137 [INFO] (quantize_model.py #197, read_calibration_data): Load E:\Yolo-FastestV2-0.2\SolarBoardData\images\train\Crack_204_jpg.rf.4e5a75b5be96e99fd00a51cc0bd7d2d7.jpg...
2026-07-11 19:47:06,146 [INFO] (quantize_model.py #197, read_calibration_data): Load E:\Yolo-FastestV2-0.2\SolarBoardData\images\train\Screenshot-2023-04-02-002532_png_jpg.rf.ec382a9b1a5745562e19efce6a9fbcd1.jpg...
2026-07-11 19:47:06,155 [INFO] (quantize_model.py #197, read_calibration_data): Load E:\Yolo-FastestV2-0.2\SolarBoardData\images\train\Screenshot-2023-04-21-211949_png_jpg.rf.b1b30be2f22d1ab0e4b5e5b7f4681ded.jpg...
2026-07-11 19:47:06,164 [INFO] (quantize_model.py #197, read_calibration_data): Load E:\Yolo-FastestV2-0.2\SolarBoardData\images\train\pv_crack-179-_jpg.rf.ce49a7adc1ef8b7d016a2c94330911c8.jpg...
2026-07-11 19:47:06,174 [INFO] (quantize_model.py #197, read_calibration_data): Load E:\Yolo-FastestV2-0.2\SolarBoardData\images\train\WhatsApp-Image-2023-03-20-at-19-19-29-2-_jpeg_jpg.rf.ba4e600f81c9a6df59d67173b3d33600.jpg...
2026-07-11 19:47:06,183 [INFO] (quantize_model.py #197, read_calibration_data): Load E:\Yolo-FastestV2-0.2\SolarBoardData\images\train\pv_crack-106-_jpg.rf.60301f90011c53a2aac14e812fd9b0ce.jpg...
2026-07-11 19:47:06,192 [INFO] (quantize_model.py #197, read_calibration_data): Load E:\Yolo-FastestV2-0.2\SolarBoardData\images\train\good-e4c24e15-fe6f-11ed-986d-5c60ba7633ae_jpg.rf.c8468bec04d7b94955841fc39a346e8e.jpg...
2026-07-11 19:47:06,201 [INFO] (quantize_model.py #197, read_calibration_data): Load E:\Yolo-FastestV2-0.2\SolarBoardData\images\train\Imgdirty_554_1_jpg.rf.dcdb229781a0761c36b93467fa56d6de.jpg...
2026-07-11 19:47:06,232 [INFO] (quantize_model.py #197, read_calibration_data): Load E:\Yolo-FastestV2-0.2\SolarBoardData\images\train\Screenshot-2023-04-01-180950_png_jpg.rf.71eabfc0913000041127faa522a21ce8.jpg...
2026-07-11 19:47:06,241 [INFO] (quantize_model.py #197, read_calibration_data): Load E:\Yolo-FastestV2-0.2\SolarBoardData\images\train\pv_crack-122-_jpg.rf.c29d365a6aafb521915eff6a82547dee.jpg...
2026-07-11 19:47:06,251 [INFO] (quantize_model.py #197, read_calibration_data): Load E:\Yolo-FastestV2-0.2\SolarBoardData\images\train\Screenshot-2023-04-02-002436_png_jpg.rf.d66c4b922abe705622a8a8ee378baa07.jpg...
2026-07-11 19:47:06,260 [INFO] (quantize_model.py #197, read_calibration_data): Load E:\Yolo-FastestV2-0.2\SolarBoardData\images\train\IMG_0418_jpg.rf.b0c35047900376d739d3458bbbbf9aaf.jpg...
2026-07-11 19:47:06,270 [INFO] (quantize_model.py #197, read_calibration_data): Load E:\Yolo-FastestV2-0.2\SolarBoardData\images\train\Screenshot-2023-04-18-011947_png_jpg.rf.6892ed38e623cf5830a43fd68c1be042.jpg...
2026-07-11 19:47:06,281 [INFO] (quantize_model.py #197, read_calibration_data): Load E:\Yolo-FastestV2-0.2\SolarBoardData\images\train\Screenshot-2023-04-18-012044_png_jpg.rf.043cabc098f891845185a7bb7ae20d5d.jpg...
2026-07-11 19:47:06,290 [INFO] (quantize_model.py #197, read_calibration_data): Load E:\Yolo-FastestV2-0.2\SolarBoardData\images\train\cracked-428-_jpg.rf.c2245506e495462d0ff78d7f9740eb47.jpg...
2026-07-11 19:47:06,299 [INFO] (quantize_model.py #197, read_calibration_data): Load E:\Yolo-FastestV2-0.2\SolarBoardData\images\train\IMG_20230324_112151_jpg.rf.b758468b4e8a9882b7af6e1d4accb46f.jpg...
2026-07-11 19:47:06,309 [INFO] (quantize_model.py #197, read_calibration_data): Load E:\Yolo-FastestV2-0.2\SolarBoardData\images\train\cracked-ff3c284a-fe6f-11ed-9a94-5c60ba7633ae_jpg.rf.8e2248cb928aef31558dfe2665645b69.jpg...
2026-07-11 19:47:06,318 [INFO] (quantize_model.py #197, read_calibration_data): Load E:\Yolo-FastestV2-0.2\SolarBoardData\images\train\pv_crack-76-_jpg.rf.0210dd80d45f75e686f6af5245d8fa6a.jpg...
2026-07-11 19:47:06,332 [INFO] (quantize_model.py #197, read_calibration_data): Load E:\Yolo-FastestV2-0.2\SolarBoardData\images\train\IMG_0404_jpg.rf.ad986c7c85682b0c3af883b6aac638c4.jpg...
2026-07-11 19:47:06,341 [INFO] (quantize_model.py #197, read_calibration_data): Load E:\Yolo-FastestV2-0.2\SolarBoardData\images\train\Screenshot-2023-04-21-211949_png_jpg.rf.688406d52b14a524399429e1e19c2fb1.jpg...
2026-07-11 19:47:06,350 [INFO] (quantize_model.py #197, read_calibration_data): Load E:\Yolo-FastestV2-0.2\SolarBoardData\images\train\solar_Fri_Jun_16_14__6__43_2017_L_0-577434724073_I_0-562168627451_jpg.rf.77363283ae98de1cddfece50b20b00f3.jpg...
2026-07-11 19:47:06,356 [INFO] (quantize_model.py #197, read_calibration_data): Load E:\Yolo-FastestV2-0.2\SolarBoardData\images\train\cracked-437-_jpg.rf.10443fb3d230998ef8948814fdf58354.jpg...
2026-07-11 19:47:06,366 [INFO] (quantize_model.py #197, read_calibration_data): Load E:\Yolo-FastestV2-0.2\SolarBoardData\images\train\cracked-5-_jpg.rf.c698c8139662060e4e6655d98ea007bc.jpg...
2026-07-11 19:47:06,375 [INFO] (quantize_model.py #197, read_calibration_data): Load E:\Yolo-FastestV2-0.2\SolarBoardData\images\train\Screenshot-2023-04-02-001243_png_jpg.rf.a415c032613744149c67f472f903c500.jpg...
2026-07-11 19:47:06,386 [INFO] (quantize_model.py #197, read_calibration_data): Load E:\Yolo-FastestV2-0.2\SolarBoardData\images\train\Imgdirty_781_1_jpg.rf.918fd2840e16c41252e416355f5a80b0.jpg...
2026-07-11 19:47:06,393 [INFO] (quantize_model.py #197, read_calibration_data): Load E:\Yolo-FastestV2-0.2\SolarBoardData\images\train\Screenshot-2023-04-02-001523_png.rf.d4e7b8379908a1407252202949531415.jpg...
2026-07-11 19:47:06,403 [INFO] (quantize_model.py #197, read_calibration_data): Load E:\Yolo-FastestV2-0.2\SolarBoardData\images\train\IMG_0414_jpg.rf.8ec558d4c4af320d7fa334d3cdd7acc4.jpg...
2026-07-11 19:47:06,412 [INFO] (quantize_model.py #197, read_calibration_data): Load E:\Yolo-FastestV2-0.2\SolarBoardData\images\train\WhatsApp-Image-2023-03-20-at-19-19-23-2-_jpeg_jpg.rf.9a46b89fdfddd7a8c0d9e7e2cf00bc62.jpg...
2026-07-11 19:47:06,422 [INFO] (quantize_model.py #197, read_calibration_data): Load E:\Yolo-FastestV2-0.2\SolarBoardData\images\train\IMG_20230324_113749_jpg.rf.6808f3fdf6c3708db665711053f2e896.jpg...
2026-07-11 19:47:06,432 [INFO] (quantize_model.py #197, read_calibration_data): Load E:\Yolo-FastestV2-0.2\SolarBoardData\images\train\images-33-_jpg.rf.49eeeba705f2646eff13b28778e38a3a.jpg...
2026-07-11 19:47:06,440 [INFO] (quantize_model.py #197, read_calibration_data): Load E:\Yolo-FastestV2-0.2\SolarBoardData\images\train\Imgdirty_730_1_jpg.rf.9dba1212671ee26d40434bad4529dfce.jpg...
2026-07-11 19:47:06,470 [INFO] (quantize_model.py #197, read_calibration_data): Load E:\Yolo-FastestV2-0.2\SolarBoardData\images\train\good-a1ef5a32-fe6f-11ed-981d-5c60ba7633ae_jpg.rf.e872e3f269b916ef257b65f9323657e7.jpg...
2026-07-11 19:47:06,479 [INFO] (quantize_model.py #197, read_calibration_data): Load E:\Yolo-FastestV2-0.2\SolarBoardData\images\train\Screenshot-2023-04-18-011410_png.rf.6e9fd6cbb5f832b771d07b318a777dcd.jpg...
2026-07-11 19:47:06,486 [INFO] (quantize_model.py #197, read_calibration_data): Load E:\Yolo-FastestV2-0.2\SolarBoardData\images\train\IMG_0415_jpg.rf.fa457b85ab2cd53b78eeab6163cf35b7.jpg...
2026-07-11 19:47:06,496 [INFO] (quantize_model.py #197, read_calibration_data): Load E:\Yolo-FastestV2-0.2\SolarBoardData\images\train\solar_Wed_Jun_14_9__39__27_2017_L_0-279015320271_I_0-345050980392_jpg.rf.c515b77abc71a1d7177f13e30461c673.jpg...
2026-07-11 19:47:06,503 [INFO] (quantize_model.py #197, read_calibration_data): Load E:\Yolo-FastestV2-0.2\SolarBoardData\images\train\IMG_20230324_160255_jpg.rf.6b2bbccdc2fda368eb02088950f3bbcf.jpg...
2026-07-11 19:47:06,512 [INFO] (quantize_model.py #197, read_calibration_data): Load E:\Yolo-FastestV2-0.2\SolarBoardData\images\train\good-d64b447b-fe6f-11ed-a265-5c60ba7633ae_jpg.rf.40ccfc4f985759d9b8f81b1cccd4f246.jpg...
2026-07-11 19:47:06,521 [INFO] (quantize_model.py #197, read_calibration_data): Load E:\Yolo-FastestV2-0.2\SolarBoardData\images\train\Crack_19_jpg.rf.7f4263ec28de58d6dfeebc9ec955d118.jpg...
2026-07-11 19:47:06,531 [INFO] (quantize_model.py #197, read_calibration_data): Load E:\Yolo-FastestV2-0.2\SolarBoardData\images\train\IMG_20230319221952_3069230183487404545-jpg_23_jpg.rf.514c72ee62ec33e6bb3e7ca56f986b7c.jpg...
2026-07-11 19:47:06,541 [INFO] (quantize_model.py #197, read_calibration_data): Load E:\Yolo-FastestV2-0.2\SolarBoardData\images\train\WhatsApp-Image-2023-03-20-at-19-19-22_jpeg_jpg.rf.c486f32df7ba0552581567831897549e.jpg...
2026-07-11 19:47:06,550 [INFO] (quantize_model.py #197, read_calibration_data): Load E:\Yolo-FastestV2-0.2\SolarBoardData\images\train\solar_Thu_Jun_15_14__57__19_2017_L_0-438535668828_I_0-323509803922_jpg.rf.51b31721311b9b5965026f3e59ac22eb.jpg...
2026-07-11 19:47:06,557 [INFO] (quantize_model.py #197, read_calibration_data): Load E:\Yolo-FastestV2-0.2\SolarBoardData\images\train\IMG_0396_jpg.rf.660e193533e5a2521c621006dbda0503.jpg...
2026-07-11 19:47:06,566 [INFO] (quantize_model.py #197, read_calibration_data): Load E:\Yolo-FastestV2-0.2\SolarBoardData\images\train\cracked-85-_jpg.rf.1b841d374ab20d89cfa0af64813bd68b.jpg...
2026-07-11 19:47:06,576 [INFO] (quantize_model.py #197, read_calibration_data): Load E:\Yolo-FastestV2-0.2\SolarBoardData\images\train\cracked-0be0b6fb-fe70-11ed-b48f-5c60ba7633ae_jpg.rf.63348f12ccb7238b211270342edc1efb.jpg...
2026-07-11 19:47:06,584 [INFO] (quantize_model.py #197, read_calibration_data): Load E:\Yolo-FastestV2-0.2\SolarBoardData\images\train\good-d8194c79-fe6f-11ed-ac9a-5c60ba7633ae_jpg.rf.6fd8562fa4566e3af8a91453a23c5f2a.jpg...
2026-07-11 19:47:06,595 [INFO] (quantize_model.py #197, read_calibration_data): Load E:\Yolo-FastestV2-0.2\SolarBoardData\images\train\Screenshot-2023-04-21-211003_png_jpg.rf.bb5b10ea188da56501b4e11959a05f2c.jpg...
2026-07-11 19:47:06,605 [INFO] (quantize_model.py #197, read_calibration_data): Load E:\Yolo-FastestV2-0.2\SolarBoardData\images\train\Imgdirty_811_1_jpg.rf.16cf1c3dc656e57b4fb9554123ec826e.jpg...
2026-07-11 19:47:06,625 [INFO] (quantize_model.py #197, read_calibration_data): Load E:\Yolo-FastestV2-0.2\SolarBoardData\images\train\IMG_20230324_134107_jpg.rf.ee9b049f946ca7c2ba2b92c32155936a.jpg...
2026-07-11 19:47:06,635 [INFO] (quantize_model.py #197, read_calibration_data): Load E:\Yolo-FastestV2-0.2\SolarBoardData\images\train\good-dd86b288-fe6f-11ed-b752-5c60ba7633ae_jpg.rf.71eabd875474c59ffd40996a420c5778.jpg...
2026-07-11 19:47:06,643 [INFO] (quantize_model.py #197, read_calibration_data): Load E:\Yolo-FastestV2-0.2\SolarBoardData\images\train\IMG_0400_jpg.rf.904fc9bac8d0f77616d904c7fd7ef920.jpg...
2026-07-11 19:47:06,652 [INFO] (quantize_model.py #197, read_calibration_data): Load E:\Yolo-FastestV2-0.2\SolarBoardData\images\train\IMG_0433_jpg.rf.f1873613fa71bdab76c4bd7653e073d8.jpg...
2026-07-11 19:47:06,660 [INFO] (quantize_model.py #197, read_calibration_data): Load E:\Yolo-FastestV2-0.2\SolarBoardData\images\train\pv_crack-8-_jpg.rf.030d088f2e91dc080a2773e2f8f48e47.jpg...
2026-07-11 19:47:06,671 [INFO] (quantize_model.py #197, read_calibration_data): Load E:\Yolo-FastestV2-0.2\SolarBoardData\images\train\solar_Fri_Jun_30_15__15__8_2017_L_0-532686019519_I_0-471329411765_jpg.rf.ce913783404f61be2d3d32304a9126fb.jpg...
2026-07-11 19:47:06,677 [INFO] (quantize_model.py #197, read_calibration_data): Load E:\Yolo-FastestV2-0.2\SolarBoardData\images\train\Crack_231_jpg.rf.ef4c748b0a9232ddf03467263e79b94b.jpg...
2026-07-11 19:47:06,686 [INFO] (quantize_model.py #197, read_calibration_data): Load E:\Yolo-FastestV2-0.2\SolarBoardData\images\train\Imgdirty_615_1_jpg.rf.525bd89f81adc306788932c79b90abb9.jpg...
2026-07-11 19:47:06,705 [INFO] (quantize_model.py #197, read_calibration_data): Load E:\Yolo-FastestV2-0.2\SolarBoardData\images\train\WhatsApp-Image-2023-03-20-at-19-19-24_jpeg_jpg.rf.deee488786c7c2177a46d8899c3559fd.jpg...
2026-07-11 19:47:06,715 [INFO] (quantize_model.py #197, read_calibration_data): Load E:\Yolo-FastestV2-0.2\SolarBoardData\images\train\IMG_8574_jpg.rf.1427f3c905cad0a256d248472af963ac.jpg...
2026-07-11 19:47:06,724 [INFO] (quantize_model.py #197, read_calibration_data): Load E:\Yolo-FastestV2-0.2\SolarBoardData\images\train\Imgdirty_783_1_jpg.rf.6baab618383172a7c80bdaee6b7e3bb8.jpg...
2026-07-11 19:47:06,734 [INFO] (quantize_model.py #197, read_calibration_data): Load E:\Yolo-FastestV2-0.2\SolarBoardData\images\train\IMG_20230324_134052_jpg.rf.77bbf370dca078e2c0ef2f6a21e66d24.jpg...
2026-07-11 19:47:06,743 [INFO] (quantize_model.py #197, read_calibration_data): Load E:\Yolo-FastestV2-0.2\SolarBoardData\images\train\Crack_253_jpg.rf.931f84ca2e47b8543e123701b6d99899.jpg...
2026-07-11 19:47:06,752 [INFO] (quantize_model.py #197, read_calibration_data): Load E:\Yolo-FastestV2-0.2\SolarBoardData\images\train\good-a1ef5a32-fe6f-11ed-981d-5c60ba7633ae_jpg.rf.77a7afa78820570117361618efd6ab9c.jpg...
2026-07-11 19:47:06,762 [INFO] (quantize_model.py #197, read_calibration_data): Load E:\Yolo-FastestV2-0.2\SolarBoardData\images\train\Screenshot-2023-04-21-211416_png_jpg.rf.f29529ea3924ed601254254fb8753a72.jpg...
2026-07-11 19:47:06,771 [INFO] (quantize_model.py #197, read_calibration_data): Load E:\Yolo-FastestV2-0.2\SolarBoardData\images\train\Screenshot-2023-04-02-000552_png_jpg.rf.595a4108f97efd6263fcc52799700b54.jpg...
2026-07-11 19:47:06,780 [INFO] (quantize_model.py #197, read_calibration_data): Load E:\Yolo-FastestV2-0.2\SolarBoardData\images\train\Imgdirty_512_1_jpg.rf.695b0cc509f28119de70b0582731feed.jpg...
2026-07-11 19:47:06,792 [INFO] (quantize_model.py #197, read_calibration_data): Load E:\Yolo-FastestV2-0.2\SolarBoardData\images\train\IMG-20230418-WA0050_jpg.rf.eab6ab1d718a7216791064618bad2204.jpg...
2026-07-11 19:47:06,817 [INFO] (quantize_model.py #197, read_calibration_data): Load E:\Yolo-FastestV2-0.2\SolarBoardData\images\train\IMG_20230323_165048_jpg.rf.99f1e774a5f30218bbba2c3f65b7e987.jpg...
2026-07-11 19:47:06,826 [INFO] (quantize_model.py #197, read_calibration_data): Load E:\Yolo-FastestV2-0.2\SolarBoardData\images\train\Imgdirty_951_1_jpg.rf.4d25499a65b0324ab2f9e42054ee9d11.jpg...
2026-07-11 19:47:06,833 [INFO] (quantize_model.py #197, read_calibration_data): Load E:\Yolo-FastestV2-0.2\SolarBoardData\images\train\Screenshot-2023-04-18-012316_png_jpg.rf.9216cdbcaad0c2aa87b25d8c5fd04f91.jpg...
2026-07-11 19:47:06,841 [INFO] (quantize_model.py #197, read_calibration_data): Load E:\Yolo-FastestV2-0.2\SolarBoardData\images\train\cracked-418-_jpg.rf.74eed7cb658b40203d465235e2d17924.jpg...
2026-07-11 19:47:06,851 [INFO] (quantize_model.py #197, read_calibration_data): Load E:\Yolo-FastestV2-0.2\SolarBoardData\images\train\IMG_20230324_162101_jpg.rf.d51deb1172f262457b6a36d7fb52f45b.jpg...
2026-07-11 19:47:06,860 [INFO] (quantize_model.py #197, read_calibration_data): Load E:\Yolo-FastestV2-0.2\SolarBoardData\images\train\Imgclean_294_0_jpg.rf.b331cdccb1de26ec3f8ef5b1e23681d4.jpg...
2026-07-11 19:47:06,869 [INFO] (quantize_model.py #197, read_calibration_data): Load E:\Yolo-FastestV2-0.2\SolarBoardData\images\train\IMG_0395_jpg.rf.2d13c6cc35fab9dfaa42650e9d08f86e.jpg...
2026-07-11 19:47:06,879 [INFO] (quantize_model.py #197, read_calibration_data): Load E:\Yolo-FastestV2-0.2\SolarBoardData\images\train\Crack_216_jpg.rf.df98054a9c5ee7c87c4916953a1fc02d.jpg...
2026-07-11 19:47:06,888 [INFO] (quantize_model.py #197, read_calibration_data): Load E:\Yolo-FastestV2-0.2\SolarBoardData\images\train\photo_2023-07-19_16-27-27-2-_jpg.rf.6ecc9db3328b4c93bfa1226947cf1d7f.jpg...
2026-07-11 19:47:06,899 [INFO] (quantize_model.py #197, read_calibration_data): Load E:\Yolo-FastestV2-0.2\SolarBoardData\images\train\cracked-67-_jpg.rf.aee761dc2629001e967898885194735e.jpg...
2026-07-11 19:47:06,908 [INFO] (quantize_model.py #197, read_calibration_data): Load E:\Yolo-FastestV2-0.2\SolarBoardData\images\train\Imgdirty_799_1_jpg.rf.b7ba49dc01458fbcce6c20faa5ee5eb6.jpg...
2026-07-11 19:47:06,915 [INFO] (quantize_model.py #197, read_calibration_data): Load E:\Yolo-FastestV2-0.2\SolarBoardData\images\train\91_jpg.rf.45332315a8e4c6e7b65a4be457f5df58.jpg...
2026-07-11 19:47:06,925 [INFO] (quantize_model.py #197, read_calibration_data): Load E:\Yolo-FastestV2-0.2\SolarBoardData\images\train\cracked-240-_jpg.rf.f80fce1cf40d365cfca2e88d4654853e.jpg...
2026-07-11 19:47:06,934 [INFO] (quantize_model.py #197, read_calibration_data): Load E:\Yolo-FastestV2-0.2\SolarBoardData\images\train\Imgdirty_194_1_jpg.rf.2476117f1f4a4a9c96d1b81969f03ce8.jpg...
2026-07-11 19:47:06,940 [INFO] (quantize_model.py #197, read_calibration_data): Load E:\Yolo-FastestV2-0.2\SolarBoardData\images\train\pv_crack-176-_jpg.rf.e997bfad8729823d3bc05bee74c01246.jpg...
2026-07-11 19:47:06,950 [INFO] (quantize_model.py #197, read_calibration_data): Load E:\Yolo-FastestV2-0.2\SolarBoardData\images\train\Crack_225_jpg.rf.ab27da33dbe1ed2ee40b61ee649d1daf.jpg...
2026-07-11 19:47:06,958 [INFO] (quantize_model.py #197, read_calibration_data): Load E:\Yolo-FastestV2-0.2\SolarBoardData\images\train\Screenshot-2023-04-02-001800_png.rf.786995d8d1ba6cbdb2319b58573ae103.jpg...
2026-07-11 19:47:06,971 [INFO] (quantize_model.py #197, read_calibration_data): Load E:\Yolo-FastestV2-0.2\SolarBoardData\images\train\IMG_8595_jpg.rf.7727f094dbf1ce64e5061c9049f03d93.jpg...
2026-07-11 19:47:06,980 [INFO] (quantize_model.py #197, read_calibration_data): Load E:\Yolo-FastestV2-0.2\SolarBoardData\images\train\Screenshot-2023-04-01-181910_png.rf.581fd94cb8a581ab981ef01a00f11fdb.jpg...
2026-07-11 19:47:06,992 [INFO] (quantize_model.py #197, read_calibration_data): Load E:\Yolo-FastestV2-0.2\SolarBoardData\images\train\Imgdirty_802_1_jpg.rf.236cad501395706328472ba73a071e25.jpg...
2026-07-11 19:47:07,002 [INFO] (quantize_model.py #197, read_calibration_data): Load E:\Yolo-FastestV2-0.2\SolarBoardData\images\train\IMG_20230323_165709_jpg.rf.1f827f74a9d6a5320141b7c51fc290f2.jpg...
2026-07-11 19:47:07,011 [INFO] (quantize_model.py #197, read_calibration_data): Load E:\Yolo-FastestV2-0.2\SolarBoardData\images\train\cracked-431-_jpg.rf.0b3b6bfeea70cc7cf0d787d27d1b871b.jpg...
2026-07-11 19:47:07,021 [INFO] (quantize_model.py #197, read_calibration_data): Load E:\Yolo-FastestV2-0.2\SolarBoardData\images\train\cracked-40-_jpg.rf.12c1d899299ab1e42489bd4e06213239.jpg...
2026-07-11 19:47:07,029 [INFO] (quantize_model.py #197, read_calibration_data): Load E:\Yolo-FastestV2-0.2\SolarBoardData\images\train\IMG_0403_jpg.rf.678d100cedfa702b37e4ed0d61c7432e.jpg...
2026-07-11 19:47:07,039 [INFO] (quantize_model.py #197, read_calibration_data): Load E:\Yolo-FastestV2-0.2\SolarBoardData\images\train\016_jpg.rf.ebd487f92bc7b3777a1f3322a25edfbd.jpg...
2026-07-11 19:47:07,049 [INFO] (quantize_model.py #197, read_calibration_data): Load E:\Yolo-FastestV2-0.2\SolarBoardData\images\train\Crack_201_jpg.rf.6f1e039c6a03b42dd2278f42d89e6f16.jpg...
2026-07-11 19:47:07,058 [INFO] (quantize_model.py #197, read_calibration_data): Load E:\Yolo-FastestV2-0.2\SolarBoardData\images\train\good-c9a4e5a6-fe6f-11ed-8112-5c60ba7633ae_jpg.rf.f02193bc31eb4d37dffe4e0e4fc36bae.jpg...
2026-07-11 19:47:07,067 [INFO] (quantize_model.py #197, read_calibration_data): Load E:\Yolo-FastestV2-0.2\SolarBoardData\images\train\good-df559385-fe6f-11ed-86dd-5c60ba7633ae_jpg.rf.971dd4a0e9389477129f75912db36996.jpg...
2026-07-11 19:47:07,076 [INFO] (quantize_model.py #197, read_calibration_data): Load E:\Yolo-FastestV2-0.2\SolarBoardData\images\train\frame105_jpg.rf.4763f75b9d9b61400ca66c7f7bdb1c81.jpg...
2026-07-11 19:47:07,085 [INFO] (quantize_model.py #197, read_calibration_data): Load E:\Yolo-FastestV2-0.2\SolarBoardData\images\train\good-d64b447b-fe6f-11ed-a265-5c60ba7633ae_jpg.rf.2e993e2f509c3a9a784d72d58e756be8.jpg...
2026-07-11 19:47:07,095 [INFO] (quantize_model.py #197, read_calibration_data): Load E:\Yolo-FastestV2-0.2\SolarBoardData\images\train\IMG_20230323_173324_jpg.rf.219c7b2205b0e6fec1776aafd3f61880.jpg...
2026-07-11 19:47:07,103 [INFO] (quantize_model.py #197, read_calibration_data): Load E:\Yolo-FastestV2-0.2\SolarBoardData\images\train\photo_2023-07-19_16-27-27-2-_jpg.rf.44d8f4055f2075a4627429c80efe7f60.jpg...
2026-07-11 19:47:07,113 [INFO] (quantize_model.py #197, read_calibration_data): Load E:\Yolo-FastestV2-0.2\SolarBoardData\images\train\good-d9e936a6-fe6f-11ed-86e2-5c60ba7633ae_jpg.rf.ba2b921dcf531336286d1c0e87c840fe.jpg...
2026-07-11 19:47:07,122 [INFO] (quantize_model.py #197, read_calibration_data): Load E:\Yolo-FastestV2-0.2\SolarBoardData\images\train\IMG_0448_jpg.rf.7a7bb961119aab221785adf74f741ae4.jpg...
2026-07-11 19:47:07,131 [INFO] (quantize_model.py #197, read_calibration_data): Load E:\Yolo-FastestV2-0.2\SolarBoardData\images\train\solar_Fri_Jun_23_17__34__12_2017_L_0-24779967066_I_0-069062745098_jpg.rf.34b2b428b54c27575872e0f668422967.jpg...
2026-07-11 19:47:07,138 [INFO] (quantize_model.py #197, read_calibration_data): Load E:\Yolo-FastestV2-0.2\SolarBoardData\images\train\Imgdirty_797_1_jpg.rf.8f043c1f5d6356cd5ed0cadc03da8720.jpg...
2026-07-11 19:47:07,156 [INFO] (quantize_model.py #197, read_calibration_data): Load E:\Yolo-FastestV2-0.2\SolarBoardData\images\train\good-d9e936a6-fe6f-11ed-86e2-5c60ba7633ae_jpg.rf.50aa0d91f4f9fdd78f020a1835e13a49.jpg...
2026-07-11 19:47:07,164 [INFO] (quantize_model.py #197, read_calibration_data): Load E:\Yolo-FastestV2-0.2\SolarBoardData\images\train\Imgclean_34_0_jpg.rf.ee0f7011f96947022309dd464321ead7.jpg...
2026-07-11 19:47:07,174 [INFO] (quantize_model.py #197, read_calibration_data): Load E:\Yolo-FastestV2-0.2\SolarBoardData\images\train\IMG_0440_jpg.rf.0688567254d2da25ba4e9719a571dc1b.jpg...
2026-07-11 19:47:07,183 [INFO] (quantize_model.py #197, read_calibration_data): Load E:\Yolo-FastestV2-0.2\SolarBoardData\images\train\cracked-0f7dfef7-fe70-11ed-ac7b-5c60ba7633ae_jpg.rf.5fc6940f781c9ea99bddba508e12de6e.jpg...
2026-07-11 19:47:07,192 [INFO] (quantize_model.py #197, read_calibration_data): Load E:\Yolo-FastestV2-0.2\SolarBoardData\images\train\IMG_0403_jpg.rf.807ab219d44863dafadf4bb108693d22.jpg...
2026-07-11 19:47:07,202 [INFO] (quantize_model.py #197, read_calibration_data): Load E:\Yolo-FastestV2-0.2\SolarBoardData\images\train\pv_crack-24-_jpg.rf.c233b48eb382a1a9945f7abfefc261f9.jpg...
2026-07-11 19:47:07,211 [INFO] (quantize_model.py #197, read_calibration_data): Load E:\Yolo-FastestV2-0.2\SolarBoardData\images\train\Imgdirty_609_1_jpg.rf.1408dd3e2e27b5426639dc0253d15aa5.jpg...
2026-07-11 19:47:07,223 [INFO] (quantize_model.py #197, read_calibration_data): Load E:\Yolo-FastestV2-0.2\SolarBoardData\images\train\Imgdirty_347_1_jpg.rf.81110357941583d65acc8bcf23b74935.jpg...
2026-07-11 19:47:07,235 [INFO] (quantize_model.py #197, read_calibration_data): Load E:\Yolo-FastestV2-0.2\SolarBoardData\images\train\IMG_0449_jpg.rf.8fa10af49a74ef04583ad46430bf554a.jpg...
2026-07-11 19:47:07,244 [INFO] (quantize_model.py #197, read_calibration_data): Load E:\Yolo-FastestV2-0.2\SolarBoardData\images\train\cracked-56-_jpg.rf.6cecb9843a560a5400f8b632d3b2c85d.jpg...
2026-07-11 19:47:07,254 [INFO] (quantize_model.py #197, read_calibration_data): Load E:\Yolo-FastestV2-0.2\SolarBoardData\images\train\cracked-54-_jpg.rf.44db44a8f16b7056943eabb90073fb47.jpg...
2026-07-11 19:47:07,264 [INFO] (quantize_model.py #197, read_calibration_data): Load E:\Yolo-FastestV2-0.2\SolarBoardData\images\train\Imgdirty_1014_1_jpg.rf.48c8dc96c38913fc1a87489ea7a170ea.jpg...
2026-07-11 19:47:07,270 [INFO] (quantize_model.py #197, read_calibration_data): Load E:\Yolo-FastestV2-0.2\SolarBoardData\images\train\Imgdirty_1059_1_jpg.rf.0ad81f1617a97c47bdcdef1e5c0f55d7.jpg...
2026-07-11 19:47:07,280 [INFO] (quantize_model.py #197, read_calibration_data): Load E:\Yolo-FastestV2-0.2\SolarBoardData\images\train\cracked-f464c296-fe6f-11ed-8a60-5c60ba7633ae_jpg.rf.e97c0380ea603c528d13e905ad73ba3d.jpg...
2026-07-11 19:47:07,290 [INFO] (quantize_model.py #197, read_calibration_data): Load E:\Yolo-FastestV2-0.2\SolarBoardData\images\train\IMG_0418_jpg.rf.07b22acae14ab1f1c1c9c11b3facaec1.jpg...
2026-07-11 19:47:07,299 [INFO] (quantize_model.py #197, read_calibration_data): Load E:\Yolo-FastestV2-0.2\SolarBoardData\images\train\cracked-95-_jpg.rf.8275a5775245492f4dfdaae77ac3c6fa.jpg...
2026-07-11 19:47:07,308 [INFO] (quantize_model.py #197, read_calibration_data): Load E:\Yolo-FastestV2-0.2\SolarBoardData\images\train\solar_Wed_Jun_21_9__1__36_2017_L_0-231275582035_I_0-4206_jpg.rf.51db4909022b4368f6de81ee0f5414fc.jpg...
2026-07-11 19:47:07,316 [INFO] (quantize_model.py #197, read_calibration_data): Load E:\Yolo-FastestV2-0.2\SolarBoardData\images\train\good-e4c24e15-fe6f-11ed-986d-5c60ba7633ae_jpg.rf.50a295c5aa53911b4e1293cd3c46777f.jpg...
2026-07-11 19:47:07,325 [INFO] (quantize_model.py #197, read_calibration_data): Load E:\Yolo-FastestV2-0.2\SolarBoardData\images\train\IMG_8580_jpg.rf.ecba487b132a0c2079f8532c5dfcc729.jpg...
2026-07-11 19:47:07,333 [INFO] (quantize_model.py #197, read_calibration_data): Load E:\Yolo-FastestV2-0.2\SolarBoardData\images\train\Imgdirty_208_1_jpg.rf.20791e4b88a7ca2b8b8bceb121e6f344.jpg...
2026-07-11 19:47:07,345 [INFO] (quantize_model.py #197, read_calibration_data): Load E:\Yolo-FastestV2-0.2\SolarBoardData\images\train\WhatsApp-Image-2023-03-20-at-19-19-24_jpeg_jpg.rf.f500932458f4400c63ae82bc619dd932.jpg...
2026-07-11 19:47:07,355 [INFO] (quantize_model.py #197, read_calibration_data): Load E:\Yolo-FastestV2-0.2\SolarBoardData\images\train\Imgdirty_674_1_jpg.rf.9e37f05cb704f5acb56acdf92611b13e.jpg...
2026-07-11 19:47:07,376 [INFO] (quantize_model.py #197, read_calibration_data): Load E:\Yolo-FastestV2-0.2\SolarBoardData\images\train\Imgdirty_813_1_jpg.rf.8070b251573849ffcf8102f1c0116315.jpg...
2026-07-11 19:47:07,388 [INFO] (quantize_model.py #197, read_calibration_data): Load E:\Yolo-FastestV2-0.2\SolarBoardData\images\train\Rusak958_png_jpg.rf.870e1de2720ac82ba1ac46f5974726cc.jpg...
2026-07-11 19:47:07,395 [INFO] (quantize_model.py #197, read_calibration_data): Load E:\Yolo-FastestV2-0.2\SolarBoardData\images\train\good-d64b447b-fe6f-11ed-a265-5c60ba7633ae_jpg.rf.304d1999b3b8144c735ef0548260acda.jpg...
2026-07-11 19:47:07,405 [INFO] (quantize_model.py #197, read_calibration_data): Load E:\Yolo-FastestV2-0.2\SolarBoardData\images\train\IMG_0394_jpg.rf.4584e274e07adbba56e8015e8dc89807.jpg...
2026-07-11 19:47:07,414 [INFO] (quantize_model.py #197, read_calibration_data): Load E:\Yolo-FastestV2-0.2\SolarBoardData\images\train\cracked-0dafdbd6-fe70-11ed-bc65-5c60ba7633ae_jpg.rf.366aac8b3aa4bc65cb4422fe89b9f431.jpg...
2026-07-11 19:47:07,422 [INFO] (quantize_model.py #197, read_calibration_data): Load E:\Yolo-FastestV2-0.2\SolarBoardData\images\train\IMG_0408_jpg.rf.ed0d8632bc4d27e8e72a7c01ec1a4f16.jpg...
2026-07-11 19:47:07,431 [INFO] (quantize_model.py #197, read_calibration_data): Load E:\Yolo-FastestV2-0.2\SolarBoardData\images\train\IMG_0418_jpg.rf.80713d357b6e91d66e1403d654d923be.jpg...
2026-07-11 19:47:07,440 [INFO] (quantize_model.py #197, read_calibration_data): Load E:\Yolo-FastestV2-0.2\SolarBoardData\images\train\IMG_0445_jpg.rf.ea213f9c76afdbc0772e361c324dfcb4.jpg...
2026-07-11 19:47:07,449 [INFO] (quantize_model.py #197, read_calibration_data): Load E:\Yolo-FastestV2-0.2\SolarBoardData\images\train\good-cd420062-fe6f-11ed-951b-5c60ba7633ae_jpg.rf.f1bce5e5b6563444a52318a17bd20767.jpg...
2026-07-11 19:47:07,458 [INFO] (quantize_model.py #197, read_calibration_data): Load E:\Yolo-FastestV2-0.2\SolarBoardData\images\train\pv_crack-100-_jpg.rf.9ff2609bf23fb38f751bfe5bc4697a05.jpg...
2026-07-11 19:47:07,468 [INFO] (quantize_model.py #197, read_calibration_data): Load E:\Yolo-FastestV2-0.2\SolarBoardData\images\train\IMG_20230324_113224_jpg.rf.dfbb588922dc2089967a200a1e2d7a41.jpg...
2026-07-11 19:47:07,477 [INFO] (quantize_model.py #197, read_calibration_data): Load E:\Yolo-FastestV2-0.2\SolarBoardData\images\train\photo_2023-07-19_16-27-18_jpg.rf.bccaee8d60c74b6f358839178ef764d1.jpg...
2026-07-11 19:47:07,486 [INFO] (quantize_model.py #197, read_calibration_data): Load E:\Yolo-FastestV2-0.2\SolarBoardData\images\train\good-dd86b288-fe6f-11ed-b752-5c60ba7633ae_jpg.rf.aa68d91e382287f2b9081ba15a689904.jpg...
2026-07-11 19:47:07,495 [INFO] (quantize_model.py #197, read_calibration_data): Load E:\Yolo-FastestV2-0.2\SolarBoardData\images\train\good-d47d48f1-fe6f-11ed-9a5f-5c60ba7633ae_jpg.rf.e5c80a36d001b9c949ed8e51c7e399d4.jpg...
2026-07-11 19:47:07,504 [INFO] (quantize_model.py #197, read_calibration_data): Load E:\Yolo-FastestV2-0.2\SolarBoardData\images\train\pv_crack-108-_jpg.rf.774e81578f22a4e0cb5dc8ecad0d0e04.jpg...
2026-07-11 19:47:07,514 [INFO] (quantize_model.py #197, read_calibration_data): Load E:\Yolo-FastestV2-0.2\SolarBoardData\images\train\solar_Tue_Jun_13_14__48__8_2017_L_0-134016340584_I_0-699329411765_jpg.rf.a769496c41f09e03ec12b2111991b5ea.jpg...
2026-07-11 19:47:07,521 [INFO] (quantize_model.py #197, read_calibration_data): Load E:\Yolo-FastestV2-0.2\SolarBoardData\images\train\good-d64b447b-fe6f-11ed-a265-5c60ba7633ae_jpg.rf.956db6c0424f23a684ef7938f2f7f389.jpg...
2026-07-11 19:47:07,530 [INFO] (quantize_model.py #197, read_calibration_data): Load E:\Yolo-FastestV2-0.2\SolarBoardData\images\train\photo_2023-07-19_16-27-31_jpg.rf.500845a5f8561e984b22112a0c1dfd8b.jpg...
2026-07-11 19:47:07,540 [INFO] (quantize_model.py #197, read_calibration_data): Load E:\Yolo-FastestV2-0.2\SolarBoardData\images\train\cracked-ed29701c-fe6f-11ed-a2d7-5c60ba7633ae_jpg.rf.6c23cfe07d09b03cd6f8ee08d782cf2f.jpg...
2026-07-11 19:47:07,550 [INFO] (quantize_model.py #197, read_calibration_data): Load E:\Yolo-FastestV2-0.2\SolarBoardData\images\train\Imgdirty_17_1_jpg.rf.b523b45cce746bec904ca597e58f4401.jpg...
2026-07-11 19:47:07,558 [INFO] (quantize_model.py #197, read_calibration_data): Load E:\Yolo-FastestV2-0.2\SolarBoardData\images\train\cracked-0be0b6fb-fe70-11ed-b48f-5c60ba7633ae_jpg.rf.a51917098043438b7ef92049ef5317fb.jpg...
2026-07-11 19:47:07,568 [INFO] (quantize_model.py #197, read_calibration_data): Load E:\Yolo-FastestV2-0.2\SolarBoardData\images\train\pv_crack-9-_jpg.rf.d2899e97499e7e3f7804fcadbbf2ec78.jpg...
2026-07-11 19:47:07,577 [INFO] (quantize_model.py #197, read_calibration_data): Load E:\Yolo-FastestV2-0.2\SolarBoardData\images\train\WhatsApp-Image-2023-03-20-at-19-19-22_jpeg_jpg.rf.5a91f5033155c495f47eeaa2a7885acf.jpg...
2026-07-11 19:47:07,587 [INFO] (quantize_model.py #197, read_calibration_data): Load E:\Yolo-FastestV2-0.2\SolarBoardData\images\train\good-e2f2a720-fe6f-11ed-9edc-5c60ba7633ae_jpg.rf.df46f528b77d930ecff3bda78e7f1923.jpg...
2026-07-11 19:47:07,597 [INFO] (quantize_model.py #197, read_calibration_data): Load E:\Yolo-FastestV2-0.2\SolarBoardData\images\train\IMG_20230325_114400_jpg.rf.31481f52850300a0b113675fd21a44e8.jpg...
2026-07-11 19:47:07,606 [INFO] (quantize_model.py #197, read_calibration_data): Load E:\Yolo-FastestV2-0.2\SolarBoardData\images\train\cracked-61-_jpg.rf.a696f944c9d5752d78eca1233cb6baf7.jpg...
2026-07-11 19:47:07,617 [INFO] (quantize_model.py #197, read_calibration_data): Load E:\Yolo-FastestV2-0.2\SolarBoardData\images\train\IMG_8574_jpg.rf.c7f455f788de84da86269d284ecbcadc.jpg...
2026-07-11 19:47:07,626 [INFO] (quantize_model.py #197, read_calibration_data): Load E:\Yolo-FastestV2-0.2\SolarBoardData\images\train\pv_crack-35-_jpg.rf.44cd71d8e741f22b9973bfc70e488693.jpg...
2026-07-11 19:47:07,636 [INFO] (quantize_model.py #197, read_calibration_data): Load E:\Yolo-FastestV2-0.2\SolarBoardData\images\train\Screenshot-2023-04-01-182226_png.rf.0f305bc6be9bb986a93c5d65e2b47e39.jpg...
2026-07-11 19:47:07,647 [INFO] (quantize_model.py #197, read_calibration_data): Load E:\Yolo-FastestV2-0.2\SolarBoardData\images\train\Screenshot-2023-04-02-002333_png_jpg.rf.585e7d7a3839e18327920710b56ea295.jpg...
2026-07-11 19:47:07,657 [INFO] (quantize_model.py #197, read_calibration_data): Load E:\Yolo-FastestV2-0.2\SolarBoardData\images\train\IMG_0418_jpg.rf.8ba20b4c12488b360145189c3d183308.jpg...
2026-07-11 19:47:07,666 [INFO] (quantize_model.py #197, read_calibration_data): Load E:\Yolo-FastestV2-0.2\SolarBoardData\images\train\good-df559385-fe6f-11ed-86dd-5c60ba7633ae_jpg.rf.aaeada2e10c99453d247c27415d92ee2.jpg...
2026-07-11 19:47:07,675 [INFO] (quantize_model.py #197, read_calibration_data): Load E:\Yolo-FastestV2-0.2\SolarBoardData\images\train\IMG_0393_jpg.rf.78740d6a06325d41acb0de9419af14a1.jpg...
2026-07-11 19:47:07,684 [INFO] (quantize_model.py #197, read_calibration_data): Load E:\Yolo-FastestV2-0.2\SolarBoardData\images\train\pv_crack-128-_jpg.rf.ed4bda116570662178bc4681d08b39ea.jpg...
2026-07-11 19:47:07,694 [INFO] (quantize_model.py #197, read_calibration_data): Load E:\Yolo-FastestV2-0.2\SolarBoardData\images\train\good-d0df07e1-fe6f-11ed-a98d-5c60ba7633ae_jpg.rf.7d6bd2d446ae7f26b0ca0c11e3030324.jpg...
2026-07-11 19:47:07,703 [INFO] (quantize_model.py #197, read_calibration_data): Load E:\Yolo-FastestV2-0.2\SolarBoardData\images\train\photo_2023-07-19_16-27-31-2-_jpg.rf.7a81fef054892e81920faaba2b9d9628.jpg...
2026-07-11 19:47:07,713 [INFO] (quantize_model.py #197, read_calibration_data): Load E:\Yolo-FastestV2-0.2\SolarBoardData\images\train\Imgdirty_1060_1_jpg.rf.ad5a9d2d5c9f250062c7588638d63c44.jpg...
2026-07-11 19:47:07,720 [INFO] (quantize_model.py #197, read_calibration_data): Load E:\Yolo-FastestV2-0.2\SolarBoardData\images\train\WhatsApp-Image-2023-03-20-at-19-19-28-1-_jpeg_jpg.rf.501b29fd6e7219fb663ebae3f81de647.jpg...
2026-07-11 19:47:07,731 [INFO] (quantize_model.py #197, read_calibration_data): Load E:\Yolo-FastestV2-0.2\SolarBoardData\images\train\IMG_20230319222042_940316520959800810-jpg_87_jpg.rf.5cc59ddc169695f7240dd9658b211a19.jpg...
2026-07-11 19:47:07,738 [INFO] (quantize_model.py #197, read_calibration_data): Load E:\Yolo-FastestV2-0.2\SolarBoardData\images\train\Screenshot-2023-04-01-181128_png_jpg.rf.72e225b06b0164cf9f7b967b671970ad.jpg...
2026-07-11 19:47:07,748 [INFO] (quantize_model.py #197, read_calibration_data): Load E:\Yolo-FastestV2-0.2\SolarBoardData\images\train\pv_crack-120-_jpg.rf.bb95fac97c808a4d7aba32f71007ef7e.jpg...
2026-07-11 19:47:07,756 [INFO] (quantize_model.py #197, read_calibration_data): Load E:\Yolo-FastestV2-0.2\SolarBoardData\images\train\cracked-422-_jpg.rf.60e3d26b86407af89fab50f0a9d2afcd.jpg...
2026-07-11 19:47:07,766 [INFO] (quantize_model.py #197, read_calibration_data): Load E:\Yolo-FastestV2-0.2\SolarBoardData\images\train\WhatsApp-Image-2023-03-20-at-19-19-26_jpeg_jpg.rf.1a83daac95a428f7f25aa567f5b91316.jpg...
2026-07-11 19:47:07,776 [INFO] (quantize_model.py #197, read_calibration_data): Load E:\Yolo-FastestV2-0.2\SolarBoardData\images\train\Screenshot-2023-04-02-000939_png_jpg.rf.eb0bc5e86640148ced6f6fb0dbe91214.jpg...
2026-07-11 19:47:07,784 [INFO] (quantize_model.py #197, read_calibration_data): Load E:\Yolo-FastestV2-0.2\SolarBoardData\images\train\solar_Thu_Jun_15_15__45__39_2017_L_0-399406198313_I_0-289262745098_jpg.rf.cba5aa5274c29eca882ad2f8bb21c40d.jpg...
2026-07-11 19:47:07,791 [INFO] (quantize_model.py #197, read_calibration_data): Load E:\Yolo-FastestV2-0.2\SolarBoardData\images\train\IMG_0415_jpg.rf.0b2b4b836e9fa41d314229f5ea6017a6.jpg...
2026-07-11 19:47:07,800 [INFO] (quantize_model.py #197, read_calibration_data): Load E:\Yolo-FastestV2-0.2\SolarBoardData\images\train\good-d8194c79-fe6f-11ed-ac9a-5c60ba7633ae_jpg.rf.d7758e95375dc15187af82c4a4343d3c.jpg...
2026-07-11 19:47:07,809 [INFO] (quantize_model.py #197, read_calibration_data): Load E:\Yolo-FastestV2-0.2\SolarBoardData\images\train\IMG_20230325_132857_jpg.rf.54ce0a473763ca9027098aa5428f73c6.jpg...
2026-07-11 19:47:07,819 [INFO] (quantize_model.py #197, read_calibration_data): Load E:\Yolo-FastestV2-0.2\SolarBoardData\images\train\IMG_0404_jpg.rf.708011b7160e22c559a6b16bc9488567.jpg...
2026-07-11 19:47:07,828 [INFO] (quantize_model.py #197, read_calibration_data): Load E:\Yolo-FastestV2-0.2\SolarBoardData\images\train\IMG_0400_jpg.rf.97efaf39644a25778d4613535913ea60.jpg...
2026-07-11 19:47:07,837 [INFO] (quantize_model.py #197, read_calibration_data): Load E:\Yolo-FastestV2-0.2\SolarBoardData\images\train\Imgdirty_341_1_jpg.rf.fcc2c0160bd360d3aff6b818964a1594.jpg...
2026-07-11 19:47:07,849 [INFO] (quantize_model.py #197, read_calibration_data): Load E:\Yolo-FastestV2-0.2\SolarBoardData\images\train\good-d47d48f1-fe6f-11ed-9a5f-5c60ba7633ae_jpg.rf.4352021b6a584a3f7ebb42b0081fc9f3.jpg...
2026-07-11 19:47:07,859 [INFO] (quantize_model.py #197, read_calibration_data): Load E:\Yolo-FastestV2-0.2\SolarBoardData\images\train\Imgdirty_880_1_jpg.rf.a637b6696a5c7834ad7e1ebb60f2449a.jpg...
2026-07-11 19:47:07,866 [INFO] (quantize_model.py #197, read_calibration_data): Load E:\Yolo-FastestV2-0.2\SolarBoardData\images\train\Imgdirty_261_1_jpg.rf.967d87879b1842bc15daba6202439cf2.jpg...
2026-07-11 19:47:07,879 [INFO] (quantize_model.py #197, read_calibration_data): Load E:\Yolo-FastestV2-0.2\SolarBoardData\images\train\IMG_20230323_165221_jpg.rf.777fd218c6dfdc05635266aade09b697.jpg...
2026-07-11 19:47:07,888 [INFO] (quantize_model.py #197, read_calibration_data): Load E:\Yolo-FastestV2-0.2\SolarBoardData\images\train\IMG_0389_jpg.rf.c417012aab52f3b6f15eaf8b253003d9.jpg...
2026-07-11 19:47:07,898 [INFO] (quantize_model.py #197, read_calibration_data): Load E:\Yolo-FastestV2-0.2\SolarBoardData\images\train\IMG_0403_jpg.rf.9ec00f8f89062e5e2af5dc2431a787e0.jpg...
2026-07-11 19:47:07,907 [INFO] (quantize_model.py #197, read_calibration_data): Load E:\Yolo-FastestV2-0.2\SolarBoardData\images\train\1677069179169_jpg.rf.b8bf7209db45faef6ca2d0cb6c32ae4c.jpg...
2026-07-11 19:47:07,916 [INFO] (quantize_model.py #197, read_calibration_data): Load E:\Yolo-FastestV2-0.2\SolarBoardData\images\train\pv_crack-12-_jpg.rf.c761259fa742ef10c8feddd8874618fc.jpg...
2026-07-11 19:47:07,926 [INFO] (quantize_model.py #197, read_calibration_data): Load E:\Yolo-FastestV2-0.2\SolarBoardData\images\train\Imgdirty_67_1_jpg.rf.e2895996c7b05ee37f859ff9026384a8.jpg...
2026-07-11 19:47:07,934 [INFO] (quantize_model.py #197, read_calibration_data): Load E:\Yolo-FastestV2-0.2\SolarBoardData\images\train\Imgdirty_525_1_jpg.rf.e7a753cdd009cc35149f426d6e6c0514.jpg...
2026-07-11 19:47:07,951 [INFO] (quantize_model.py #197, read_calibration_data): Load E:\Yolo-FastestV2-0.2\SolarBoardData\images\train\good-e2f2a720-fe6f-11ed-9edc-5c60ba7633ae_jpg.rf.69abe113018015a3afb28913a294b142.jpg...
2026-07-11 19:47:07,961 [INFO] (quantize_model.py #197, read_calibration_data): Load E:\Yolo-FastestV2-0.2\SolarBoardData\images\train\cracked-f0c72d6f-fe6f-11ed-a636-5c60ba7633ae_jpg.rf.a3881dbfeae25f43b62693802c6cb2c9.jpg...
2026-07-11 19:47:07,969 [INFO] (quantize_model.py #197, read_calibration_data): Load E:\Yolo-FastestV2-0.2\SolarBoardData\images\train\Imgdirty_767_1_jpg.rf.b8672c57bebc3878665c6dbada60eacd.jpg...
2026-07-11 19:47:07,978 [INFO] (quantize_model.py #197, read_calibration_data): Load E:\Yolo-FastestV2-0.2\SolarBoardData\images\train\Crack_253_jpg.rf.d64ffa0805e7ab0c64b990a16fcf43d0.jpg...
2026-07-11 19:47:07,986 [INFO] (quantize_model.py #197, read_calibration_data): Load E:\Yolo-FastestV2-0.2\SolarBoardData\images\train\solar_Fri_Jun_16_13__17__22_2017_L_0-490579414355_I_0-365074509804_jpg.rf.7c1895f27beedb07fe5af795ad581ca3.jpg...
2026-07-11 19:47:07,993 [INFO] (quantize_model.py #197, read_calibration_data): Load E:\Yolo-FastestV2-0.2\SolarBoardData\images\train\cracked-434-_jpg.rf.2b7cc68aead764bc42553122ac20c967.jpg...
2026-07-11 19:47:08,003 [INFO] (quantize_model.py #197, read_calibration_data): Load E:\Yolo-FastestV2-0.2\SolarBoardData\images\train\pv_crack-169-_jpg.rf.05d66eac6df1f4f0bb2a51bb4176bb47.jpg...
2026-07-11 19:47:08,014 [INFO] (quantize_model.py #197, read_calibration_data): Load E:\Yolo-FastestV2-0.2\SolarBoardData\images\train\IMG_8599_jpg.rf.cfa296f86f758d1d95543eb11ed61c68.jpg...
2026-07-11 19:47:08,023 [INFO] (quantize_model.py #197, read_calibration_data): Load E:\Yolo-FastestV2-0.2\SolarBoardData\images\train\cracked-72-_jpg.rf.fcefa4f185c2a267ae7412a41a003c5d.jpg...
2026-07-11 19:47:08,032 [INFO] (quantize_model.py #197, read_calibration_data): Load E:\Yolo-FastestV2-0.2\SolarBoardData\images\train\good-c7d66523-fe6f-11ed-8e67-5c60ba7633ae_jpg.rf.4f25f944b20206eccee8a0834ba0354d.jpg...
2026-07-11 19:47:08,041 [INFO] (quantize_model.py #197, read_calibration_data): Load E:\Yolo-FastestV2-0.2\SolarBoardData\images\train\solar_Fri_Jun_16_10__5__24_2017_L_0-883261205564_I_0-253725490196_jpg.rf.6a4754c19080fead75c3e16021557e54.jpg...
2026-07-11 19:47:08,047 [INFO] (quantize_model.py #197, read_calibration_data): Load E:\Yolo-FastestV2-0.2\SolarBoardData\images\train\Imgdirty_1065_1_jpg.rf.7021b45b6e569cd16b518eebae8b51da.jpg...
2026-07-11 19:47:08,053 [INFO] (quantize_model.py #197, read_calibration_data): Load E:\Yolo-FastestV2-0.2\SolarBoardData\images\train\Screenshot-2023-04-21-211102_png_jpg.rf.b577874c8861f6b10a7ca5e7fdba848a.jpg...
2026-07-11 19:47:08,062 [INFO] (quantize_model.py #197, read_calibration_data): Load E:\Yolo-FastestV2-0.2\SolarBoardData\images\train\98_jpg.rf.390f43169466dcab7900a2fc911f8ad9.jpg...
2026-07-11 19:47:08,071 [INFO] (quantize_model.py #197, read_calibration_data): Load E:\Yolo-FastestV2-0.2\SolarBoardData\images\train\IMG_0449_jpg.rf.8e99ae9489461b495cb64d58bc23d4a9.jpg...
2026-07-11 19:47:08,081 [INFO] (quantize_model.py #197, read_calibration_data): Load E:\Yolo-FastestV2-0.2\SolarBoardData\images\train\cracked-58-_jpg.rf.61df2abe176087d80f75e6424da59b6b.jpg...
2026-07-11 19:47:08,090 [INFO] (quantize_model.py #197, read_calibration_data): Load E:\Yolo-FastestV2-0.2\SolarBoardData\images\train\Crack_217_jpg.rf.d88f6f281a12337ed627acc8c8954fce.jpg...
2026-07-11 19:47:08,099 [INFO] (quantize_model.py #197, read_calibration_data): Load E:\Yolo-FastestV2-0.2\SolarBoardData\images\train\WhatsApp-Image-2023-03-20-at-19-19-26-2-_jpeg_jpg.rf.c48cd2f209a10511f847dfed93c74dd8.jpg...
2026-07-11 19:47:08,108 [INFO] (quantize_model.py #197, read_calibration_data): Load E:\Yolo-FastestV2-0.2\SolarBoardData\images\train\IMG_0418_jpg.rf.a105a9c1c3771c2a6ad9dce507d5571a.jpg...
2026-07-11 19:47:08,116 [INFO] (quantize_model.py #197, read_calibration_data): Load E:\Yolo-FastestV2-0.2\SolarBoardData\images\train\IMG_0415_jpg.rf.48345d6a2455493ff4d63d9fa53e6832.jpg...
2026-07-11 19:47:08,125 [INFO] (quantize_model.py #197, read_calibration_data): Load E:\Yolo-FastestV2-0.2\SolarBoardData\images\train\good-df559385-fe6f-11ed-86dd-5c60ba7633ae_jpg.rf.1c5805ef0d38bdea9bf60d2938d423cb.jpg...
2026-07-11 19:47:08,134 [INFO] (quantize_model.py #197, read_calibration_data): Load E:\Yolo-FastestV2-0.2\SolarBoardData\images\train\pv_crack-76-_jpg.rf.7dab271a11023c3e2cc3fd94e7881f94.jpg...
2026-07-11 19:47:08,144 [INFO] (quantize_model.py #197, read_calibration_data): Load E:\Yolo-FastestV2-0.2\SolarBoardData\images\train\pv_crack-192-_jpg.rf.06968bc66ab1b1fefc252f406ebfc58e.jpg...
2026-07-11 19:47:08,152 [INFO] (quantize_model.py #197, read_calibration_data): Load E:\Yolo-FastestV2-0.2\SolarBoardData\images\train\cracked-0dafdbd6-fe70-11ed-bc65-5c60ba7633ae_jpg.rf.2efaa9a21ec3ec020c026a195f531c3c.jpg...
2026-07-11 19:47:08,161 [INFO] (quantize_model.py #197, read_calibration_data): Load E:\Yolo-FastestV2-0.2\SolarBoardData\images\train\IMG_20230324_164200_jpg.rf.c4985e5c84807869db9d5d27ac00c91a.jpg...
2026-07-11 19:47:08,170 [INFO] (quantize_model.py #197, read_calibration_data): Load E:\Yolo-FastestV2-0.2\SolarBoardData\images\train\Imgclean_7_0_jpg.rf.624eb15b3c7a60100f1104241234e344.jpg...
2026-07-11 19:47:08,179 [INFO] (quantize_model.py #197, read_calibration_data): Load E:\Yolo-FastestV2-0.2\SolarBoardData\images\train\cracked-48-_jpg.rf.83a067d3908308348417182771ff0510.jpg...
2026-07-11 19:47:08,189 [INFO] (quantize_model.py #197, read_calibration_data): Load E:\Yolo-FastestV2-0.2\SolarBoardData\images\train\Imgdirty_682_1_jpg.rf.76bf3061d627a293c24dbabdafd10428.jpg...
2026-07-11 19:47:08,203 [INFO] (quantize_model.py #197, read_calibration_data): Load E:\Yolo-FastestV2-0.2\SolarBoardData\images\train\frame137_jpg.rf.7d167e5f711dc09fdcd30f7e3fb7d424.jpg...
2026-07-11 19:47:08,212 [INFO] (quantize_model.py #197, read_calibration_data): Load E:\Yolo-FastestV2-0.2\SolarBoardData\images\train\IMG_20230324_174944_jpg.rf.9906c77072bd459f5bb384f33dd4a075.jpg...
2026-07-11 19:47:08,222 [INFO] (quantize_model.py #197, read_calibration_data): Load E:\Yolo-FastestV2-0.2\SolarBoardData\images\train\IMG_20230324_174829_jpg.rf.0440ae5ab64fd7179acd60ace6ba8f64.jpg...
2026-07-11 19:47:08,233 [INFO] (quantize_model.py #197, read_calibration_data): Load E:\Yolo-FastestV2-0.2\SolarBoardData\images\train\good-c9a4e5a6-fe6f-11ed-8112-5c60ba7633ae_jpg.rf.ee65bc02f47de48424dbad1f76b883eb.jpg...
2026-07-11 19:47:08,241 [INFO] (quantize_model.py #197, read_calibration_data): Load E:\Yolo-FastestV2-0.2\SolarBoardData\images\train\IMG_0390_jpg.rf.1d30b20c25a099fc128e3b8b806d82f7.jpg...
2026-07-11 19:47:08,251 [INFO] (quantize_model.py #197, read_calibration_data): Load E:\Yolo-FastestV2-0.2\SolarBoardData\images\train\Imgdirty_800_1_jpg.rf.8313da881b22eda7d21e5264689a6c1f.jpg...
2026-07-11 19:47:08,271 [INFO] (quantize_model.py #197, read_calibration_data): Load E:\Yolo-FastestV2-0.2\SolarBoardData\images\train\good-df559385-fe6f-11ed-86dd-5c60ba7633ae_jpg.rf.f98e534a2391a0b1378d6c02eb617612.jpg...
2026-07-11 19:47:08,280 [INFO] (quantize_model.py #197, read_calibration_data): Load E:\Yolo-FastestV2-0.2\SolarBoardData\images\train\IMG_8578_jpg.rf.e9d8c0b7563ffa375be75fe573add69a.jpg...
2026-07-11 19:47:08,289 [INFO] (quantize_model.py #197, read_calibration_data): Load E:\Yolo-FastestV2-0.2\SolarBoardData\images\train\IMG_20230324_171708_jpg.rf.02627ddac41105ec0b70b3761f080060.jpg...
2026-07-11 19:47:08,299 [INFO] (quantize_model.py #197, read_calibration_data): Load E:\Yolo-FastestV2-0.2\SolarBoardData\images\train\Imgdirty_859_1_jpg.rf.7a1f86f8e4ffa1fbae2d913600546800.jpg...
2026-07-11 19:47:08,309 [INFO] (quantize_model.py #197, read_calibration_data): Load E:\Yolo-FastestV2-0.2\SolarBoardData\images\train\Imgdirty_1040_1_jpg.rf.915536a15353909d95cd942062d38802.jpg...
2026-07-11 19:47:08,320 [INFO] (quantize_model.py #197, read_calibration_data): Load E:\Yolo-FastestV2-0.2\SolarBoardData\images\train\solar_Fri_Jun_30_15__32__38_2017_L_0-533905228758_I_0-4128_jpg.rf.e823d120ac2fde7d78d88c94ecdbcc52.jpg...
2026-07-11 19:47:08,327 [INFO] (quantize_model.py #197, read_calibration_data): Load E:\Yolo-FastestV2-0.2\SolarBoardData\images\train\Screenshot-2023-04-02-000611_png_jpg.rf.a9afe5a0d1e3ba222dafd54aeaceb642.jpg...
2026-07-11 19:47:08,336 [INFO] (quantize_model.py #197, read_calibration_data): Load E:\Yolo-FastestV2-0.2\SolarBoardData\images\train\WhatsApp-Image-2023-03-20-at-19-19-26-1-_jpeg_jpg.rf.03769be580bb3d10c0181a65db119b99.jpg...
2026-07-11 19:47:08,345 [INFO] (quantize_model.py #197, read_calibration_data): Load E:\Yolo-FastestV2-0.2\SolarBoardData\images\train\pv_crack-130-_jpg.rf.58a3cabe6d25dd6d6ffeb6d8b92fcc8e.jpg...
2026-07-11 19:47:08,355 [INFO] (quantize_model.py #197, read_calibration_data): Load E:\Yolo-FastestV2-0.2\SolarBoardData\images\train\pv_crack-32-_jpg.rf.50f37bbfc65c41879674302785b396d7.jpg...
2026-07-11 19:47:08,364 [INFO] (quantize_model.py #197, read_calibration_data): Load E:\Yolo-FastestV2-0.2\SolarBoardData\images\train\cracked-90-_jpg.rf.8c07414f3cc18c02ba8e58c16977bb12.jpg...
2026-07-11 19:47:08,373 [INFO] (quantize_model.py #197, read_calibration_data): Load E:\Yolo-FastestV2-0.2\SolarBoardData\images\train\pv_crack-179-_jpg.rf.fba4096c775dfadd76d6887c0c6efd3e.jpg...
2026-07-11 19:47:08,382 [INFO] (quantize_model.py #197, read_calibration_data): Load E:\Yolo-FastestV2-0.2\SolarBoardData\images\train\Screenshot-2023-04-02-002532_png_jpg.rf.547d10663f5222178dde4f1296b70d0a.jpg...
2026-07-11 19:47:08,391 [INFO] (quantize_model.py #197, read_calibration_data): Load E:\Yolo-FastestV2-0.2\SolarBoardData\images\train\good-e4c24e15-fe6f-11ed-986d-5c60ba7633ae_jpg.rf.73cc27e59cf965b198a07a12af133501.jpg...
2026-07-11 19:47:08,400 [INFO] (quantize_model.py #197, read_calibration_data): Load E:\Yolo-FastestV2-0.2\SolarBoardData\images\train\cracked-f0c72d6f-fe6f-11ed-a636-5c60ba7633ae_jpg.rf.263207035a3cffd6f42bb2df69ea0331.jpg...
2026-07-11 19:47:08,410 [INFO] (quantize_model.py #197, read_calibration_data): Load E:\Yolo-FastestV2-0.2\SolarBoardData\images\train\pv_crack-22-_jpg.rf.de3cac18d936e3e3188ef0c68791cebf.jpg...
2026-07-11 19:47:08,420 [INFO] (quantize_model.py #197, read_calibration_data): Load E:\Yolo-FastestV2-0.2\SolarBoardData\images\train\cracked-0675b62b-fe70-11ed-88cb-5c60ba7633ae_jpg.rf.5bd3968474d1a6615034ed73502d70d6.jpg...
2026-07-11 19:47:08,428 [INFO] (quantize_model.py #197, read_calibration_data): Load E:\Yolo-FastestV2-0.2\SolarBoardData\images\train\IMG_0424_jpg.rf.a11c2a08c7d757b09edbeb93c3534ca1.jpg...
2026-07-11 19:47:08,438 [INFO] (quantize_model.py #197, read_calibration_data): Load E:\Yolo-FastestV2-0.2\SolarBoardData\images\train\IMG_0448_jpg.rf.d684902990e7f70b71a5749a0e9ef4fe.jpg...
2026-07-11 19:47:08,446 [INFO] (quantize_model.py #197, read_calibration_data): Load E:\Yolo-FastestV2-0.2\SolarBoardData\images\train\Screenshot-2023-04-02-001906_png_jpg.rf.65ba00133138ca7fc2b63a4ad1381400.jpg...
2026-07-11 19:47:08,456 [INFO] (quantize_model.py #197, read_calibration_data): Load E:\Yolo-FastestV2-0.2\SolarBoardData\images\train\IMG_0395_jpg.rf.f08fb3da024636c707a774ec3ed82359.jpg...
2026-07-11 19:47:08,465 [INFO] (quantize_model.py #197, read_calibration_data): Load E:\Yolo-FastestV2-0.2\SolarBoardData\images\train\Screenshot-2023-04-21-211416_png_jpg.rf.906911bac8696192afcca5faab6b29df.jpg...
2026-07-11 19:47:08,474 [INFO] (quantize_model.py #197, read_calibration_data): Load E:\Yolo-FastestV2-0.2\SolarBoardData\images\train\good-c9a4e5a6-fe6f-11ed-8112-5c60ba7633ae_jpg.rf.2e7b5f3d57dd5f8865b9de2c4db21da8.jpg...
2026-07-11 19:47:08,484 [INFO] (quantize_model.py #197, read_calibration_data): Load E:\Yolo-FastestV2-0.2\SolarBoardData\images\train\IMG_0411_jpg.rf.e942ac46aa2b5188c70911ea5ab9fc4e.jpg...
2026-07-11 19:47:08,493 [INFO] (quantize_model.py #197, read_calibration_data): Load E:\Yolo-FastestV2-0.2\SolarBoardData\images\train\Crack_207_jpg.rf.9df700af2525b00aefc69884e971536e.jpg...
2026-07-11 19:47:08,502 [INFO] (quantize_model.py #197, read_calibration_data): Load E:\Yolo-FastestV2-0.2\SolarBoardData\images\train\good-df559385-fe6f-11ed-86dd-5c60ba7633ae_jpg.rf.68399fb84fc428588ff371002e175b7b.jpg...
2026-07-11 19:47:08,512 [INFO] (quantize_model.py #197, read_calibration_data): Load E:\Yolo-FastestV2-0.2\SolarBoardData\images\train\frame122_jpg.rf.8b2ef3ab38a8e2446850ff12890ac1c7.jpg...
2026-07-11 19:47:08,523 [INFO] (quantize_model.py #197, read_calibration_data): Load E:\Yolo-FastestV2-0.2\SolarBoardData\images\train\IMG_0403_jpg.rf.75f6b26aef416366cc07778d1289351e.jpg...
2026-07-11 19:47:08,533 [INFO] (quantize_model.py #197, read_calibration_data): Load E:\Yolo-FastestV2-0.2\SolarBoardData\images\train\IMG_0426_jpg.rf.c59e11665b37f76b668a5686f4fff2b5.jpg...
2026-07-11 19:47:08,541 [INFO] (quantize_model.py #197, read_calibration_data): Load E:\Yolo-FastestV2-0.2\SolarBoardData\images\train\pv_crack-117-_jpg.rf.d3e59d92355b17fad3d7186274a949f3.jpg...
2026-07-11 19:47:08,551 [INFO] (quantize_model.py #197, read_calibration_data): Load E:\Yolo-FastestV2-0.2\SolarBoardData\images\train\IMG-20230418-WA0034_jpg.rf.767fec4dc9d7a71388e5b871a652bdab.jpg...
2026-07-11 19:47:08,560 [INFO] (quantize_model.py #197, read_calibration_data): Load E:\Yolo-FastestV2-0.2\SolarBoardData\images\train\pv_crack-117-_jpg.rf.a5ede8382908e2a075466fd0b7015b8b.jpg...
2026-07-11 19:47:08,570 [INFO] (quantize_model.py #197, read_calibration_data): Load E:\Yolo-FastestV2-0.2\SolarBoardData\images\train\pv_crack-8-_jpg.rf.65a287d045be3dd409761aabb30a3f44.jpg...
2026-07-11 19:47:08,579 [INFO] (quantize_model.py #197, read_calibration_data): Load E:\Yolo-FastestV2-0.2\SolarBoardData\images\train\cracked-ed29701c-fe6f-11ed-a2d7-5c60ba7633ae_jpg.rf.4a4ed621d6256739b1ff5312566b5772.jpg...
2026-07-11 19:47:08,589 [INFO] (quantize_model.py #197, read_calibration_data): Load E:\Yolo-FastestV2-0.2\SolarBoardData\images\train\Imgdirty_265_1_jpg.rf.dacb3e0d5a6b4312aa2888fea92dfebd.jpg...
2026-07-11 19:47:08,600 [INFO] (quantize_model.py #197, read_calibration_data): Load E:\Yolo-FastestV2-0.2\SolarBoardData\images\train\IMG_20230325_113725_jpg.rf.d5b9d274cf161a3ae09c06a8dbf919a4.jpg...
2026-07-11 19:47:08,608 [INFO] (quantize_model.py #197, read_calibration_data): Load E:\Yolo-FastestV2-0.2\SolarBoardData\images\train\WhatsApp-Image-2023-03-20-at-19-19-26-1-_jpeg_jpg.rf.31c0f1fc940b6da8b4e06c610fb3c5d1.jpg...
2026-07-11 19:47:08,618 [INFO] (quantize_model.py #197, read_calibration_data): Load E:\Yolo-FastestV2-0.2\SolarBoardData\images\train\IMG_20230324_111709_jpg.rf.a08162380f15d73ae124dac531dc70ce.jpg...
2026-07-11 19:47:08,627 [INFO] (quantize_model.py #197, read_calibration_data): Load E:\Yolo-FastestV2-0.2\SolarBoardData\images\train\good-e2f2a720-fe6f-11ed-9edc-5c60ba7633ae_jpg.rf.08766fb654c375f0383ad4fc1091c70b.jpg...
2026-07-11 19:47:08,638 [INFO] (quantize_model.py #197, read_calibration_data): Load E:\Yolo-FastestV2-0.2\SolarBoardData\images\train\IMG_8579_jpg.rf.e326b2f5b77f858aa6159f593977545d.jpg...
2026-07-11 19:47:08,647 [INFO] (quantize_model.py #197, read_calibration_data): Load E:\Yolo-FastestV2-0.2\SolarBoardData\images\train\Imgdirty_922_1_jpg.rf.ca10154ac4a2d7de673e7260f66f5361.jpg...
2026-07-11 19:47:08,653 [INFO] (quantize_model.py #197, read_calibration_data): Load E:\Yolo-FastestV2-0.2\SolarBoardData\images\train\Screenshot-2023-04-02-000708_png_jpg.rf.87920f93838da802094aef3685ad030d.jpg...
2026-07-11 19:47:08,662 [INFO] (quantize_model.py #197, read_calibration_data): Load E:\Yolo-FastestV2-0.2\SolarBoardData\images\train\IMG_20230324_113800_jpg.rf.e199cd1a2e22277f5a5a06b5347958b6.jpg...
2026-07-11 19:47:08,671 [INFO] (quantize_model.py #197, read_calibration_data): Load E:\Yolo-FastestV2-0.2\SolarBoardData\images\train\IMG_0409_jpg.rf.20be8b5bb6228730817fc8146a91eac3.jpg...
2026-07-11 19:47:08,681 [INFO] (quantize_model.py #197, read_calibration_data): Load E:\Yolo-FastestV2-0.2\SolarBoardData\images\train\frame120_jpg.rf.c3305e239745b66867874c3b5f51aef1.jpg...
2026-07-11 19:47:08,690 [INFO] (quantize_model.py #197, read_calibration_data): Load E:\Yolo-FastestV2-0.2\SolarBoardData\images\train\Imgdirty_267_1_jpg.rf.8f70b9fb4f942c3b9a5f618363c5bca8.jpg...
2026-07-11 19:47:08,703 [INFO] (quantize_model.py #197, read_calibration_data): Load E:\Yolo-FastestV2-0.2\SolarBoardData\images\train\good-c6051bc1-fe6f-11ed-ac63-5c60ba7633ae_jpg.rf.078b8a06cb11e625542aead63ca23bbc.jpg...
2026-07-11 19:47:08,713 [INFO] (quantize_model.py #197, read_calibration_data): Load E:\Yolo-FastestV2-0.2\SolarBoardData\images\train\Imgdirty_323_1_jpg.rf.8e078c9bc35ca2ab2a71c952e328c77f.jpg...
2026-07-11 19:47:08,725 [INFO] (quantize_model.py #197, read_calibration_data): Load E:\Yolo-FastestV2-0.2\SolarBoardData\images\train\IMG_20230325_114255_jpg.rf.044cabeeb13cab512c1163bb784e2924.jpg...
2026-07-11 19:47:08,735 [INFO] (quantize_model.py #197, read_calibration_data): Load E:\Yolo-FastestV2-0.2\SolarBoardData\images\train\WhatsApp-Image-2023-03-20-at-19-19-26-1-_jpeg_jpg.rf.45fcf2957e425ff3dbbeb87ed0cac29c.jpg...
2026-07-11 19:47:08,744 [INFO] (quantize_model.py #197, read_calibration_data): Load E:\Yolo-FastestV2-0.2\SolarBoardData\images\train\Imgdirty_39_1_jpg.rf.3f6415001563bb7195fed913f41518a9.jpg...
2026-07-11 19:47:08,752 [INFO] (quantize_model.py #197, read_calibration_data): Load E:\Yolo-FastestV2-0.2\SolarBoardData\images\train\IMG_0401_jpg.rf.f2432978b55fce6d0b17bc1a9fc09529.jpg...
2026-07-11 19:47:08,764 [INFO] (quantize_model.py #197, read_calibration_data): Load E:\Yolo-FastestV2-0.2\SolarBoardData\images\train\1677069179152_jpg.rf.474d682674a01a760f31e3ecdcc3b7cc.jpg...
2026-07-11 19:47:08,773 [INFO] (quantize_model.py #197, read_calibration_data): Load E:\Yolo-FastestV2-0.2\SolarBoardData\images\train\IMG_0402_jpg.rf.7d22e845b7b4fcebf484d589877d4965.jpg...
2026-07-11 19:47:08,782 [INFO] (quantize_model.py #197, read_calibration_data): Load E:\Yolo-FastestV2-0.2\SolarBoardData\images\train\IMG_0400_jpg.rf.179b10978a844da32095c73bcfea2a4b.jpg...
2026-07-11 19:47:08,792 [INFO] (quantize_model.py #197, read_calibration_data): Load E:\Yolo-FastestV2-0.2\SolarBoardData\images\train\WhatsApp-Image-2023-03-20-at-19-19-21-2-_jpeg_jpg.rf.12f60a149c386e0d9a351bd06a282c1c.jpg...
2026-07-11 19:47:08,801 [INFO] (quantize_model.py #197, read_calibration_data): Load E:\Yolo-FastestV2-0.2\SolarBoardData\images\train\Screenshot-2023-04-18-011347_png_jpg.rf.73dd454b69815b81803e955079681d94.jpg...
2026-07-11 19:47:08,811 [INFO] (quantize_model.py #197, read_calibration_data): Load E:\Yolo-FastestV2-0.2\SolarBoardData\images\train\IMG_20230324_112612_jpg.rf.6ea0ce47028780492c56a748a3f49b90.jpg...
2026-07-11 19:47:08,821 [INFO] (quantize_model.py #197, read_calibration_data): Load E:\Yolo-FastestV2-0.2\SolarBoardData\images\train\pv_crack-60-_jpg.rf.0e8936b17ba647ac9c39675ed5de175c.jpg...
2026-07-11 19:47:08,832 [INFO] (quantize_model.py #197, read_calibration_data): Load E:\Yolo-FastestV2-0.2\SolarBoardData\images\train\good-a3be7f11-fe6f-11ed-a7bd-5c60ba7633ae_jpg.rf.4cb3550a261cba01da63dfc2078fcf41.jpg...
2026-07-11 19:47:08,842 [INFO] (quantize_model.py #197, read_calibration_data): Load E:\Yolo-FastestV2-0.2\SolarBoardData\images\train\IMG_20230323_171441_jpg.rf.32af9dc8aa54f509cfcf92d5cee7bd23.jpg...
2026-07-11 19:47:08,852 [INFO] (quantize_model.py #197, read_calibration_data): Load E:\Yolo-FastestV2-0.2\SolarBoardData\images\train\IMG_0404_jpg.rf.bea6ff654030f47136c7a1ce7fd783aa.jpg...
2026-07-11 19:47:08,863 [INFO] (quantize_model.py #197, read_calibration_data): Load E:\Yolo-FastestV2-0.2\SolarBoardData\images\train\IMG_0403_jpg.rf.85fa2012482b10f89bf9d46cd33bcf86.jpg...
2026-07-11 19:47:08,872 [INFO] (quantize_model.py #197, read_calibration_data): Load E:\Yolo-FastestV2-0.2\SolarBoardData\images\train\good-d8194c79-fe6f-11ed-ac9a-5c60ba7633ae_jpg.rf.53ff706eb054d8451ee5f4b784eb7ba3.jpg...
2026-07-11 19:47:08,883 [INFO] (quantize_model.py #197, read_calibration_data): Load E:\Yolo-FastestV2-0.2\SolarBoardData\images\train\solar_Wed_Jun_21_7__20__31_2017_L_0-325188015089_I_0-163211764706_jpg.rf.c7f55e0a205e1b06816ceb3bb784a187.jpg...
2026-07-11 19:47:08,890 [INFO] (quantize_model.py #197, read_calibration_data): Load E:\Yolo-FastestV2-0.2\SolarBoardData\images\train\IMG_0399_jpg.rf.4d699cfdc0b6da0035cd5c5fc28c3ee2.jpg...
2026-07-11 19:47:08,900 [INFO] (quantize_model.py #197, read_calibration_data): Load E:\Yolo-FastestV2-0.2\SolarBoardData\images\train\Screenshot-2023-04-02-000611_png_jpg.rf.b4220a5c54bc5a73d832c3ba43d86096.jpg...
2026-07-11 19:47:08,908 [INFO] (quantize_model.py #197, read_calibration_data): Load E:\Yolo-FastestV2-0.2\SolarBoardData\images\train\Crack_254_jpg.rf.a429fca99c7735eaabba4a6e1fb53848.jpg...
2026-07-11 19:47:08,919 [INFO] (quantize_model.py #197, read_calibration_data): Load E:\Yolo-FastestV2-0.2\SolarBoardData\images\train\cracked-436-_jpg.rf.81e597e456e0da6542575da4809e2cc3.jpg...
2026-07-11 19:47:08,928 [INFO] (quantize_model.py #197, read_calibration_data): Load E:\Yolo-FastestV2-0.2\SolarBoardData\images\train\IMG_0409_jpg.rf.e217339ff02056055f898d3d2d889cd5.jpg...
2026-07-11 19:47:08,937 [INFO] (quantize_model.py #197, read_calibration_data): Load E:\Yolo-FastestV2-0.2\SolarBoardData\images\train\cracked-87-_jpg.rf.43534c0f87e70a7240e424a7052e3fce.jpg...
2026-07-11 19:47:08,948 [INFO] (quantize_model.py #197, read_calibration_data): Load E:\Yolo-FastestV2-0.2\SolarBoardData\images\train\pv_crack-142-_jpg.rf.593fb3b091750293bca631bd06c18fb8.jpg...
2026-07-11 19:47:08,958 [INFO] (quantize_model.py #197, read_calibration_data): Load E:\Yolo-FastestV2-0.2\SolarBoardData\images\train\IMG_20230323_170749_jpg.rf.1a671dcfd957f86b9800174f82306bbf.jpg...
2026-07-11 19:47:08,968 [INFO] (quantize_model.py #197, read_calibration_data): Load E:\Yolo-FastestV2-0.2\SolarBoardData\images\train\Imgdirty_498_1_jpg.rf.27f4ecbc7c5ce94c77bdfb01e4b8ed01.jpg...
2026-07-11 19:47:08,981 [INFO] (quantize_model.py #197, read_calibration_data): Load E:\Yolo-FastestV2-0.2\SolarBoardData\images\train\cracked-47-_jpg.rf.cc9b2579791e24951b0acb9d1b3a0b18.jpg...
2026-07-11 19:47:08,991 [INFO] (quantize_model.py #197, read_calibration_data): Load E:\Yolo-FastestV2-0.2\SolarBoardData\images\train\IMG_0394_jpg.rf.e491f1259e617ff167ac55b3b5fbf841.jpg...
2026-07-11 19:47:09,000 [INFO] (quantize_model.py #197, read_calibration_data): Load E:\Yolo-FastestV2-0.2\SolarBoardData\images\train\IMG_0420_jpg.rf.233cd7ea2aee7fbcb0e8a653ba03da54.jpg...
2026-07-11 19:47:09,008 [INFO] (quantize_model.py #197, read_calibration_data): Load E:\Yolo-FastestV2-0.2\SolarBoardData\images\train\Imgdirty_247_1_jpg.rf.44b49af385604b4b251e369626998e53.jpg...
2026-07-11 19:47:09,020 [INFO] (quantize_model.py #197, read_calibration_data): Load E:\Yolo-FastestV2-0.2\SolarBoardData\images\train\IMG_0418_jpg.rf.6615b72a97101278d44439178932ac76.jpg...
2026-07-11 19:47:09,030 [INFO] (quantize_model.py #197, read_calibration_data): Load E:\Yolo-FastestV2-0.2\SolarBoardData\images\train\good-e2f2a720-fe6f-11ed-9edc-5c60ba7633ae_jpg.rf.56a2a5f108a664c83559d674b5864cfb.jpg...
2026-07-11 19:47:09,038 [INFO] (quantize_model.py #197, read_calibration_data): Load E:\Yolo-FastestV2-0.2\SolarBoardData\images\train\IMG_20230313091841_9076289259331532525-jpg_34_jpg.rf.944bf1691b212a2fc2bb0a3e1cbaf82e.jpg...
2026-07-11 19:47:09,049 [INFO] (quantize_model.py #197, read_calibration_data): Load E:\Yolo-FastestV2-0.2\SolarBoardData\images\train\Imgdirty_670_1_jpg.rf.89fbdef709c05ebdbf42d656473b603b.jpg...
2026-07-11 19:47:09,077 [INFO] (quantize_model.py #197, read_calibration_data): Load E:\Yolo-FastestV2-0.2\SolarBoardData\images\train\good-d47d48f1-fe6f-11ed-9a5f-5c60ba7633ae_jpg.rf.a395305026d4fe0cfaa2b410ccec816b.jpg...
2026-07-11 19:47:09,086 [INFO] (quantize_model.py #197, read_calibration_data): Load E:\Yolo-FastestV2-0.2\SolarBoardData\images\train\IMG_8600_jpg.rf.2bc50bc80d82411075ec4ffeca654246.jpg...
2026-07-11 19:47:09,095 [INFO] (quantize_model.py #197, read_calibration_data): Load E:\Yolo-FastestV2-0.2\SolarBoardData\images\train\pv_crack-115-_jpg.rf.e8a4814710c473a13af22c5a76fdd221.jpg...
2026-07-11 19:47:09,103 [INFO] (quantize_model.py #197, read_calibration_data): Load E:\Yolo-FastestV2-0.2\SolarBoardData\images\train\Imgdirty_518_1_jpg.rf.a0e74487f872db0847682a093320391b.jpg...
2026-07-11 19:47:09,121 [INFO] (quantize_model.py #197, read_calibration_data): Load E:\Yolo-FastestV2-0.2\SolarBoardData\images\train\IMG_20230324_104950_jpg.rf.ae455bcc76f688ca2106e8b32ed545c3.jpg...
2026-07-11 19:47:09,130 [INFO] (quantize_model.py #197, read_calibration_data): Load E:\Yolo-FastestV2-0.2\SolarBoardData\images\train\good-d47d48f1-fe6f-11ed-9a5f-5c60ba7633ae_jpg.rf.e21a85a1936ebb6de22ac93550c81bd5.jpg...
2026-07-11 19:47:09,139 [INFO] (quantize_model.py #197, read_calibration_data): Load E:\Yolo-FastestV2-0.2\SolarBoardData\images\train\Screenshot-2023-04-18-012556_png_jpg.rf.ef5b372bfdca99bc0e5d089e24eddb19.jpg...
2026-07-11 19:47:09,149 [INFO] (quantize_model.py #197, read_calibration_data): Load E:\Yolo-FastestV2-0.2\SolarBoardData\images\train\Imgdirty_192_1_jpg.rf.e4a3a8b02bb01e8c1a752e829e754701.jpg...
2026-07-11 19:47:09,159 [INFO] (quantize_model.py #197, read_calibration_data): Load E:\Yolo-FastestV2-0.2\SolarBoardData\images\train\IMG_8576_jpg.rf.0286cae7e93464e8cd0752a43b3e072e.jpg...
2026-07-11 19:47:09,169 [INFO] (quantize_model.py #197, read_calibration_data): Load E:\Yolo-FastestV2-0.2\SolarBoardData\images\train\photo_2023-07-19_16-27-28_jpg.rf.7536a5e2bc8e057e555136ccc4e71f82.jpg...
2026-07-11 19:47:09,178 [INFO] (quantize_model.py #197, read_calibration_data): Load E:\Yolo-FastestV2-0.2\SolarBoardData\images\train\IMG_0399_jpg.rf.0574f7c8859bc8d82a51c9f02f81f555.jpg...
2026-07-11 19:47:09,188 [INFO] (quantize_model.py #197, read_calibration_data): Load E:\Yolo-FastestV2-0.2\SolarBoardData\images\train\good-df559385-fe6f-11ed-86dd-5c60ba7633ae_jpg.rf.3c8241dacce13e13b0a69b6ec071c5d1.jpg...
2026-07-11 19:47:09,198 [INFO] (quantize_model.py #197, read_calibration_data): Load E:\Yolo-FastestV2-0.2\SolarBoardData\images\train\Imgdirty_244_1_jpg.rf.8af51e5f8b7536cad6b64a0dc148cf40.jpg...
2026-07-11 19:47:09,209 [INFO] (quantize_model.py #197, read_calibration_data): Load E:\Yolo-FastestV2-0.2\SolarBoardData\images\train\IMG_0392_jpg.rf.23d35c4b9b57b68b63d386e3942184a7.jpg...
2026-07-11 19:47:09,218 [INFO] (quantize_model.py #197, read_calibration_data): Load E:\Yolo-FastestV2-0.2\SolarBoardData\images\train\cracked-f9d17ad1-fe6f-11ed-ab5f-5c60ba7633ae_jpg.rf.bdd4474ef2c5e3ee13566aad76c1c6d9.jpg...
2026-07-11 19:47:09,227 [INFO] (quantize_model.py #197, read_calibration_data): Load E:\Yolo-FastestV2-0.2\SolarBoardData\images\train\IMG_0422_jpg.rf.3539551bef23083ff3764c11948a3dea.jpg...
2026-07-11 19:47:09,236 [INFO] (quantize_model.py #197, read_calibration_data): Load E:\Yolo-FastestV2-0.2\SolarBoardData\images\train\IMG_8579_jpg.rf.5e81e6cb4c898c5cfadbd2825ae4fe99.jpg...
2026-07-11 19:47:09,245 [INFO] (quantize_model.py #197, read_calibration_data): Load E:\Yolo-FastestV2-0.2\SolarBoardData\images\train\Imgdirty_737_1_jpg.rf.a8ad05d36013c097ed15bc0ec0168d9c.jpg...
2026-07-11 19:47:09,252 [INFO] (quantize_model.py #197, read_calibration_data): Load E:\Yolo-FastestV2-0.2\SolarBoardData\images\train\Screenshot-2023-04-02-001243_png_jpg.rf.ff32033ee6cb6c985714e26fe5f8b693.jpg...
2026-07-11 19:47:09,262 [INFO] (quantize_model.py #197, read_calibration_data): Load E:\Yolo-FastestV2-0.2\SolarBoardData\images\train\pv_crack-1-_JPG_jpg.rf.9fdcf255064a61e41415e731c489cb3e.jpg...
2026-07-11 19:47:09,272 [INFO] (quantize_model.py #197, read_calibration_data): Load E:\Yolo-FastestV2-0.2\SolarBoardData\images\train\good-cd420062-fe6f-11ed-951b-5c60ba7633ae_jpg.rf.9cd8aed0b7c953523828f97425880eb5.jpg...
2026-07-11 19:47:09,282 [INFO] (quantize_model.py #197, read_calibration_data): Load E:\Yolo-FastestV2-0.2\SolarBoardData\images\train\IMG-20230418-WA0037_jpg.rf.bfb127ad2b008589761bcc5045c9db4c.jpg...
2026-07-11 19:47:09,293 [INFO] (quantize_model.py #197, read_calibration_data): Load E:\Yolo-FastestV2-0.2\SolarBoardData\images\train\IMG_0418_jpg.rf.da1f580f5aeef13f1aff4e39f20c85c4.jpg...
2026-07-11 19:47:09,303 [INFO] (quantize_model.py #197, read_calibration_data): Load E:\Yolo-FastestV2-0.2\SolarBoardData\images\train\Imgdirty_772_1_jpg.rf.83ad8ab6c9bd59cad69482e7ceafa3a0.jpg...
2026-07-11 19:47:09,310 [INFO] (quantize_model.py #197, read_calibration_data): Load E:\Yolo-FastestV2-0.2\SolarBoardData\images\train\cracked-0be0b6fb-fe70-11ed-b48f-5c60ba7633ae_jpg.rf.f88ee64ae520cb33178b462885483ac1.jpg...
2026-07-11 19:47:09,321 [INFO] (quantize_model.py #197, read_calibration_data): Load E:\Yolo-FastestV2-0.2\SolarBoardData\images\train\pv_crack-124-_jpg.rf.53ab065bd49e157aae3ee17284fad843.jpg...
2026-07-11 19:47:09,331 [INFO] (quantize_model.py #197, read_calibration_data): Load E:\Yolo-FastestV2-0.2\SolarBoardData\images\train\Imgdirty_630_1_jpg.rf.b7171cf424e53db8ddc11cd2ebc7a5be.jpg...
2026-07-11 19:47:09,361 [INFO] (quantize_model.py #197, read_calibration_data): Load E:\Yolo-FastestV2-0.2\SolarBoardData\images\train\photo_2023-07-19_16-27-25_jpg.rf.fbe8cde4e47746dd7982df507c9260ce.jpg...
2026-07-11 19:47:09,372 [INFO] (quantize_model.py #197, read_calibration_data): Load E:\Yolo-FastestV2-0.2\SolarBoardData\images\train\good-a1ef5a32-fe6f-11ed-981d-5c60ba7633ae_jpg.rf.ba441a0d8272a6629a473422b8f46391.jpg...
2026-07-11 19:47:09,380 [INFO] (quantize_model.py #197, read_calibration_data): Load E:\Yolo-FastestV2-0.2\SolarBoardData\images\train\cracked-333-_jpg.rf.77feeb5c14b35517c56fe1e48d18a3a4.jpg...
2026-07-11 19:47:09,389 [INFO] (quantize_model.py #197, read_calibration_data): Load E:\Yolo-FastestV2-0.2\SolarBoardData\images\train\pv_crack-184-_jpg.rf.3c887392959948fce2d305f20afe7bb3.jpg...
2026-07-11 19:47:09,397 [INFO] (quantize_model.py #197, read_calibration_data): Load E:\Yolo-FastestV2-0.2\SolarBoardData\images\train\cracked-98-_jpg.rf.a5320dc7bb6951a8f47c245e840a6d16.jpg...
2026-07-11 19:47:09,406 [INFO] (quantize_model.py #197, read_calibration_data): Load E:\Yolo-FastestV2-0.2\SolarBoardData\images\train\pv_crack-36-_jpg.rf.3e211f03ae75f9e57c59d3194c8ed2d5.jpg...
2026-07-11 19:47:09,415 [INFO] (quantize_model.py #197, read_calibration_data): Load E:\Yolo-FastestV2-0.2\SolarBoardData\images\train\IMG_8576_jpg.rf.3751b40e04647fb11fa317cbbf0963a6.jpg...
2026-07-11 19:47:09,424 [INFO] (quantize_model.py #197, read_calibration_data): Load E:\Yolo-FastestV2-0.2\SolarBoardData\images\train\IMG_0427_jpg.rf.c1842e97c201e5856dff57acc292ed14.jpg...
2026-07-11 19:47:09,434 [INFO] (quantize_model.py #197, read_calibration_data): Load E:\Yolo-FastestV2-0.2\SolarBoardData\images\train\good-a1ef5a32-fe6f-11ed-981d-5c60ba7633ae_jpg.rf.582ec903a43d114c60067f9be63ebd37.jpg...
2026-07-11 19:47:09,442 [INFO] (quantize_model.py #197, read_calibration_data): Load E:\Yolo-FastestV2-0.2\SolarBoardData\images\train\good-cd420062-fe6f-11ed-951b-5c60ba7633ae_jpg.rf.5005e59c117467f3eed64e3ee5874ca2.jpg...
2026-07-11 19:47:09,452 [INFO] (quantize_model.py #197, read_calibration_data): Load E:\Yolo-FastestV2-0.2\SolarBoardData\images\train\solar_Wed_Jun_14_8__15__49_2017_L_0-0987686540606_I_0-165290196078_jpg.rf.199a0b3e03b81198e93bbfe0c545d2f6.jpg...
2026-07-11 19:47:09,458 [INFO] (quantize_model.py #197, read_calibration_data): Load E:\Yolo-FastestV2-0.2\SolarBoardData\images\train\cracked-f0c72d6f-fe6f-11ed-a636-5c60ba7633ae_jpg.rf.05d51dbc928f898c15aab74314af45dc.jpg...
2026-07-11 19:47:09,470 [INFO] (quantize_model.py #197, read_calibration_data): Load E:\Yolo-FastestV2-0.2\SolarBoardData\images\train\photo_2023-07-19_16-27-29_jpg.rf.b15046d9bbb213a9ce0194d6aa81f2c2.jpg...
2026-07-11 19:47:09,481 [INFO] (quantize_model.py #197, read_calibration_data): Load E:\Yolo-FastestV2-0.2\SolarBoardData\images\train\Imgdirty_404_1_jpg.rf.45983248da2192f1d7993ea4e9821a6a.jpg...
2026-07-11 19:47:09,511 [INFO] (quantize_model.py #197, read_calibration_data): Load E:\Yolo-FastestV2-0.2\SolarBoardData\images\train\good-a1ef5a32-fe6f-11ed-981d-5c60ba7633ae_jpg.rf.df6bb4a101e2dc3174ffa24f369313db.jpg...
2026-07-11 19:47:09,521 [INFO] (quantize_model.py #197, read_calibration_data): Load E:\Yolo-FastestV2-0.2\SolarBoardData\images\train\cracked-74-_jpg.rf.5807d4be2f75e77b74e275958dd1a9c7.jpg...
2026-07-11 19:47:09,530 [INFO] (quantize_model.py #197, read_calibration_data): Load E:\Yolo-FastestV2-0.2\SolarBoardData\images\train\Imgdirty_175_1_jpg.rf.5a9e2870eeacd2db240740e1b45d7080.jpg...
2026-07-11 19:47:09,543 [INFO] (quantize_model.py #197, read_calibration_data): Load E:\Yolo-FastestV2-0.2\SolarBoardData\images\train\istockphoto-1226698631-612x612_jpg.rf.d6610ba11cfc2483680e2233e24777bf.jpg...
2026-07-11 19:47:09,552 [INFO] (quantize_model.py #197, read_calibration_data): Load E:\Yolo-FastestV2-0.2\SolarBoardData\images\train\pv_crack-188-_jpg.rf.298a50055cad30a3d42d6d6fb79ebcb3.jpg...
2026-07-11 19:47:09,561 [INFO] (quantize_model.py #197, read_calibration_data): Load E:\Yolo-FastestV2-0.2\SolarBoardData\images\train\Imgdirty_715_1_jpg.rf.be478567367e2f92bdf6d0d6708a0d16.jpg...
2026-07-11 19:47:09,591 [INFO] (quantize_model.py #197, read_calibration_data): Load E:\Yolo-FastestV2-0.2\SolarBoardData\images\train\cracked-ed29701c-fe6f-11ed-a2d7-5c60ba7633ae_jpg.rf.6d956cf980587fc5357eb272b58243b3.jpg...
2026-07-11 19:47:09,600 [INFO] (quantize_model.py #197, read_calibration_data): Load E:\Yolo-FastestV2-0.2\SolarBoardData\images\train\WhatsApp-Image-2023-03-20-at-19-19-26-1-_jpeg_jpg.rf.7781aca77a1b4d82e0354bd50a24deef.jpg...
2026-07-11 19:47:09,608 [INFO] (quantize_model.py #197, read_calibration_data): Load E:\Yolo-FastestV2-0.2\SolarBoardData\images\train\IMG-20230418-WA0039_jpg.rf.ca313fd0b39abfed64c40a3a551c7fed.jpg...
2026-07-11 19:47:09,618 [INFO] (quantize_model.py #197, read_calibration_data): Load E:\Yolo-FastestV2-0.2\SolarBoardData\images\train\good-c7d66523-fe6f-11ed-8e67-5c60ba7633ae_jpg.rf.ad97cc4a33442292fa5287f04f6f041f.jpg...
2026-07-11 19:47:09,626 [INFO] (quantize_model.py #197, read_calibration_data): Load E:\Yolo-FastestV2-0.2\SolarBoardData\images\train\Imgclean_259_0_jpg.rf.7feabaa0881e971c2dd90478ecffa662.jpg...
2026-07-11 19:47:09,636 [INFO] (quantize_model.py #197, read_calibration_data): Load E:\Yolo-FastestV2-0.2\SolarBoardData\images\train\Screenshot-2023-04-01-180713_png_jpg.rf.608f652e05608b8e612e8adeda894450.jpg...
2026-07-11 19:47:09,645 [INFO] (quantize_model.py #197, read_calibration_data): Load E:\Yolo-FastestV2-0.2\SolarBoardData\images\train\Imgdirty_22_1_jpg.rf.f7a6941103486a223397551dbb7ee6d1.jpg...
2026-07-11 19:47:09,652 [INFO] (quantize_model.py #197, read_calibration_data): Load E:\Yolo-FastestV2-0.2\SolarBoardData\images\train\WhatsApp-Image-2023-03-20-at-19-19-21-3-_jpeg_jpg.rf.5bdcd3399b6a0e36a9ac96b041648a78.jpg...
2026-07-11 19:47:09,662 [INFO] (quantize_model.py #197, read_calibration_data): Load E:\Yolo-FastestV2-0.2\SolarBoardData\images\train\good-df559385-fe6f-11ed-86dd-5c60ba7633ae_jpg.rf.cf9e7856e7996137a426ff1ff0a297b2.jpg...
2026-07-11 19:47:09,671 [INFO] (quantize_model.py #197, read_calibration_data): Load E:\Yolo-FastestV2-0.2\SolarBoardData\images\train\Imgdirty_1006_1_jpg.rf.466cffa4e17f35fca1080218bcfd52db.jpg...
2026-07-11 19:47:09,680 [INFO] (quantize_model.py #197, read_calibration_data): Load E:\Yolo-FastestV2-0.2\SolarBoardData\images\train\Screenshot-2023-04-01-180311_png_jpg.rf.71bb94f041705e69b71b322452fd7c14.jpg...
2026-07-11 19:47:09,690 [INFO] (quantize_model.py #197, read_calibration_data): Load E:\Yolo-FastestV2-0.2\SolarBoardData\images\train\good-d0df07e1-fe6f-11ed-a98d-5c60ba7633ae_jpg.rf.3a2164f3bfe159fee41a6e1f81945484.jpg...
2026-07-11 19:47:09,700 [INFO] (quantize_model.py #197, read_calibration_data): Load E:\Yolo-FastestV2-0.2\SolarBoardData\images\train\IMG_0408_jpg.rf.7e9e18ef481994fd0e79830c6339690a.jpg...
2026-07-11 19:47:09,710 [INFO] (quantize_model.py #197, read_calibration_data): Load E:\Yolo-FastestV2-0.2\SolarBoardData\images\train\cracked-aa528bb0-fe6f-11ed-aeff-5c60ba7633ae_jpg.rf.efa08bb37d3aea4e606483db1e26a803.jpg...
2026-07-11 19:47:09,721 [INFO] (quantize_model.py #197, read_calibration_data): Load E:\Yolo-FastestV2-0.2\SolarBoardData\images\train\Imgdirty_1020_1_jpg.rf.1692a923cba528e9f790ee5d1f717204.jpg...
2026-07-11 19:47:09,742 [INFO] (quantize_model.py #197, read_calibration_data): Load E:\Yolo-FastestV2-0.2\SolarBoardData\images\train\Imgdirty_70_1_jpg.rf.4415c0037f8b3491dcaf8426cd07e3da.jpg...
2026-07-11 19:47:09,755 [INFO] (quantize_model.py #197, read_calibration_data): Load E:\Yolo-FastestV2-0.2\SolarBoardData\images\train\cracked-89-_jpg.rf.8562e880b46433884ee763c252d14135.jpg...
2026-07-11 19:47:09,764 [INFO] (quantize_model.py #197, read_calibration_data): Load E:\Yolo-FastestV2-0.2\SolarBoardData\images\train\good-e2f2a720-fe6f-11ed-9edc-5c60ba7633ae_jpg.rf.40ab0444dd35b37cc3970fc3866c59f9.jpg...
2026-07-11 19:47:09,772 [INFO] (quantize_model.py #197, read_calibration_data): Load E:\Yolo-FastestV2-0.2\SolarBoardData\images\train\cracked-88-_jpg.rf.0c3ad91ad83e021e7db90f0fd68a79fb.jpg...
2026-07-11 19:47:09,783 [INFO] (quantize_model.py #197, read_calibration_data): Load E:\Yolo-FastestV2-0.2\SolarBoardData\images\train\cracked-459-_jpg.rf.03aa73e404aa64c9d88c0613cf50c25f.jpg...
2026-07-11 19:47:09,793 [INFO] (quantize_model.py #197, read_calibration_data): Load E:\Yolo-FastestV2-0.2\SolarBoardData\images\train\pv_crack-188-_jpg.rf.70707fb573c0ba3244f9414e373100cb.jpg...
2026-07-11 19:47:09,802 [INFO] (quantize_model.py #197, read_calibration_data): Load E:\Yolo-FastestV2-0.2\SolarBoardData\images\train\Screenshot-2023-04-02-000552_png_jpg.rf.0d262ea5e123e5156a85ce60d47ee0c7.jpg...
2026-07-11 19:47:09,812 [INFO] (quantize_model.py #197, read_calibration_data): Load E:\Yolo-FastestV2-0.2\SolarBoardData\images\train\WhatsApp-Image-2023-03-20-at-19-19-29_jpeg_jpg.rf.19b72ceb2ee7069a26380424c390ff93.jpg...
2026-07-11 19:47:09,823 [INFO] (quantize_model.py #197, read_calibration_data): Load E:\Yolo-FastestV2-0.2\SolarBoardData\images\train\solar_Wed_Jun_21_8__42__38_2017_L_0-399503428707_I_0-364854901961_jpg.rf.245b24d553e1d0794bf2985162f7eaa8.jpg...
2026-07-11 19:47:09,831 [INFO] (quantize_model.py #197, read_calibration_data): Load E:\Yolo-FastestV2-0.2\SolarBoardData\images\train\Imgdirty_1030_1_jpg.rf.1896854b8f0ba666b90668ea761356ae.jpg...
2026-07-11 19:47:09,848 [INFO] (quantize_model.py #197, read_calibration_data): Load E:\Yolo-FastestV2-0.2\SolarBoardData\images\train\Imgdirty_372_1_jpg.rf.e203b75f9aee22bffc6670cb00d98d46.jpg...
2026-07-11 19:47:09,860 [INFO] (quantize_model.py #197, read_calibration_data): Load E:\Yolo-FastestV2-0.2\SolarBoardData\images\train\IMG_20230323_171054_jpg.rf.a26b66cf7c18bd52b9d4fd87fefc97fd.jpg...
2026-07-11 19:47:09,870 [INFO] (quantize_model.py #197, read_calibration_data): Load E:\Yolo-FastestV2-0.2\SolarBoardData\images\train\Imgdirty_292_1_jpg.rf.9f30abe62e31f3646a8207d9867d408f.jpg...
2026-07-11 19:47:09,900 [INFO] (quantize_model.py #197, read_calibration_data): Load E:\Yolo-FastestV2-0.2\SolarBoardData\images\train\IMG_0409_jpg.rf.290bcd7452a98b09d413555d9b366f4f.jpg...
2026-07-11 19:47:09,909 [INFO] (quantize_model.py #197, read_calibration_data): Load E:\Yolo-FastestV2-0.2\SolarBoardData\images\train\pv_crack-44-_jpg.rf.a6706a099762dae9d9dc7c4e0beffcf1.jpg...
2026-07-11 19:47:09,920 [INFO] (quantize_model.py #197, read_calibration_data): Load E:\Yolo-FastestV2-0.2\SolarBoardData\images\train\cracked-0675b62b-fe70-11ed-88cb-5c60ba7633ae_jpg.rf.8eb39d4a77c96b013beb40fed5b63cc0.jpg...
2026-07-11 19:47:09,930 [INFO] (quantize_model.py #197, read_calibration_data): Load E:\Yolo-FastestV2-0.2\SolarBoardData\images\train\solar_Wed_Jun_14_9__27__0_2017_L_0-0972486379583_I_0-517533333333_jpg.rf.facd8515f5c5f2bab9759d1cba2c4614.jpg...
2026-07-11 19:47:09,937 [INFO] (quantize_model.py #197, read_calibration_data): Load E:\Yolo-FastestV2-0.2\SolarBoardData\images\train\WhatsApp-Image-2023-03-20-at-19-18-54-2-_jpeg_jpg.rf.a7dba8ac60bd5f6c224f6f2f9a71fefd.jpg...
2026-07-11 19:47:09,947 [INFO] (quantize_model.py #197, read_calibration_data): Load E:\Yolo-FastestV2-0.2\SolarBoardData\images\train\pv_crack-172-_jpg.rf.202a5d0fb8c619c298332f276b2c237c.jpg...
2026-07-11 19:47:09,957 [INFO] (quantize_model.py #197, read_calibration_data): Load E:\Yolo-FastestV2-0.2\SolarBoardData\images\train\Imgdirty_214_1_jpg.rf.c748d650481b42544db62def3c788ead.jpg...
2026-07-11 19:47:09,965 [INFO] (quantize_model.py #197, read_calibration_data): Load E:\Yolo-FastestV2-0.2\SolarBoardData\images\train\IMG_0448_jpg.rf.e8d183e8dc5b06994c5988c61fafc172.jpg...
2026-07-11 19:47:09,976 [INFO] (quantize_model.py #197, read_calibration_data): Load E:\Yolo-FastestV2-0.2\SolarBoardData\images\train\Imgdirty_240_1_jpg.rf.5e2304e79c2fadea7a7484a88cf0b768.jpg...
2026-07-11 19:47:09,987 [INFO] (quantize_model.py #197, read_calibration_data): Load E:\Yolo-FastestV2-0.2\SolarBoardData\images\train\Imgdirty_1047_1_jpg.rf.2ad584f525fa4ef977665495dc3d9698.jpg...
2026-07-11 19:47:09,997 [INFO] (quantize_model.py #197, read_calibration_data): Load E:\Yolo-FastestV2-0.2\SolarBoardData\images\train\Screenshot-2023-04-01-180311_png_jpg.rf.aa5253897e8ffe6fe2bf54fc495167c1.jpg...
2026-07-11 19:47:10,006 [INFO] (quantize_model.py #197, read_calibration_data): Load E:\Yolo-FastestV2-0.2\SolarBoardData\images\train\Imgdirty_296_1_jpg.rf.039d8a74bb6fab790cc2a5371f4c98f7.jpg...
2026-07-11 19:47:10,019 [INFO] (quantize_model.py #197, read_calibration_data): Load E:\Yolo-FastestV2-0.2\SolarBoardData\images\train\Screenshot-2023-04-01-181509_png_jpg.rf.6cc75b6b77bb4ff5255bd96bf05c677c.jpg...
2026-07-11 19:47:10,030 [INFO] (quantize_model.py #197, read_calibration_data): Load E:\Yolo-FastestV2-0.2\SolarBoardData\images\train\pv_crack-144-_jpg.rf.5f95fb2e89b22a0e4fa4f1cd9cb8b1e8.jpg...
2026-07-11 19:47:10,040 [INFO] (quantize_model.py #197, read_calibration_data): Load E:\Yolo-FastestV2-0.2\SolarBoardData\images\train\IMG_0411_jpg.rf.6632a5d513405900dfa9f8ad30e1b0c8.jpg...
2026-07-11 19:47:10,050 [INFO] (quantize_model.py #197, read_calibration_data): Load E:\Yolo-FastestV2-0.2\SolarBoardData\images\train\Imgdirty_607_1_jpg.rf.241773da521a84e7b0747f8600a99db6.jpg...
2026-07-11 19:47:10,072 [INFO] (quantize_model.py #197, read_calibration_data): Load E:\Yolo-FastestV2-0.2\SolarBoardData\images\train\IMG_20230323_171241_jpg.rf.97791757df52c1107b3725b9f0676dee.jpg...
2026-07-11 19:47:10,082 [INFO] (quantize_model.py #197, read_calibration_data): Load E:\Yolo-FastestV2-0.2\SolarBoardData\images\train\Screenshot-2023-04-01-180811_png.rf.7244ad00844996dc6e03d9edb0a419f0.jpg...
2026-07-11 19:47:10,093 [INFO] (quantize_model.py #197, read_calibration_data): Load E:\Yolo-FastestV2-0.2\SolarBoardData\images\train\cracked-ff3c284a-fe6f-11ed-9a94-5c60ba7633ae_jpg.rf.ab345273987e06bc1fd4f782f798ed94.jpg...
2026-07-11 19:47:10,102 [INFO] (quantize_model.py #197, read_calibration_data): Load E:\Yolo-FastestV2-0.2\SolarBoardData\images\train\Crack_133_jpg.rf.9d79c3bfa6ce6a32f5fb5adc2f8b4a0e.jpg...
2026-07-11 19:47:10,111 [INFO] (quantize_model.py #197, read_calibration_data): Load E:\Yolo-FastestV2-0.2\SolarBoardData\images\train\Imgclean_34_0_jpg.rf.ce0366acb4914536df483ecda91c9d8d.jpg...
2026-07-11 19:47:10,120 [INFO] (quantize_model.py #197, read_calibration_data): Load E:\Yolo-FastestV2-0.2\SolarBoardData\images\train\cracked-f0c72d6f-fe6f-11ed-a636-5c60ba7633ae_jpg.rf.ced41c91640e91a7fd90d5fd3a0ee10e.jpg...
2026-07-11 19:47:10,129 [INFO] (quantize_model.py #197, read_calibration_data): Load E:\Yolo-FastestV2-0.2\SolarBoardData\images\train\IMG_0409_jpg.rf.65c15599f5c711a2bfc9da265175338f.jpg...
2026-07-11 19:47:10,139 [INFO] (quantize_model.py #197, read_calibration_data): Load E:\Yolo-FastestV2-0.2\SolarBoardData\images\train\IMG_0395_jpg.rf.bf60addf4a3db31a24953a3b4aaf5490.jpg...
2026-07-11 19:47:10,148 [INFO] (quantize_model.py #197, read_calibration_data): Load E:\Yolo-FastestV2-0.2\SolarBoardData\images\train\WhatsApp-Image-2023-03-20-at-19-19-26_jpeg_jpg.rf.60f3169689853d8473a256a4890f50a6.jpg...
2026-07-11 19:47:10,158 [INFO] (quantize_model.py #197, read_calibration_data): Load E:\Yolo-FastestV2-0.2\SolarBoardData\images\train\Imgdirty_1018_1_jpg.rf.f90bc7153a0bc2ebeb61016c6687008b.jpg...
2026-07-11 19:47:10,177 [INFO] (quantize_model.py #197, read_calibration_data): Load E:\Yolo-FastestV2-0.2\SolarBoardData\images\train\Imgdirty_312_1_jpg.rf.1db8aec5892c420c2b3f82dbfe6f2938.jpg...
2026-07-11 19:47:10,222 [INFO] (quantize_model.py #197, read_calibration_data): Load E:\Yolo-FastestV2-0.2\SolarBoardData\images\train\solar_Thu_Jun_15_15__3__7_2017_L_0-415578958906_I_0-429337254902_jpg.rf.afd1c4fad89df55edc9e2785eb79288a.jpg...
2026-07-11 19:47:10,229 [INFO] (quantize_model.py #197, read_calibration_data): Load E:\Yolo-FastestV2-0.2\SolarBoardData\images\train\IMG_0400_jpg.rf.47d0d8c77f794a629c2142c46c4624bf.jpg...
2026-07-11 19:47:10,240 [INFO] (quantize_model.py #197, read_calibration_data): Load E:\Yolo-FastestV2-0.2\SolarBoardData\images\train\IMG_0426_jpg.rf.afe298ca74853856349e7f0fc4428704.jpg...
2026-07-11 19:47:10,249 [INFO] (quantize_model.py #197, read_calibration_data): Load E:\Yolo-FastestV2-0.2\SolarBoardData\images\train\Imgdirty_42_1_jpg.rf.5a170b7f956319ae7ff2395f5b9da9c8.jpg...
2026-07-11 19:47:10,261 [INFO] (quantize_model.py #197, read_calibration_data): Load E:\Yolo-FastestV2-0.2\SolarBoardData\images\train\IMG_0421_jpg.rf.03c0b1f6e1dc96c7d5e606127afc680c.jpg...
2026-07-11 19:47:10,270 [INFO] (quantize_model.py #197, read_calibration_data): Load E:\Yolo-FastestV2-0.2\SolarBoardData\images\train\cracked-354-_jpg.rf.89230778d1fb949d8abdb2e7b3f1c9c0.jpg...
2026-07-11 19:47:10,280 [INFO] (quantize_model.py #197, read_calibration_data): Load E:\Yolo-FastestV2-0.2\SolarBoardData\images\train\IMG_0390_jpg.rf.51198518fd6717dfe478318de9515998.jpg...
2026-07-11 19:47:10,289 [INFO] (quantize_model.py #197, read_calibration_data): Load E:\Yolo-FastestV2-0.2\SolarBoardData\images\train\IMG_8602_jpg.rf.c13a5605dc7b3cebffcbb6c6702d9d45.jpg...
2026-07-11 19:47:10,299 [INFO] (quantize_model.py #197, read_calibration_data): Load E:\Yolo-FastestV2-0.2\SolarBoardData\images\train\IMG_20230323_165337_jpg.rf.f57cd37ffde892a8ec675cc5aec58604.jpg...
2026-07-11 19:47:10,309 [INFO] (quantize_model.py #197, read_calibration_data): Load E:\Yolo-FastestV2-0.2\SolarBoardData\images\train\cracked-426-_jpg.rf.790ca4e312fcbd5faca61770e6854d3d.jpg...
2026-07-11 19:47:10,320 [INFO] (quantize_model.py #197, read_calibration_data): Load E:\Yolo-FastestV2-0.2\SolarBoardData\images\train\cracked-284-_jpg.rf.a300467a6d290daee626c8848bc723c8.jpg...
2026-07-11 19:47:10,329 [INFO] (quantize_model.py #197, read_calibration_data): Load E:\Yolo-FastestV2-0.2\SolarBoardData\images\train\Imgdirty_468_1_jpg.rf.f4787774787e2515528eb5635a774417.jpg...
2026-07-11 19:47:10,341 [INFO] (quantize_model.py #197, read_calibration_data): Load E:\Yolo-FastestV2-0.2\SolarBoardData\images\train\pv_crack-36-_jpg.rf.2f78523b7f84848b2742148db78fce4b.jpg...
2026-07-11 19:47:10,351 [INFO] (quantize_model.py #197, read_calibration_data): Load E:\Yolo-FastestV2-0.2\SolarBoardData\images\train\Rusak909_jpg.rf.c0477ad82b9ac93cf00d2772244bb5b7.jpg...
2026-07-11 19:47:10,362 [INFO] (quantize_model.py #197, read_calibration_data): Load E:\Yolo-FastestV2-0.2\SolarBoardData\images\train\photo_2023-07-19_16-27-44_jpg.rf.d6c449fbf7aac5b27d177bd66ed21f64.jpg...
2026-07-11 19:47:10,374 [INFO] (quantize_model.py #197, read_calibration_data): Load E:\Yolo-FastestV2-0.2\SolarBoardData\images\train\good-c9a4e5a6-fe6f-11ed-8112-5c60ba7633ae_jpg.rf.5eb1f684c125b4117aa8e65497ff6bda.jpg...
2026-07-11 19:47:10,384 [INFO] (quantize_model.py #197, read_calibration_data): Load E:\Yolo-FastestV2-0.2\SolarBoardData\images\train\Screenshot-2023-04-01-180619_png.rf.08cb6c85aa9dff4a91cd51dca229efe2.jpg...
2026-07-11 19:47:10,394 [INFO] (quantize_model.py #197, read_calibration_data): Load E:\Yolo-FastestV2-0.2\SolarBoardData\images\train\Scratch_333_png_jpg.rf.367ea2ee979bca34339a84e02724f98f.jpg...
2026-07-11 19:47:10,406 [INFO] (quantize_model.py #197, read_calibration_data): Load E:\Yolo-FastestV2-0.2\SolarBoardData\images\train\IMG_0449_jpg.rf.ce2b6afcd563534f5e252141d6ab151f.jpg...
2026-07-11 19:47:10,418 [INFO] (quantize_model.py #197, read_calibration_data): Load E:\Yolo-FastestV2-0.2\SolarBoardData\images\train\Screenshot-2023-04-01-180834_png_jpg.rf.ac3b9cc989fd6ee97356b2462b7082c0.jpg...
2026-07-11 19:47:10,428 [INFO] (quantize_model.py #197, read_calibration_data): Load E:\Yolo-FastestV2-0.2\SolarBoardData\images\train\cracked-316-_jpg.rf.ad314a131a9ebf35ca00665fee741072.jpg...
2026-07-11 19:47:10,439 [INFO] (quantize_model.py #197, read_calibration_data): Load E:\Yolo-FastestV2-0.2\SolarBoardData\images\train\WhatsApp-Image-2023-03-20-at-19-19-20_jpeg_jpg.rf.d9b3900197a4e8de560df878132572ca.jpg...
2026-07-11 19:47:10,449 [INFO] (quantize_model.py #197, read_calibration_data): Load E:\Yolo-FastestV2-0.2\SolarBoardData\images\train\Crack_217_jpg.rf.de880f8807710ba7d8ec2d20fbc90831.jpg...
2026-07-11 19:47:10,459 [INFO] (quantize_model.py #197, read_calibration_data): Load E:\Yolo-FastestV2-0.2\SolarBoardData\images\train\Screenshot-2023-04-01-180510_png_jpg.rf.cd756b3094f5b7fdec68e3c256237de4.jpg...
2026-07-11 19:47:10,469 [INFO] (quantize_model.py #197, read_calibration_data): Load E:\Yolo-FastestV2-0.2\SolarBoardData\images\train\cracked-93-_jpg.rf.572b882abcdca31c4b255e9eb4328592.jpg...
2026-07-11 19:47:10,479 [INFO] (quantize_model.py #197, read_calibration_data): Load E:\Yolo-FastestV2-0.2\SolarBoardData\images\train\IMG_0415_jpg.rf.1bacede7d931bee53106cbd6a759c81a.jpg...
2026-07-11 19:47:10,487 [INFO] (quantize_model.py #197, read_calibration_data): Load E:\Yolo-FastestV2-0.2\SolarBoardData\images\train\Imgdirty_661_1_jpg.rf.ce932e11a8c5e19b84f688bafd40706b.jpg...
2026-07-11 19:47:10,516 [INFO] (quantize_model.py #197, read_calibration_data): Load E:\Yolo-FastestV2-0.2\SolarBoardData\images\train\cracked-80-_jpg.rf.795263ede45a95ecf315aa01b9a76009.jpg...
2026-07-11 19:47:10,526 [INFO] (quantize_model.py #197, read_calibration_data): Load E:\Yolo-FastestV2-0.2\SolarBoardData\images\train\IMG-20230418-WA0031_jpg.rf.a358a81c2f9eabb97845485f2d2e227c.jpg...
2026-07-11 19:47:10,534 [INFO] (quantize_model.py #197, read_calibration_data): Load E:\Yolo-FastestV2-0.2\SolarBoardData\images\train\IMG_0406_jpg.rf.c8a78f3897cffe2480b4a8e3094689fb.jpg...
2026-07-11 19:47:10,544 [INFO] (quantize_model.py #197, read_calibration_data): Load E:\Yolo-FastestV2-0.2\SolarBoardData\images\train\Screenshot-2023-04-02-002333_png_jpg.rf.ad7052dee838b8cc5a66771ce98c203b.jpg...
2026-07-11 19:47:10,554 [INFO] (quantize_model.py #197, read_calibration_data): Load E:\Yolo-FastestV2-0.2\SolarBoardData\images\train\Imgdirty_930_1_jpg.rf.ee7481f320066d5ef3e76ffba1fe1ef1.jpg...
2026-07-11 19:47:10,560 [INFO] (quantize_model.py #197, read_calibration_data): Load E:\Yolo-FastestV2-0.2\SolarBoardData\images\train\IMG_0431_jpg.rf.12b996ec418854049c66eb22e1825f58.jpg...
2026-07-11 19:47:10,569 [INFO] (quantize_model.py #197, read_calibration_data): Load E:\Yolo-FastestV2-0.2\SolarBoardData\images\train\Imgdirty_167_1_jpg.rf.6f1fb4f77ae8bd9ccfbb6e3a09e75d43.jpg...
2026-07-11 19:47:10,577 [INFO] (quantize_model.py #197, read_calibration_data): Load E:\Yolo-FastestV2-0.2\SolarBoardData\images\train\pv_crack-99-_jpg.rf.9eac7f247472409c32c9dc8360949590.jpg...
2026-07-11 19:47:10,589 [INFO] (quantize_model.py #197, read_calibration_data): Load E:\Yolo-FastestV2-0.2\SolarBoardData\images\train\Imgclean_7_0_jpg.rf.edc09211c24592b757a6a5e3f362d793.jpg...
2026-07-11 19:47:10,599 [INFO] (quantize_model.py #197, read_calibration_data): Load E:\Yolo-FastestV2-0.2\SolarBoardData\images\train\Imgdirty_546_1_jpg.rf.4a820071a1ec84ae7e2e2df2f6dbb15a.jpg...
2026-07-11 19:47:10,620 [INFO] (quantize_model.py #197, read_calibration_data): Load E:\Yolo-FastestV2-0.2\SolarBoardData\images\train\pv_crack-78-_jpg.rf.d8b6202b91f613f6b4584c61ca9e5c12.jpg...
2026-07-11 19:47:10,630 [INFO] (quantize_model.py #197, read_calibration_data): Load E:\Yolo-FastestV2-0.2\SolarBoardData\images\train\Imgclean_424_0_jpg.rf.3c5fa617af4af2fb60ecb9da097cc5bd.jpg...
2026-07-11 19:47:10,642 [INFO] (quantize_model.py #197, read_calibration_data): Load E:\Yolo-FastestV2-0.2\SolarBoardData\images\train\pv_crack-117-_jpg.rf.77d043b22d122f6d1e0a2b498181afb9.jpg...
2026-07-11 19:47:10,654 [INFO] (quantize_model.py #197, read_calibration_data): Load E:\Yolo-FastestV2-0.2\SolarBoardData\images\train\IMG_0448_jpg.rf.3335b263e3030854901e83e0393b0302.jpg...
2026-07-11 19:47:10,664 [INFO] (quantize_model.py #197, read_calibration_data): Load E:\Yolo-FastestV2-0.2\SolarBoardData\images\train\Crack_1_jpg.rf.d68c6dd4c010e2f02deab91b73349bc0.jpg...
2026-07-11 19:47:10,673 [INFO] (quantize_model.py #197, read_calibration_data): Load E:\Yolo-FastestV2-0.2\SolarBoardData\images\train\Imgdirty_840_1_jpg.rf.2eb4d59590d133bba160499f4dea45cb.jpg...
2026-07-11 19:47:10,680 [INFO] (quantize_model.py #197, read_calibration_data): Load E:\Yolo-FastestV2-0.2\SolarBoardData\images\train\photo_2023-07-19_16-27-26_jpg.rf.7b8326297bbb1887fecd342b54ab48e6.jpg...
2026-07-11 19:47:10,691 [INFO] (quantize_model.py #197, read_calibration_data): Load E:\Yolo-FastestV2-0.2\SolarBoardData\images\train\pv_crack-64-_jpg.rf.a5682028f6dd033a581ff99a1ec0e37f.jpg...
2026-07-11 19:47:10,701 [INFO] (quantize_model.py #197, read_calibration_data): Load E:\Yolo-FastestV2-0.2\SolarBoardData\images\train\IMG_0427_jpg.rf.0f96b85bb70ac793617191abc11ba5f7.jpg...
2026-07-11 19:47:10,711 [INFO] (quantize_model.py #197, read_calibration_data): Load E:\Yolo-FastestV2-0.2\SolarBoardData\images\train\IMG_20230323_164830_jpg.rf.2091dbb3d6ddf3862af5ecf6d448d93b.jpg...
2026-07-11 19:47:10,721 [INFO] (quantize_model.py #197, read_calibration_data): Load E:\Yolo-FastestV2-0.2\SolarBoardData\images\train\solar_Wed_Jun_14_9__48__18_2017_L_0-300001871503_I_0-419082352941_jpg.rf.b755e26d08cfd34732d8dc5e235760e9.jpg...
2026-07-11 19:47:10,728 [INFO] (quantize_model.py #197, read_calibration_data): Load E:\Yolo-FastestV2-0.2\SolarBoardData\images\train\Screenshot-2023-04-18-044452_png_jpg.rf.0f9c2ed58f3a7b459d92518e43b3b4cf.jpg...
2026-07-11 19:47:10,737 [INFO] (quantize_model.py #197, read_calibration_data): Load E:\Yolo-FastestV2-0.2\SolarBoardData\images\train\IMG_0406_jpg.rf.cb74014cab8c74f7e57a6a498e9ab2a4.jpg...
2026-07-11 19:47:10,747 [INFO] (quantize_model.py #197, read_calibration_data): Load E:\Yolo-FastestV2-0.2\SolarBoardData\images\train\good-a3be7f11-fe6f-11ed-a7bd-5c60ba7633ae_jpg.rf.934ff9cd9c3873ca1b8745c1c155b824.jpg...
2026-07-11 19:47:10,756 [INFO] (quantize_model.py #197, read_calibration_data): Load E:\Yolo-FastestV2-0.2\SolarBoardData\images\train\cracked-4-_jpg.rf.ff65161f8e21aaed07939635ea09ac99.jpg...
2026-07-11 19:47:10,766 [INFO] (quantize_model.py #197, read_calibration_data): Load E:\Yolo-FastestV2-0.2\SolarBoardData\images\train\Imgdirty_585_1_jpg.rf.671260062c3f446ea046cc0f90e57da2.jpg...
2026-07-11 19:47:10,817 [INFO] (quantize_model.py #197, read_calibration_data): Load E:\Yolo-FastestV2-0.2\SolarBoardData\images\train\cracked-352-_jpg.rf.0e37349ea423bfbb66eada4acb43798d.jpg...
2026-07-11 19:47:10,825 [INFO] (quantize_model.py #197, read_calibration_data): Load E:\Yolo-FastestV2-0.2\SolarBoardData\images\train\cracked-59-_jpg.rf.ce81ffaae559e1294dcf261e7c1fe2f6.jpg...
2026-07-11 19:47:10,835 [INFO] (quantize_model.py #197, read_calibration_data): Load E:\Yolo-FastestV2-0.2\SolarBoardData\images\train\Imgdirty_1037_1_jpg.rf.9be8e76b6fd0470db4ccdf0a30edf45a.jpg...
2026-07-11 19:47:10,842 [INFO] (quantize_model.py #197, read_calibration_data): Load E:\Yolo-FastestV2-0.2\SolarBoardData\images\train\1677073267914_jpg.rf.b7f31da36255be66518933acadca6d36.jpg...
2026-07-11 19:47:10,864 [INFO] (quantize_model.py #197, read_calibration_data): Load E:\Yolo-FastestV2-0.2\SolarBoardData\images\train\good-a1ef5a32-fe6f-11ed-981d-5c60ba7633ae_jpg.rf.56dfe8f50658a40e565f5e6eca5daa68.jpg...
2026-07-11 19:47:10,872 [INFO] (quantize_model.py #197, read_calibration_data): Load E:\Yolo-FastestV2-0.2\SolarBoardData\images\train\IMG_0391_jpg.rf.25d393f031d2217e503bb8cf42dbc919.jpg...
2026-07-11 19:47:10,883 [INFO] (quantize_model.py #197, read_calibration_data): Load E:\Yolo-FastestV2-0.2\SolarBoardData\images\train\cracked-415-_jpg.rf.186f2508a9d0527ba642f4280ee2b7ca.jpg...
2026-07-11 19:47:10,893 [INFO] (quantize_model.py #197, read_calibration_data): Load E:\Yolo-FastestV2-0.2\SolarBoardData\images\train\pv_crack-200-_jpg.rf.2b324705346ef630f522c5b842236b5b.jpg...
2026-07-11 19:47:10,902 [INFO] (quantize_model.py #197, read_calibration_data): Load E:\Yolo-FastestV2-0.2\SolarBoardData\images\train\photo_2023-07-19_16-27-42_jpg.rf.779ac57473bd9f14f9616fbea3535d57.jpg...
2026-07-11 19:47:10,912 [INFO] (quantize_model.py #197, read_calibration_data): Load E:\Yolo-FastestV2-0.2\SolarBoardData\images\train\IMG_0422_jpg.rf.a01327c5a5127be038b4f0fd9af234af.jpg...
2026-07-11 19:47:10,921 [INFO] (quantize_model.py #197, read_calibration_data): Load E:\Yolo-FastestV2-0.2\SolarBoardData\images\train\good-a3be7f11-fe6f-11ed-a7bd-5c60ba7633ae_jpg.rf.f76fd526232c683c38f99cfb9aaeacbe.jpg...
2026-07-11 19:47:10,931 [INFO] (quantize_model.py #197, read_calibration_data): Load E:\Yolo-FastestV2-0.2\SolarBoardData\images\train\Rusak961_jpg.rf.81aeb82faf884f448cd0c5057d227199.jpg...
2026-07-11 19:47:10,941 [INFO] (quantize_model.py #197, read_calibration_data): Load E:\Yolo-FastestV2-0.2\SolarBoardData\images\train\images-20-_jpg.rf.c8f2d1dd525ab6e5610648338604c847.jpg...
2026-07-11 19:47:10,947 [INFO] (quantize_model.py #197, read_calibration_data): Load E:\Yolo-FastestV2-0.2\SolarBoardData\images\train\pv_crack-137-_jpg.rf.5bdccddaaff88ccd26dff7fec808b5b0.jpg...
2026-07-11 19:47:10,957 [INFO] (quantize_model.py #197, read_calibration_data): Load E:\Yolo-FastestV2-0.2\SolarBoardData\images\train\Screenshot-2023-04-01-181509_png_jpg.rf.f1dbef9077a4ba82d4b5faa1b6ef40e9.jpg...
2026-07-11 19:47:10,966 [INFO] (quantize_model.py #197, read_calibration_data): Load E:\Yolo-FastestV2-0.2\SolarBoardData\images\train\good-df559385-fe6f-11ed-86dd-5c60ba7633ae_jpg.rf.c896165d8f4e153fcc549b4a0f3e1e8e.jpg...
2026-07-11 19:47:10,975 [INFO] (quantize_model.py #197, read_calibration_data): Load E:\Yolo-FastestV2-0.2\SolarBoardData\images\train\WhatsApp-Image-2023-03-20-at-19-19-28_jpeg_jpg.rf.431ad1052471e9ef35cc53af26ccc0df.jpg...
2026-07-11 19:47:10,985 [INFO] (quantize_model.py #197, read_calibration_data): Load E:\Yolo-FastestV2-0.2\SolarBoardData\images\train\IMG_0391_jpg.rf.5c2b7e9eb05ec0504395501da8bb94a1.jpg...
2026-07-11 19:47:10,995 [INFO] (quantize_model.py #197, read_calibration_data): Load E:\Yolo-FastestV2-0.2\SolarBoardData\images\train\good-dd86b288-fe6f-11ed-b752-5c60ba7633ae_jpg.rf.019eefc537be7fcce9aa1baa605c061f.jpg...
2026-07-11 19:47:11,005 [INFO] (quantize_model.py #197, read_calibration_data): Load E:\Yolo-FastestV2-0.2\SolarBoardData\images\train\good-dbb7c116-fe6f-11ed-8e77-5c60ba7633ae_jpg.rf.ae14316907b43e10bc33f93fd472a98a.jpg...
2026-07-11 19:47:11,015 [INFO] (quantize_model.py #197, read_calibration_data): Load E:\Yolo-FastestV2-0.2\SolarBoardData\images\train\solar_Thu_Jun_15_14__51__47_2017_L_0-405347035374_I_0-435792156863_jpg.rf.c4c17c5b0175e36c53ea66fb7019ad33.jpg...
2026-07-11 19:47:11,021 [INFO] (quantize_model.py #197, read_calibration_data): Load E:\Yolo-FastestV2-0.2\SolarBoardData\images\train\IMG_0392_jpg.rf.af69d8cf4fec43aa5735fb9c51e49584.jpg...
2026-07-11 19:47:11,032 [INFO] (quantize_model.py #197, read_calibration_data): Load E:\Yolo-FastestV2-0.2\SolarBoardData\images\train\photo_2023-07-19_16-27-18_jpg.rf.188b19ab6a07aa89312f9ea407868bd9.jpg...
2026-07-11 19:47:11,042 [INFO] (quantize_model.py #197, read_calibration_data): Load E:\Yolo-FastestV2-0.2\SolarBoardData\images\train\IMG_20230324_112158_jpg.rf.d6a83cfac2bd126cd572b2c197b02f24.jpg...
2026-07-11 19:47:11,052 [INFO] (quantize_model.py #197, read_calibration_data): Load E:\Yolo-FastestV2-0.2\SolarBoardData\images\train\good-d8194c79-fe6f-11ed-ac9a-5c60ba7633ae_jpg.rf.b1ef17920a8f5f10f4e5a31fc91997e4.jpg...
2026-07-11 19:47:11,062 [INFO] (quantize_model.py #197, read_calibration_data): Load E:\Yolo-FastestV2-0.2\SolarBoardData\images\train\IMG_0408_jpg.rf.591ae25e62d7569d89a365e3b5e29257.jpg...
2026-07-11 19:47:11,072 [INFO] (quantize_model.py #197, read_calibration_data): Load E:\Yolo-FastestV2-0.2\SolarBoardData\images\train\WhatsApp-Image-2023-03-20-at-19-19-23_jpeg_jpg.rf.c072b611fa1e90420a1fba6ea841b0fb.jpg...
2026-07-11 19:47:11,082 [INFO] (quantize_model.py #197, read_calibration_data): Load E:\Yolo-FastestV2-0.2\SolarBoardData\images\train\WhatsApp-Image-2023-03-20-at-19-19-21-2-_jpeg_jpg.rf.d6cca3e7be1818d3b98a1ae34a93d167.jpg...
2026-07-11 19:47:11,090 [INFO] (quantize_model.py #197, read_calibration_data): Load E:\Yolo-FastestV2-0.2\SolarBoardData\images\train\Screenshot-2023-04-02-002436_png_jpg.rf.30ccc31289b52fe4e20349f2281c392e.jpg...
2026-07-11 19:47:11,101 [INFO] (quantize_model.py #197, read_calibration_data): Load E:\Yolo-FastestV2-0.2\SolarBoardData\images\train\Imgdirty_1024_1_jpg.rf.4c00784fbb20adb52fb67f6bf7e09a4a.jpg...
2026-07-11 19:47:11,120 [INFO] (quantize_model.py #197, read_calibration_data): Load E:\Yolo-FastestV2-0.2\SolarBoardData\images\train\Imgclean_34_0_jpg.rf.c6bbd67d5b7d1e8d8e0c336d961c4eb2.jpg...
2026-07-11 19:47:11,141 [INFO] (quantize_model.py #197, read_calibration_data): Load E:\Yolo-FastestV2-0.2\SolarBoardData\images\train\Screenshot-2023-04-18-044452_png_jpg.rf.e34d32c809d8f3335419c2cf8ee401b0.jpg...
2026-07-11 19:47:11,151 [INFO] (quantize_model.py #197, read_calibration_data): Load E:\Yolo-FastestV2-0.2\SolarBoardData\images\train\Imgclean_34_0_jpg.rf.a5462b1835c8e0b4f4d431e286f050bb.jpg...
2026-07-11 19:47:11,160 [INFO] (quantize_model.py #197, read_calibration_data): Load E:\Yolo-FastestV2-0.2\SolarBoardData\images\train\WhatsApp-Image-2023-03-20-at-19-19-29_jpeg_jpg.rf.85ce2914810314221eb88fb66e2b9307.jpg...
2026-07-11 19:47:11,171 [INFO] (quantize_model.py #197, read_calibration_data): Load E:\Yolo-FastestV2-0.2\SolarBoardData\images\train\solar_Fri_Jun_30_11__48__41_2017_L_0-776222987657_I_0-765082352941_jpg.rf.e4943580b3dfee4fe45c8b999bb1b601.jpg...
2026-07-11 19:47:11,179 [INFO] (quantize_model.py #197, read_calibration_data): Load E:\Yolo-FastestV2-0.2\SolarBoardData\images\train\Imgdirty_151_1_jpg.rf.bb3a1aa853b64cae81fd165984e915d0.jpg...
2026-07-11 19:47:11,185 [INFO] (quantize_model.py #197, read_calibration_data): Load E:\Yolo-FastestV2-0.2\SolarBoardData\images\train\cracked-f0c72d6f-fe6f-11ed-a636-5c60ba7633ae_jpg.rf.d5971d9b4521f0b320303df6339435cd.jpg...
2026-07-11 19:47:11,196 [INFO] (quantize_model.py #197, read_calibration_data): Load E:\Yolo-FastestV2-0.2\SolarBoardData\images\train\IMG-20230418-WA0040_jpg.rf.70ef55effd59f57c1a6336b72109f004.jpg...
2026-07-11 19:47:11,205 [INFO] (quantize_model.py #197, read_calibration_data): Load E:\Yolo-FastestV2-0.2\SolarBoardData\images\train\cracked-53-_jpg.rf.8c44e10fe206496b4d538f7250f1981d.jpg...
2026-07-11 19:47:11,216 [INFO] (quantize_model.py #197, read_calibration_data): Load E:\Yolo-FastestV2-0.2\SolarBoardData\images\train\cracked-eef974b0-fe6f-11ed-9646-5c60ba7633ae_jpg.rf.ea6eb14234d48d2233f54066ff6948f5.jpg...
2026-07-11 19:47:11,225 [INFO] (quantize_model.py #197, read_calibration_data): Load E:\Yolo-FastestV2-0.2\SolarBoardData\images\train\good-dd86b288-fe6f-11ed-b752-5c60ba7633ae_jpg.rf.5b41e7e5af9ab2f7056ece4973fc3408.jpg...
2026-07-11 19:47:11,237 [INFO] (quantize_model.py #197, read_calibration_data): Load E:\Yolo-FastestV2-0.2\SolarBoardData\images\train\solar_Fri_Jun_30_11__39__56_2017_L_0-755393550234_I_0-383537254902_jpg.rf.fcbcac579fc29158ed6699cb92eaa817.jpg...
2026-07-11 19:47:11,244 [INFO] (quantize_model.py #197, read_calibration_data): Load E:\Yolo-FastestV2-0.2\SolarBoardData\images\train\Imgclean_292_0_jpg.rf.b736ec9097b3ea903163dc5436dd54b6.jpg...
2026-07-11 19:47:11,254 [INFO] (quantize_model.py #197, read_calibration_data): Load E:\Yolo-FastestV2-0.2\SolarBoardData\images\train\solar_Fri_Jun_16_10__32__11_2017_L_0-795547391483_I_0-409894117647_jpg.rf.e852739e3ecfd3e42eadfd416729724e.jpg...
2026-07-11 19:47:11,261 [INFO] (quantize_model.py #197, read_calibration_data): Load E:\Yolo-FastestV2-0.2\SolarBoardData\images\train\Screenshot-2023-04-18-011936_png.rf.c8987cc10d922cf992cf81463395ebc8.jpg...
2026-07-11 19:47:11,268 [INFO] (quantize_model.py #197, read_calibration_data): Load E:\Yolo-FastestV2-0.2\SolarBoardData\images\train\WhatsApp-Image-2023-03-20-at-19-19-28-1-_jpeg_jpg.rf.e42639ccada6c98af042603d50d54142.jpg...
2026-07-11 19:47:11,279 [INFO] (quantize_model.py #197, read_calibration_data): Load E:\Yolo-FastestV2-0.2\SolarBoardData\images\train\Crack_232_jpg.rf.537ba91b55e2407b98ee4f63a6a467dc.jpg...
2026-07-11 19:47:11,288 [INFO] (quantize_model.py #197, read_calibration_data): Load E:\Yolo-FastestV2-0.2\SolarBoardData\images\train\good-c7d66523-fe6f-11ed-8e67-5c60ba7633ae_jpg.rf.daa931f1fdf27b4fb95a1bed35dcbae2.jpg...
2026-07-11 19:47:11,298 [INFO] (quantize_model.py #197, read_calibration_data): Load E:\Yolo-FastestV2-0.2\SolarBoardData\images\train\Imgdirty_234_1_jpg.rf.81c9e241a8ae0b094d415aeb8caadab8.jpg...
2026-07-11 19:47:11,311 [INFO] (quantize_model.py #197, read_calibration_data): Load E:\Yolo-FastestV2-0.2\SolarBoardData\images\train\WhatsApp-Image-2023-03-20-at-19-19-21_jpeg_jpg.rf.e085d3a229cef63ebecde9ef9112c010.jpg...
2026-07-11 19:47:11,321 [INFO] (quantize_model.py #197, read_calibration_data): Load E:\Yolo-FastestV2-0.2\SolarBoardData\images\train\cracked-f9d17ad1-fe6f-11ed-ab5f-5c60ba7633ae_jpg.rf.c85b4eeea44e358a1d2fc3d8b3a0d8cf.jpg...
2026-07-11 19:47:11,331 [INFO] (quantize_model.py #197, read_calibration_data): Load E:\Yolo-FastestV2-0.2\SolarBoardData\images\train\IMG_8601_jpg.rf.d32e1d1631309fe4ddc892c2cbaac4da.jpg...
2026-07-11 19:47:11,341 [INFO] (quantize_model.py #197, read_calibration_data): Load E:\Yolo-FastestV2-0.2\SolarBoardData\images\train\good-d0df07e1-fe6f-11ed-a98d-5c60ba7633ae_jpg.rf.dc95e852f42af8c83bed72cd7c81b87c.jpg...
2026-07-11 19:47:11,351 [INFO] (quantize_model.py #197, read_calibration_data): Load E:\Yolo-FastestV2-0.2\SolarBoardData\images\train\cracked-eef974b0-fe6f-11ed-9646-5c60ba7633ae_jpg.rf.399aa7b1a0652f037f71e06f611f96d2.jpg...
2026-07-11 19:47:11,361 [INFO] (quantize_model.py #197, read_calibration_data): Load E:\Yolo-FastestV2-0.2\SolarBoardData\images\train\photo_2023-07-19_16-27-25_jpg.rf.bf41c720563e632514a6a2a5326726c5.jpg...
2026-07-11 19:47:11,372 [INFO] (quantize_model.py #197, read_calibration_data): Load E:\Yolo-FastestV2-0.2\SolarBoardData\images\train\Imgdirty_619_1_jpg.rf.436a71465203df8f98894aafec47d50f.jpg...
2026-07-11 19:47:11,385 [INFO] (quantize_model.py #197, read_calibration_data): Load E:\Yolo-FastestV2-0.2\SolarBoardData\images\train\IMG_20230324_155801_jpg.rf.aa93567a4c7e2e61037e57af460be68a.jpg...
2026-07-11 19:47:11,396 [INFO] (quantize_model.py #197, read_calibration_data): Load E:\Yolo-FastestV2-0.2\SolarBoardData\images\train\Screenshot-2023-04-02-002333_png_jpg.rf.7f599c7c1c173dfe64b9fca46581d2d0.jpg...
2026-07-11 19:47:11,405 [INFO] (quantize_model.py #197, read_calibration_data): Load E:\Yolo-FastestV2-0.2\SolarBoardData\images\train\Screenshot-2023-04-01-180124_png_jpg.rf.8fda2009ea5c2dddc5e0fe4698053d1e.jpg...
2026-07-11 19:47:11,415 [INFO] (quantize_model.py #197, read_calibration_data): Load E:\Yolo-FastestV2-0.2\SolarBoardData\images\train\good-d47d48f1-fe6f-11ed-9a5f-5c60ba7633ae_jpg.rf.cc631c382db971e195bed76b18dbd6aa.jpg...
2026-07-11 19:47:11,425 [INFO] (quantize_model.py #197, read_calibration_data): Load E:\Yolo-FastestV2-0.2\SolarBoardData\images\train\pv_crack-149-_jpg.rf.da75eb0c75244140ec464dd4b203aa38.jpg...
2026-07-11 19:47:11,436 [INFO] (quantize_model.py #197, read_calibration_data): Load E:\Yolo-FastestV2-0.2\SolarBoardData\images\train\cracked-96-_jpg.rf.e96100c2487cfbae3a5ff8b94898f49b.jpg...
2026-07-11 19:47:11,446 [INFO] (quantize_model.py #197, read_calibration_data): Load E:\Yolo-FastestV2-0.2\SolarBoardData\images\train\Rusak921_jpg.rf.92f9378ba4013c35ff0e49ce3921d729.jpg...
2026-07-11 19:47:11,457 [INFO] (quantize_model.py #197, read_calibration_data): Load E:\Yolo-FastestV2-0.2\SolarBoardData\images\train\IMG_0400_jpg.rf.8ea0704e095dfa5ed4710a617923ef46.jpg...
2026-07-11 19:47:11,467 [INFO] (quantize_model.py #197, read_calibration_data): Load E:\Yolo-FastestV2-0.2\SolarBoardData\images\train\pv_crack-117-_jpg.rf.e03e80c008edabe2c54e95f5ad815f71.jpg...
2026-07-11 19:47:11,477 [INFO] (quantize_model.py #197, read_calibration_data): Load E:\Yolo-FastestV2-0.2\SolarBoardData\images\train\cracked-428-_jpg.rf.9c8bb5f1c03c340380274036790eabd1.jpg...
2026-07-11 19:47:11,488 [INFO] (quantize_model.py #197, read_calibration_data): Load E:\Yolo-FastestV2-0.2\SolarBoardData\images\train\IMG_0413_jpg.rf.14cd5c04502639c4486a3eea4ad7ad7b.jpg...
2026-07-11 19:47:11,497 [INFO] (quantize_model.py #197, read_calibration_data): Load E:\Yolo-FastestV2-0.2\SolarBoardData\images\train\Imgdirty_693_1_jpg.rf.e2cb61482c928313ad433bb15a8e757a.jpg...
2026-07-11 19:47:11,507 [INFO] (quantize_model.py #197, read_calibration_data): Load E:\Yolo-FastestV2-0.2\SolarBoardData\images\train\pv_crack-86-_jpg.rf.0592afd3d309b6532a6719356944a395.jpg...
2026-07-11 19:47:11,517 [INFO] (quantize_model.py #197, read_calibration_data): Load E:\Yolo-FastestV2-0.2\SolarBoardData\images\train\cracked-92-_jpg.rf.d6b9d51b074c49a939012aadb0719205.jpg...
2026-07-11 19:47:11,528 [INFO] (quantize_model.py #197, read_calibration_data): Load E:\Yolo-FastestV2-0.2\SolarBoardData\images\train\Imgclean_7_0_jpg.rf.7807eb3c4177bf8c943461d29ea087cc.jpg...
2026-07-11 19:47:11,537 [INFO] (quantize_model.py #197, read_calibration_data): Load E:\Yolo-FastestV2-0.2\SolarBoardData\images\train\Imgclean_343_0_jpg.rf.72a6eb91c9bf0f8ed7703b4a118f8060.jpg...
2026-07-11 19:47:11,547 [INFO] (quantize_model.py #197, read_calibration_data): Load E:\Yolo-FastestV2-0.2\SolarBoardData\images\train\Imgdirty_1034_1_jpg.rf.3d1fc589582ad5cc342939763a10111a.jpg...
2026-07-11 19:47:11,554 [INFO] (quantize_model.py #197, read_calibration_data): Load E:\Yolo-FastestV2-0.2\SolarBoardData\images\train\IMG_0400_jpg.rf.24980322a43203a53d3c0508e975ebb7.jpg...
2026-07-11 19:47:11,564 [INFO] (quantize_model.py #197, read_calibration_data): Load E:\Yolo-FastestV2-0.2\SolarBoardData\images\train\Imgdirty_875_1_jpg.rf.6d8310be910e0a1c105ccfacf4b1e8f2.jpg...
2026-07-11 19:47:11,572 [INFO] (quantize_model.py #197, read_calibration_data): Load E:\Yolo-FastestV2-0.2\SolarBoardData\images\train\good-dd86b288-fe6f-11ed-b752-5c60ba7633ae_jpg.rf.be2d1af8d924bfdcf792e1f3a71fd7e2.jpg...
2026-07-11 19:47:11,581 [INFO] (quantize_model.py #197, read_calibration_data): Load E:\Yolo-FastestV2-0.2\SolarBoardData\images\train\Imgdirty_728_1_jpg.rf.51133140df0e2b4bfccd8aa881494d75.jpg...
2026-07-11 19:47:11,610 [INFO] (quantize_model.py #197, read_calibration_data): Load E:\Yolo-FastestV2-0.2\SolarBoardData\images\train\Imgdirty_266_1_jpg.rf.7e011de90de12cc47db37cd3c7b79239.jpg...
2026-07-11 19:47:11,705 [INFO] (quantize_model.py #197, read_calibration_data): Load E:\Yolo-FastestV2-0.2\SolarBoardData\images\train\IMG_0415_jpg.rf.9ef7757abf8427a1228130be2b19a9b1.jpg...
2026-07-11 19:47:11,714 [INFO] (quantize_model.py #197, read_calibration_data): Load E:\Yolo-FastestV2-0.2\SolarBoardData\images\train\Imgdirty_911_1_jpg.rf.b12b1502c388015c681a58b1ff6633fd.jpg...
2026-07-11 19:47:11,720 [INFO] (mera_quantizer.py #195, __init__): Using existing prepared model for quantization.
2026-07-11 19:47:11,721 [DEBUG] (deploy_project.py #208, save_artifact): Saved json artifact 'qtz_conf.json' into D:\Lab\Lab_MCU\Renesas_RA\RenesasCup_EK_RA8P1\CameraTestProject\e2studio\conversion_results\quantized
[2026-07-11 19:47:11.757] [info] Setting up observers
[2026-07-11 19:47:11.758] [info] Quantizer Ready
2026-07-11 19:47:11,758 [INFO] (mera_quantizer.py #229, __init__): Model ready for quantization
2026-07-11 19:47:11,758 [INFO] (mera_quantizer.py #322, __run_samples_core): Running model calibration with 1000 samples ...

Running calibration:   0%|[33m                                            [0m| 0/1000 [00:00<?,? samples/s][0m
Running calibration:   0%|[33m                                    [0m| 1/1000 [00:00<02:16, 7.32 samples/s][0m
Running calibration:   0%|[33m                                    [0m| 3/1000 [00:00<01:40, 9.88 samples/s][0m
Running calibration:   0%|[33m��                                   [0m| 5/1000 [00:00<01:39, 9.97 samples/s][0m
Running calibration:   1%|[33m��                                   [0m| 7/1000 [00:00<01:38,10.04 samples/s][0m
Running calibration:   1%|[33m��                                   [0m| 9/1000 [00:00<01:35,10.37 samples/s][0m
Running calibration:   1%|[33m��                                  [0m| 11/1000 [00:01<01:31,10.79 samples/s][0m
Running calibration:   1%|[33m��                                  [0m| 13/1000 [00:01<01:28,11.09 samples/s][0m
Running calibration:   2%|[33m��                                  [0m| 15/1000 [00:01<01:27,11.24 samples/s][0m
Running calibration:   2%|[33m��                                  [0m| 17/1000 [00:01<01:29,10.96 samples/s][0m
Running calibration:   2%|[33m��                                  [0m| 19/1000 [00:01<01:29,10.94 samples/s][0m
Running calibration:   2%|[33m��                                  [0m| 21/1000 [00:01<01:29,10.91 samples/s][0m
Running calibration:   2%|[33m��                                  [0m| 23/1000 [00:02<01:30,10.77 samples/s][0m
Running calibration:   2%|[33m��                                  [0m| 25/1000 [00:02<01:31,10.60 samples/s][0m
Running calibration:   3%|[33m��                                  [0m| 27/1000 [00:02<01:30,10.75 samples/s][0m
Running calibration:   3%|[33m��                                  [0m| 29/1000 [00:02<01:28,10.94 samples/s][0m
Running calibration:   3%|[33m��                                  [0m| 31/1000 [00:02<01:28,10.94 samples/s][0m
Running calibration:   3%|[33m����                                 [0m| 33/1000 [00:03<01:26,11.12 samples/s][0m
Running calibration:   4%|[33m����                                 [0m| 35/1000 [00:03<01:27,11.03 samples/s][0m
Running calibration:   4%|[33m����                                 [0m| 37/1000 [00:03<01:26,11.17 samples/s][0m
Running calibration:   4%|[33m����                                 [0m| 39/1000 [00:03<01:26,11.17 samples/s][0m
Running calibration:   4%|[33m����                                 [0m| 41/1000 [00:03<01:26,11.14 samples/s][0m
Running calibration:   4%|[33m����                                 [0m| 43/1000 [00:03<01:26,11.11 samples/s][0m
Running calibration:   4%|[33m����                                 [0m| 45/1000 [00:04<01:24,11.28 samples/s][0m
Running calibration:   5%|[33m����                                 [0m| 47/1000 [00:04<01:26,10.97 samples/s][0m
Running calibration:   5%|[33m����                                 [0m| 49/1000 [00:04<01:29,10.68 samples/s][0m
Running calibration:   5%|[33m����                                 [0m| 51/1000 [00:04<01:31,10.43 samples/s][0m
Running calibration:   5%|[33m����                                 [0m| 53/1000 [00:04<01:29,10.63 samples/s][0m
Running calibration:   6%|[33m����                                 [0m| 55/1000 [00:05<01:26,10.97 samples/s][0m
Running calibration:   6%|[33m����                                 [0m| 57/1000 [00:05<01:24,11.13 samples/s][0m
Running calibration:   6%|[33m����                                 [0m| 59/1000 [00:05<01:24,11.19 samples/s][0m
Running calibration:   6%|[33m������                                [0m| 61/1000 [00:05<01:23,11.29 samples/s][0m
Running calibration:   6%|[33m������                                [0m| 63/1000 [00:05<01:23,11.24 samples/s][0m
Running calibration:   6%|[33m������                                [0m| 65/1000 [00:05<01:22,11.31 samples/s][0m
Running calibration:   7%|[33m������                                [0m| 67/1000 [00:06<01:23,11.18 samples/s][0m
Running calibration:   7%|[33m������                                [0m| 69/1000 [00:06<01:21,11.37 samples/s][0m
Running calibration:   7%|[33m������                                [0m| 71/1000 [00:06<01:22,11.24 samples/s][0m
Running calibration:   7%|[33m������                                [0m| 73/1000 [00:06<01:23,11.14 samples/s][0m
Running calibration:   8%|[33m������                                [0m| 75/1000 [00:06<01:22,11.25 samples/s][0m
Running calibration:   8%|[33m������                                [0m| 77/1000 [00:07<01:22,11.13 samples/s][0m
Running calibration:   8%|[33m������                                [0m| 79/1000 [00:07<01:23,11.08 samples/s][0m
Running calibration:   8%|[33m������                                [0m| 81/1000 [00:07<01:22,11.10 samples/s][0m
Running calibration:   8%|[33m������                                [0m| 83/1000 [00:07<01:21,11.28 samples/s][0m
Running calibration:   8%|[33m������                                [0m| 85/1000 [00:07<01:21,11.18 samples/s][0m
Running calibration:   9%|[33m������                                [0m| 87/1000 [00:07<01:21,11.14 samples/s][0m
Running calibration:   9%|[33m������                                [0m| 89/1000 [00:08<01:20,11.28 samples/s][0m
Running calibration:   9%|[33m��������                               [0m| 91/1000 [00:08<01:21,11.16 samples/s][0m
Running calibration:   9%|[33m��������                               [0m| 93/1000 [00:08<01:22,10.95 samples/s][0m
Running calibration:  10%|[33m��������                               [0m| 95/1000 [00:08<01:21,11.14 samples/s][0m
Running calibration:  10%|[33m��������                               [0m| 97/1000 [00:08<01:20,11.25 samples/s][0m
Running calibration:  10%|[33m��������                               [0m| 99/1000 [00:08<01:19,11.38 samples/s][0m
Running calibration:  10%|[33m��������                              [0m| 101/1000 [00:09<01:18,11.44 samples/s][0m
Running calibration:  10%|[33m��������                              [0m| 103/1000 [00:09<01:19,11.26 samples/s][0m
Running calibration:  10%|[33m��������                              [0m| 105/1000 [00:09<01:18,11.36 samples/s][0m
Running calibration:  11%|[33m��������                              [0m| 107/1000 [00:09<01:17,11.47 samples/s][0m
Running calibration:  11%|[33m��������                              [0m| 109/1000 [00:09<01:18,11.34 samples/s][0m
Running calibration:  11%|[33m��������                              [0m| 111/1000 [00:10<01:17,11.42 samples/s][0m
Running calibration:  11%|[33m��������                              [0m| 113/1000 [00:10<01:17,11.42 samples/s][0m
Running calibration:  12%|[33m��������                              [0m| 115/1000 [00:10<01:18,11.24 samples/s][0m
Running calibration:  12%|[33m��������                              [0m| 117/1000 [00:10<01:19,11.07 samples/s][0m
Running calibration:  12%|[33m��������                              [0m| 119/1000 [00:10<01:18,11.17 samples/s][0m
Running calibration:  12%|[33m��������                              [0m| 121/1000 [00:10<01:18,11.20 samples/s][0m
Running calibration:  12%|[33m����������                             [0m| 123/1000 [00:11<01:17,11.32 samples/s][0m
Running calibration:  12%|[33m����������                             [0m| 125/1000 [00:11<01:16,11.40 samples/s][0m
Running calibration:  13%|[33m����������                             [0m| 127/1000 [00:11<01:16,11.40 samples/s][0m
Running calibration:  13%|[33m����������                             [0m| 129/1000 [00:11<01:16,11.34 samples/s][0m
Running calibration:  13%|[33m����������                             [0m| 131/1000 [00:11<01:16,11.38 samples/s][0m
Running calibration:  13%|[33m����������                             [0m| 133/1000 [00:11<01:16,11.41 samples/s][0m
Running calibration:  14%|[33m����������                             [0m| 135/1000 [00:12<01:17,11.15 samples/s][0m
Running calibration:  14%|[33m����������                             [0m| 137/1000 [00:12<01:18,11.05 samples/s][0m
Running calibration:  14%|[33m����������                             [0m| 139/1000 [00:12<01:17,11.18 samples/s][0m
Running calibration:  14%|[33m����������                             [0m| 141/1000 [00:12<01:17,11.03 samples/s][0m
Running calibration:  14%|[33m����������                             [0m| 143/1000 [00:12<01:18,10.95 samples/s][0m
Running calibration:  14%|[33m����������                             [0m| 145/1000 [00:13<01:17,11.03 samples/s][0m
Running calibration:  15%|[33m����������                             [0m| 147/1000 [00:13<01:17,11.07 samples/s][0m
Running calibration:  15%|[33m����������                             [0m| 149/1000 [00:13<01:15,11.28 samples/s][0m
Running calibration:  15%|[33m������������                            [0m| 151/1000 [00:13<01:15,11.32 samples/s][0m
Running calibration:  15%|[33m������������                            [0m| 153/1000 [00:13<01:16,11.13 samples/s][0m
Running calibration:  16%|[33m������������                            [0m| 155/1000 [00:13<01:15,11.15 samples/s][0m
Running calibration:  16%|[33m������������                            [0m| 157/1000 [00:14<01:14,11.33 samples/s][0m
Running calibration:  16%|[33m������������                            [0m| 159/1000 [00:14<01:13,11.47 samples/s][0m
Running calibration:  16%|[33m������������                            [0m| 161/1000 [00:14<01:14,11.24 samples/s][0m
Running calibration:  16%|[33m������������                            [0m| 163/1000 [00:14<01:13,11.38 samples/s][0m
Running calibration:  16%|[33m������������                            [0m| 165/1000 [00:14<01:13,11.40 samples/s][0m
Running calibration:  17%|[33m������������                            [0m| 167/1000 [00:15<01:14,11.23 samples/s][0m
Running calibration:  17%|[33m������������                            [0m| 169/1000 [00:15<01:13,11.31 samples/s][0m
Running calibration:  17%|[33m������������                            [0m| 171/1000 [00:15<01:13,11.33 samples/s][0m
Running calibration:  17%|[33m������������                            [0m| 173/1000 [00:15<01:13,11.24 samples/s][0m
Running calibration:  18%|[33m������������                            [0m| 175/1000 [00:15<01:13,11.29 samples/s][0m
Running calibration:  18%|[33m������������                            [0m| 177/1000 [00:15<01:12,11.42 samples/s][0m
Running calibration:  18%|[33m������������                            [0m| 179/1000 [00:16<01:11,11.45 samples/s][0m
Running calibration:  18%|[33m��������������                           [0m| 181/1000 [00:16<01:11,11.53 samples/s][0m
Running calibration:  18%|[33m��������������                           [0m| 183/1000 [00:16<01:10,11.51 samples/s][0m
Running calibration:  18%|[33m��������������                           [0m| 185/1000 [00:16<01:11,11.43 samples/s][0m
Running calibration:  19%|[33m��������������                           [0m| 187/1000 [00:16<01:10,11.46 samples/s][0m
Running calibration:  19%|[33m��������������                           [0m| 189/1000 [00:16<01:10,11.58 samples/s][0m
Running calibration:  19%|[33m��������������                           [0m| 191/1000 [00:17<01:10,11.48 samples/s][0m
Running calibration:  19%|[33m��������������                           [0m| 193/1000 [00:17<01:11,11.32 samples/s][0m
Running calibration:  20%|[33m��������������                           [0m| 195/1000 [00:17<01:10,11.40 samples/s][0m
Running calibration:  20%|[33m��������������                           [0m| 197/1000 [00:17<01:09,11.50 samples/s][0m
Running calibration:  20%|[33m��������������                           [0m| 199/1000 [00:17<01:11,11.26 samples/s][0m
Running calibration:  20%|[33m��������������                           [0m| 201/1000 [00:18<01:10,11.34 samples/s][0m
Running calibration:  20%|[33m��������������                           [0m| 203/1000 [00:18<01:10,11.27 samples/s][0m
Running calibration:  20%|[33m��������������                           [0m| 205/1000 [00:18<01:10,11.25 samples/s][0m
Running calibration:  21%|[33m��������������                           [0m| 207/1000 [00:18<01:09,11.39 samples/s][0m
Running calibration:  21%|[33m��������������                           [0m| 209/1000 [00:18<01:08,11.47 samples/s][0m
Running calibration:  21%|[33m����������������                          [0m| 211/1000 [00:18<01:09,11.31 samples/s][0m
Running calibration:  21%|[33m����������������                          [0m| 213/1000 [00:19<01:09,11.34 samples/s][0m
Running calibration:  22%|[33m����������������                          [0m| 215/1000 [00:19<01:09,11.34 samples/s][0m
Running calibration:  22%|[33m����������������                          [0m| 217/1000 [00:19<01:08,11.35 samples/s][0m
Running calibration:  22%|[33m����������������                          [0m| 219/1000 [00:19<01:10,11.15 samples/s][0m
Running calibration:  22%|[33m����������������                          [0m| 221/1000 [00:19<01:09,11.14 samples/s][0m
Running calibration:  22%|[33m����������������                          [0m| 223/1000 [00:19<01:08,11.28 samples/s][0m
Running calibration:  22%|[33m����������������                          [0m| 225/1000 [00:20<01:08,11.31 samples/s][0m
Running calibration:  23%|[33m����������������                          [0m| 227/1000 [00:20<01:08,11.30 samples/s][0m
Running calibration:  23%|[33m����������������                          [0m| 229/1000 [00:20<01:08,11.34 samples/s][0m
Running calibration:  23%|[33m����������������                          [0m| 231/1000 [00:20<01:08,11.16 samples/s][0m
Running calibration:  23%|[33m����������������                          [0m| 233/1000 [00:20<01:08,11.20 samples/s][0m
Running calibration:  24%|[33m����������������                          [0m| 235/1000 [00:21<01:07,11.30 samples/s][0m
Running calibration:  24%|[33m����������������                          [0m| 237/1000 [00:21<01:07,11.36 samples/s][0m
Running calibration:  24%|[33m������������������                         [0m| 239/1000 [00:21<01:06,11.46 samples/s][0m
Running calibration:  24%|[33m������������������                         [0m| 241/1000 [00:21<01:05,11.55 samples/s][0m
Running calibration:  24%|[33m������������������                         [0m| 243/1000 [00:21<01:07,11.25 samples/s][0m
Running calibration:  24%|[33m������������������                         [0m| 245/1000 [00:21<01:07,11.14 samples/s][0m
Running calibration:  25%|[33m������������������                         [0m| 247/1000 [00:22<01:06,11.26 samples/s][0m
Running calibration:  25%|[33m������������������                         [0m| 249/1000 [00:22<01:06,11.37 samples/s][0m
Running calibration:  25%|[33m������������������                         [0m| 251/1000 [00:22<01:05,11.45 samples/s][0m
Running calibration:  25%|[33m������������������                         [0m| 253/1000 [00:22<01:04,11.49 samples/s][0m
Running calibration:  26%|[33m������������������                         [0m| 255/1000 [00:22<01:04,11.57 samples/s][0m
Running calibration:  26%|[33m������������������                         [0m| 257/1000 [00:22<01:04,11.48 samples/s][0m
Running calibration:  26%|[33m������������������                         [0m| 259/1000 [00:23<01:04,11.43 samples/s][0m
Running calibration:  26%|[33m������������������                         [0m| 261/1000 [00:23<01:04,11.45 samples/s][0m
Running calibration:  26%|[33m������������������                         [0m| 263/1000 [00:23<01:05,11.29 samples/s][0m
Running calibration:  26%|[33m������������������                         [0m| 265/1000 [00:23<01:04,11.44 samples/s][0m
Running calibration:  27%|[33m������������������                         [0m| 267/1000 [00:23<01:03,11.48 samples/s][0m
Running calibration:  27%|[33m��������������������                        [0m| 269/1000 [00:24<01:05,11.16 samples/s][0m
Running calibration:  27%|[33m��������������������                        [0m| 271/1000 [00:24<01:04,11.24 samples/s][0m
Running calibration:  27%|[33m��������������������                        [0m| 273/1000 [00:24<01:03,11.37 samples/s][0m
Running calibration:  28%|[33m��������������������                        [0m| 275/1000 [00:24<01:02,11.52 samples/s][0m
Running calibration:  28%|[33m��������������������                        [0m| 277/1000 [00:24<01:02,11.52 samples/s][0m
Running calibration:  28%|[33m��������������������                        [0m| 279/1000 [00:24<01:03,11.31 samples/s][0m
Running calibration:  28%|[33m��������������������                        [0m| 281/1000 [00:25<01:03,11.38 samples/s][0m
Running calibration:  28%|[33m��������������������                        [0m| 283/1000 [00:25<01:03,11.38 samples/s][0m
Running calibration:  28%|[33m��������������������                        [0m| 285/1000 [00:25<01:02,11.51 samples/s][0m
Running calibration:  29%|[33m��������������������                        [0m| 287/1000 [00:25<01:01,11.55 samples/s][0m
Running calibration:  29%|[33m��������������������                        [0m| 289/1000 [00:25<01:02,11.41 samples/s][0m
Running calibration:  29%|[33m��������������������                        [0m| 291/1000 [00:25<01:02,11.34 samples/s][0m
Running calibration:  29%|[33m��������������������                        [0m| 293/1000 [00:26<01:02,11.26 samples/s][0m
Running calibration:  30%|[33m��������������������                        [0m| 295/1000 [00:26<01:04,11.00 samples/s][0m
Running calibration:  30%|[33m��������������������                        [0m| 297/1000 [00:26<01:04,10.91 samples/s][0m
Running calibration:  30%|[33m����������������������                       [0m| 299/1000 [00:26<01:05,10.73 samples/s][0m
Running calibration:  30%|[33m����������������������                       [0m| 301/1000 [00:26<01:05,10.67 samples/s][0m
Running calibration:  30%|[33m����������������������                       [0m| 303/1000 [00:27<01:05,10.59 samples/s][0m
Running calibration:  30%|[33m����������������������                       [0m| 305/1000 [00:27<01:05,10.61 samples/s][0m
Running calibration:  31%|[33m����������������������                       [0m| 307/1000 [00:27<01:04,10.79 samples/s][0m
Running calibration:  31%|[33m����������������������                       [0m| 309/1000 [00:27<01:02,11.09 samples/s][0m
Running calibration:  31%|[33m����������������������                       [0m| 311/1000 [00:27<01:01,11.19 samples/s][0m
Running calibration:  31%|[33m����������������������                       [0m| 313/1000 [00:27<01:00,11.30 samples/s][0m
Running calibration:  32%|[33m����������������������                       [0m| 315/1000 [00:28<01:01,11.21 samples/s][0m
Running calibration:  32%|[33m����������������������                       [0m| 317/1000 [00:28<01:00,11.21 samples/s][0m
Running calibration:  32%|[33m����������������������                       [0m| 319/1000 [00:28<01:01,11.05 samples/s][0m
Running calibration:  32%|[33m����������������������                       [0m| 321/1000 [00:28<01:01,11.06 samples/s][0m
Running calibration:  32%|[33m����������������������                       [0m| 323/1000 [00:28<01:00,11.28 samples/s][0m
Running calibration:  32%|[33m����������������������                       [0m| 325/1000 [00:29<00:59,11.42 samples/s][0m
Running calibration:  33%|[33m����������������������                       [0m| 327/1000 [00:29<00:59,11.24 samples/s][0m
Running calibration:  33%|[33m������������������������                      [0m| 329/1000 [00:29<00:59,11.36 samples/s][0m
Running calibration:  33%|[33m������������������������                      [0m| 331/1000 [00:29<00:58,11.51 samples/s][0m
Running calibration:  33%|[33m������������������������                      [0m| 333/1000 [00:29<00:57,11.62 samples/s][0m
Running calibration:  34%|[33m������������������������                      [0m| 335/1000 [00:29<00:58,11.32 samples/s][0m
Running calibration:  34%|[33m������������������������                      [0m| 337/1000 [00:30<00:58,11.41 samples/s][0m
Running calibration:  34%|[33m������������������������                      [0m| 339/1000 [00:30<00:59,11.12 samples/s][0m
Running calibration:  34%|[33m������������������������                      [0m| 341/1000 [00:30<00:58,11.30 samples/s][0m
Running calibration:  34%|[33m������������������������                      [0m| 343/1000 [00:30<00:59,11.06 samples/s][0m
Running calibration:  34%|[33m������������������������                      [0m| 345/1000 [00:30<00:59,11.08 samples/s][0m
Running calibration:  35%|[33m������������������������                      [0m| 347/1000 [00:30<00:57,11.29 samples/s][0m
Running calibration:  35%|[33m������������������������                      [0m| 349/1000 [00:31<00:58,11.15 samples/s][0m
Running calibration:  35%|[33m������������������������                      [0m| 351/1000 [00:31<00:58,11.02 samples/s][0m
Running calibration:  35%|[33m������������������������                      [0m| 353/1000 [00:31<00:58,11.07 samples/s][0m
Running calibration:  36%|[33m������������������������                      [0m| 355/1000 [00:31<00:58,11.08 samples/s][0m
Running calibration:  36%|[33m��������������������������                     [0m| 357/1000 [00:31<00:58,10.92 samples/s][0m
Running calibration:  36%|[33m��������������������������                     [0m| 359/1000 [00:32<00:57,11.07 samples/s][0m
Running calibration:  36%|[33m��������������������������                     [0m| 361/1000 [00:32<00:56,11.26 samples/s][0m
Running calibration:  36%|[33m��������������������������                     [0m| 363/1000 [00:32<00:56,11.34 samples/s][0m
Running calibration:  36%|[33m��������������������������                     [0m| 365/1000 [00:32<00:56,11.21 samples/s][0m
Running calibration:  37%|[33m��������������������������                     [0m| 367/1000 [00:32<00:56,11.22 samples/s][0m
Running calibration:  37%|[33m��������������������������                     [0m| 369/1000 [00:32<00:57,11.02 samples/s][0m
Running calibration:  37%|[33m��������������������������                     [0m| 371/1000 [00:33<00:56,11.13 samples/s][0m
Running calibration:  37%|[33m��������������������������                     [0m| 373/1000 [00:33<00:56,11.13 samples/s][0m
Running calibration:  38%|[33m��������������������������                     [0m| 375/1000 [00:33<00:55,11.19 samples/s][0m
Running calibration:  38%|[33m��������������������������                     [0m| 377/1000 [00:33<00:54,11.35 samples/s][0m
Running calibration:  38%|[33m��������������������������                     [0m| 379/1000 [00:33<00:55,11.24 samples/s][0m
Running calibration:  38%|[33m��������������������������                     [0m| 381/1000 [00:34<00:55,11.20 samples/s][0m
Running calibration:  38%|[33m��������������������������                     [0m| 383/1000 [00:34<00:54,11.31 samples/s][0m
Running calibration:  38%|[33m��������������������������                     [0m| 385/1000 [00:34<00:53,11.39 samples/s][0m
Running calibration:  39%|[33m����������������������������                    [0m| 387/1000 [00:34<00:53,11.53 samples/s][0m
Running calibration:  39%|[33m����������������������������                    [0m| 389/1000 [00:34<00:54,11.31 samples/s][0m
Running calibration:  39%|[33m����������������������������                    [0m| 391/1000 [00:34<00:53,11.40 samples/s][0m
Running calibration:  39%|[33m����������������������������                    [0m| 393/1000 [00:35<00:53,11.40 samples/s][0m
Running calibration:  40%|[33m����������������������������                    [0m| 395/1000 [00:35<00:53,11.35 samples/s][0m
Running calibration:  40%|[33m����������������������������                    [0m| 397/1000 [00:35<00:53,11.36 samples/s][0m
Running calibration:  40%|[33m����������������������������                    [0m| 399/1000 [00:35<00:54,10.93 samples/s][0m
Running calibration:  40%|[33m����������������������������                    [0m| 401/1000 [00:35<00:55,10.74 samples/s][0m
Running calibration:  40%|[33m����������������������������                    [0m| 403/1000 [00:36<00:56,10.53 samples/s][0m
Running calibration:  40%|[33m����������������������������                    [0m| 405/1000 [00:36<00:55,10.70 samples/s][0m
Running calibration:  41%|[33m����������������������������                    [0m| 407/1000 [00:36<00:54,10.97 samples/s][0m
Running calibration:  41%|[33m����������������������������                    [0m| 409/1000 [00:36<00:53,11.15 samples/s][0m
Running calibration:  41%|[33m����������������������������                    [0m| 411/1000 [00:36<00:53,11.10 samples/s][0m
Running calibration:  41%|[33m����������������������������                    [0m| 413/1000 [00:36<00:52,11.14 samples/s][0m
Running calibration:  42%|[33m����������������������������                    [0m| 415/1000 [00:37<00:51,11.36 samples/s][0m
Running calibration:  42%|[33m������������������������������                   [0m| 417/1000 [00:37<00:50,11.45 samples/s][0m
Running calibration:  42%|[33m������������������������������                   [0m| 419/1000 [00:37<00:51,11.24 samples/s][0m
Running calibration:  42%|[33m������������������������������                   [0m| 421/1000 [00:37<00:50,11.38 samples/s][0m
Running calibration:  42%|[33m������������������������������                   [0m| 423/1000 [00:37<00:50,11.36 samples/s][0m
Running calibration:  42%|[33m������������������������������                   [0m| 425/1000 [00:37<00:50,11.38 samples/s][0m
Running calibration:  43%|[33m������������������������������                   [0m| 427/1000 [00:38<00:49,11.50 samples/s][0m
Running calibration:  43%|[33m������������������������������                   [0m| 429/1000 [00:38<00:50,11.31 samples/s][0m
Running calibration:  43%|[33m������������������������������                   [0m| 431/1000 [00:38<00:50,11.35 samples/s][0m
Running calibration:  43%|[33m������������������������������                   [0m| 433/1000 [00:38<00:49,11.48 samples/s][0m
Running calibration:  44%|[33m������������������������������                   [0m| 435/1000 [00:38<00:49,11.30 samples/s][0m
Running calibration:  44%|[33m������������������������������                   [0m| 437/1000 [00:39<00:49,11.40 samples/s][0m
Running calibration:  44%|[33m������������������������������                   [0m| 439/1000 [00:39<00:49,11.45 samples/s][0m
Running calibration:  44%|[33m������������������������������                   [0m| 441/1000 [00:39<00:48,11.54 samples/s][0m
Running calibration:  44%|[33m������������������������������                   [0m| 443/1000 [00:39<00:48,11.43 samples/s][0m
Running calibration:  44%|[33m��������������������������������                  [0m| 445/1000 [00:39<00:49,11.24 samples/s][0m
Running calibration:  45%|[33m��������������������������������                  [0m| 447/1000 [00:39<00:48,11.39 samples/s][0m
Running calibration:  45%|[33m��������������������������������                  [0m| 449/1000 [00:40<00:48,11.37 samples/s][0m
Running calibration:  45%|[33m��������������������������������                  [0m| 451/1000 [00:40<00:48,11.36 samples/s][0m
Running calibration:  45%|[33m��������������������������������                  [0m| 453/1000 [00:40<00:47,11.46 samples/s][0m
Running calibration:  46%|[33m��������������������������������                  [0m| 455/1000 [00:40<00:48,11.25 samples/s][0m
Running calibration:  46%|[33m��������������������������������                  [0m| 457/1000 [00:40<00:47,11.36 samples/s][0m
Running calibration:  46%|[33m��������������������������������                  [0m| 459/1000 [00:40<00:47,11.38 samples/s][0m
Running calibration:  46%|[33m��������������������������������                  [0m| 461/1000 [00:41<00:47,11.46 samples/s][0m
Running calibration:  46%|[33m��������������������������������                  [0m| 463/1000 [00:41<00:46,11.54 samples/s][0m
Running calibration:  46%|[33m��������������������������������                  [0m| 465/1000 [00:41<00:46,11.55 samples/s][0m
Running calibration:  47%|[33m��������������������������������                  [0m| 467/1000 [00:41<00:46,11.43 samples/s][0m
Running calibration:  47%|[33m��������������������������������                  [0m| 469/1000 [00:41<00:47,11.15 samples/s][0m
Running calibration:  47%|[33m��������������������������������                  [0m| 471/1000 [00:41<00:47,11.16 samples/s][0m
Running calibration:  47%|[33m��������������������������������                  [0m| 473/1000 [00:42<00:46,11.33 samples/s][0m
Running calibration:  48%|[33m����������������������������������                 [0m| 475/1000 [00:42<00:45,11.43 samples/s][0m
Running calibration:  48%|[33m����������������������������������                 [0m| 477/1000 [00:42<00:45,11.44 samples/s][0m
Running calibration:  48%|[33m����������������������������������                 [0m| 479/1000 [00:42<00:45,11.56 samples/s][0m
Running calibration:  48%|[33m����������������������������������                 [0m| 481/1000 [00:42<00:45,11.37 samples/s][0m
Running calibration:  48%|[33m����������������������������������                 [0m| 483/1000 [00:43<00:44,11.51 samples/s][0m
Running calibration:  48%|[33m����������������������������������                 [0m| 485/1000 [00:43<00:45,11.40 samples/s][0m
Running calibration:  49%|[33m����������������������������������                 [0m| 487/1000 [00:43<00:45,11.35 samples/s][0m
Running calibration:  49%|[33m����������������������������������                 [0m| 489/1000 [00:43<00:44,11.47 samples/s][0m
Running calibration:  49%|[33m����������������������������������                 [0m| 491/1000 [00:43<00:43,11.59 samples/s][0m
Running calibration:  49%|[33m����������������������������������                 [0m| 493/1000 [00:43<00:44,11.35 samples/s][0m
Running calibration:  50%|[33m����������������������������������                 [0m| 495/1000 [00:44<00:44,11.24 samples/s][0m
Running calibration:  50%|[33m����������������������������������                 [0m| 497/1000 [00:44<00:44,11.38 samples/s][0m
Running calibration:  50%|[33m����������������������������������                 [0m| 499/1000 [00:44<00:43,11.40 samples/s][0m
Running calibration:  50%|[33m����������������������������������                 [0m| 501/1000 [00:44<00:44,11.25 samples/s][0m
Running calibration:  50%|[33m����������������������������������                 [0m| 503/1000 [00:44<00:43,11.42 samples/s][0m
Running calibration:  50%|[33m������������������������������������                [0m| 505/1000 [00:44<00:42,11.52 samples/s][0m
Running calibration:  51%|[33m������������������������������������                [0m| 507/1000 [00:45<00:42,11.54 samples/s][0m
Running calibration:  51%|[33m������������������������������������                [0m| 509/1000 [00:45<00:42,11.57 samples/s][0m
Running calibration:  51%|[33m������������������������������������                [0m| 511/1000 [00:45<00:42,11.63 samples/s][0m
Running calibration:  51%|[33m������������������������������������                [0m| 513/1000 [00:45<00:42,11.41 samples/s][0m
Running calibration:  52%|[33m������������������������������������                [0m| 515/1000 [00:45<00:42,11.46 samples/s][0m
Running calibration:  52%|[33m������������������������������������                [0m| 517/1000 [00:46<00:41,11.59 samples/s][0m
Running calibration:  52%|[33m������������������������������������                [0m| 519/1000 [00:46<00:41,11.56 samples/s][0m
Running calibration:  52%|[33m������������������������������������                [0m| 521/1000 [00:46<00:42,11.31 samples/s][0m
Running calibration:  52%|[33m������������������������������������                [0m| 523/1000 [00:46<00:41,11.47 samples/s][0m
Running calibration:  52%|[33m������������������������������������                [0m| 525/1000 [00:46<00:41,11.35 samples/s][0m
Running calibration:  53%|[33m������������������������������������                [0m| 527/1000 [00:46<00:41,11.31 samples/s][0m
Running calibration:  53%|[33m������������������������������������                [0m| 529/1000 [00:47<00:41,11.40 samples/s][0m
Running calibration:  53%|[33m������������������������������������                [0m| 531/1000 [00:47<00:41,11.44 samples/s][0m
Running calibration:  53%|[33m������������������������������������                [0m| 533/1000 [00:47<00:40,11.59 samples/s][0m
Running calibration:  54%|[33m��������������������������������������               [0m| 535/1000 [00:47<00:40,11.55 samples/s][0m
Running calibration:  54%|[33m��������������������������������������               [0m| 537/1000 [00:47<00:40,11.51 samples/s][0m
Running calibration:  54%|[33m��������������������������������������               [0m| 539/1000 [00:47<00:40,11.25 samples/s][0m
Running calibration:  54%|[33m��������������������������������������               [0m| 541/1000 [00:48<00:40,11.30 samples/s][0m
Running calibration:  54%|[33m��������������������������������������               [0m| 543/1000 [00:48<00:40,11.20 samples/s][0m
Running calibration:  55%|[33m��������������������������������������               [0m| 545/1000 [00:48<00:40,11.12 samples/s][0m
Running calibration:  55%|[33m��������������������������������������               [0m| 547/1000 [00:48<00:40,11.15 samples/s][0m
Running calibration:  55%|[33m��������������������������������������               [0m| 549/1000 [00:48<00:40,11.10 samples/s][0m
Running calibration:  55%|[33m��������������������������������������               [0m| 551/1000 [00:49<00:40,11.16 samples/s][0m
Running calibration:  55%|[33m��������������������������������������               [0m| 553/1000 [00:49<00:39,11.38 samples/s][0m
Running calibration:  56%|[33m��������������������������������������               [0m| 555/1000 [00:49<00:38,11.43 samples/s][0m
Running calibration:  56%|[33m��������������������������������������               [0m| 557/1000 [00:49<00:38,11.56 samples/s][0m
Running calibration:  56%|[33m��������������������������������������               [0m| 559/1000 [00:49<00:38,11.34 samples/s][0m
Running calibration:  56%|[33m��������������������������������������               [0m| 561/1000 [00:49<00:38,11.48 samples/s][0m
Running calibration:  56%|[33m����������������������������������������              [0m| 563/1000 [00:50<00:37,11.55 samples/s][0m
Running calibration:  56%|[33m����������������������������������������              [0m| 565/1000 [00:50<00:37,11.61 samples/s][0m
Running calibration:  57%|[33m����������������������������������������              [0m| 567/1000 [00:50<00:37,11.62 samples/s][0m
Running calibration:  57%|[33m����������������������������������������              [0m| 569/1000 [00:50<00:37,11.61 samples/s][0m
Running calibration:  57%|[33m����������������������������������������              [0m| 571/1000 [00:50<00:38,11.25 samples/s][0m
Running calibration:  57%|[33m����������������������������������������              [0m| 573/1000 [00:50<00:37,11.37 samples/s][0m
Running calibration:  57%|[33m����������������������������������������              [0m| 575/1000 [00:51<00:36,11.49 samples/s][0m
Running calibration:  58%|[33m����������������������������������������              [0m| 577/1000 [00:51<00:36,11.54 samples/s][0m
Running calibration:  58%|[33m����������������������������������������              [0m| 579/1000 [00:51<00:36,11.56 samples/s][0m
Running calibration:  58%|[33m����������������������������������������              [0m| 581/1000 [00:51<00:37,11.22 samples/s][0m
Running calibration:  58%|[33m����������������������������������������              [0m| 583/1000 [00:51<00:38,10.80 samples/s][0m
Running calibration:  58%|[33m����������������������������������������              [0m| 585/1000 [00:52<00:39,10.59 samples/s][0m
Running calibration:  59%|[33m����������������������������������������              [0m| 587/1000 [00:52<00:37,10.92 samples/s][0m
Running calibration:  59%|[33m����������������������������������������              [0m| 589/1000 [00:52<00:36,11.18 samples/s][0m
Running calibration:  59%|[33m����������������������������������������              [0m| 591/1000 [00:52<00:35,11.37 samples/s][0m
Running calibration:  59%|[33m������������������������������������������             [0m| 593/1000 [00:52<00:35,11.48 samples/s][0m
Running calibration:  60%|[33m������������������������������������������             [0m| 595/1000 [00:52<00:35,11.37 samples/s][0m
Running calibration:  60%|[33m������������������������������������������             [0m| 597/1000 [00:53<00:36,11.14 samples/s][0m
Running calibration:  60%|[33m������������������������������������������             [0m| 599/1000 [00:53<00:35,11.20 samples/s][0m
Running calibration:  60%|[33m������������������������������������������             [0m| 601/1000 [00:53<00:36,11.01 samples/s][0m
Running calibration:  60%|[33m������������������������������������������             [0m| 603/1000 [00:53<00:35,11.16 samples/s][0m
Running calibration:  60%|[33m������������������������������������������             [0m| 605/1000 [00:53<00:35,11.27 samples/s][0m
Running calibration:  61%|[33m������������������������������������������             [0m| 607/1000 [00:53<00:35,11.09 samples/s][0m
Running calibration:  61%|[33m������������������������������������������             [0m| 609/1000 [00:54<00:34,11.22 samples/s][0m
Running calibration:  61%|[33m������������������������������������������             [0m| 611/1000 [00:54<00:34,11.37 samples/s][0m
Running calibration:  61%|[33m������������������������������������������             [0m| 613/1000 [00:54<00:33,11.46 samples/s][0m
Running calibration:  62%|[33m������������������������������������������             [0m| 615/1000 [00:54<00:33,11.37 samples/s][0m
Running calibration:  62%|[33m������������������������������������������             [0m| 617/1000 [00:54<00:34,11.23 samples/s][0m
Running calibration:  62%|[33m������������������������������������������             [0m| 619/1000 [00:55<00:33,11.28 samples/s][0m
Running calibration:  62%|[33m������������������������������������������             [0m| 621/1000 [00:55<00:33,11.19 samples/s][0m
Running calibration:  62%|[33m��������������������������������������������            [0m| 623/1000 [00:55<00:33,11.23 samples/s][0m
Running calibration:  62%|[33m��������������������������������������������            [0m| 625/1000 [00:55<00:33,11.21 samples/s][0m
Running calibration:  63%|[33m��������������������������������������������            [0m| 627/1000 [00:55<00:33,11.08 samples/s][0m
Running calibration:  63%|[33m��������������������������������������������            [0m| 629/1000 [00:55<00:33,11.18 samples/s][0m
Running calibration:  63%|[33m��������������������������������������������            [0m| 631/1000 [00:56<00:32,11.32 samples/s][0m
Running calibration:  63%|[33m��������������������������������������������            [0m| 633/1000 [00:56<00:32,11.40 samples/s][0m
Running calibration:  64%|[33m��������������������������������������������            [0m| 635/1000 [00:56<00:31,11.51 samples/s][0m
Running calibration:  64%|[33m��������������������������������������������            [0m| 637/1000 [00:56<00:31,11.59 samples/s][0m
Running calibration:  64%|[33m��������������������������������������������            [0m| 639/1000 [00:56<00:31,11.40 samples/s][0m
Running calibration:  64%|[33m��������������������������������������������            [0m| 641/1000 [00:56<00:31,11.53 samples/s][0m
Running calibration:  64%|[33m��������������������������������������������            [0m| 643/1000 [00:57<00:30,11.53 samples/s][0m
Running calibration:  64%|[33m��������������������������������������������            [0m| 645/1000 [00:57<00:30,11.61 samples/s][0m
Running calibration:  65%|[33m��������������������������������������������            [0m| 647/1000 [00:57<00:30,11.40 samples/s][0m
Running calibration:  65%|[33m��������������������������������������������            [0m| 649/1000 [00:57<00:30,11.50 samples/s][0m
Running calibration:  65%|[33m����������������������������������������������           [0m| 651/1000 [00:57<00:30,11.58 samples/s][0m
Running calibration:  65%|[33m����������������������������������������������           [0m| 653/1000 [00:58<00:30,11.36 samples/s][0m
Running calibration:  66%|[33m����������������������������������������������           [0m| 655/1000 [00:58<00:29,11.51 samples/s][0m
Running calibration:  66%|[33m����������������������������������������������           [0m| 657/1000 [00:58<00:30,11.34 samples/s][0m
Running calibration:  66%|[33m����������������������������������������������           [0m| 659/1000 [00:58<00:29,11.42 samples/s][0m
Running calibration:  66%|[33m����������������������������������������������           [0m| 661/1000 [00:58<00:29,11.46 samples/s][0m
Running calibration:  66%|[33m����������������������������������������������           [0m| 663/1000 [00:58<00:29,11.33 samples/s][0m
Running calibration:  66%|[33m����������������������������������������������           [0m| 665/1000 [00:59<00:29,11.29 samples/s][0m
Running calibration:  67%|[33m����������������������������������������������           [0m| 667/1000 [00:59<00:28,11.49 samples/s][0m
Running calibration:  67%|[33m����������������������������������������������           [0m| 669/1000 [00:59<00:28,11.55 samples/s][0m
Running calibration:  67%|[33m����������������������������������������������           [0m| 671/1000 [00:59<00:28,11.57 samples/s][0m
Running calibration:  67%|[33m����������������������������������������������           [0m| 673/1000 [00:59<00:29,11.20 samples/s][0m
Running calibration:  68%|[33m����������������������������������������������           [0m| 675/1000 [00:59<00:28,11.37 samples/s][0m
Running calibration:  68%|[33m����������������������������������������������           [0m| 677/1000 [01:00<00:28,11.47 samples/s][0m
Running calibration:  68%|[33m����������������������������������������������           [0m| 679/1000 [01:00<00:27,11.53 samples/s][0m
Running calibration:  68%|[33m������������������������������������������������          [0m| 681/1000 [01:00<00:27,11.59 samples/s][0m
Running calibration:  68%|[33m������������������������������������������������          [0m| 683/1000 [01:00<00:27,11.40 samples/s][0m
Running calibration:  68%|[33m������������������������������������������������          [0m| 685/1000 [01:00<00:27,11.51 samples/s][0m
Running calibration:  69%|[33m������������������������������������������������          [0m| 687/1000 [01:00<00:27,11.58 samples/s][0m
Running calibration:  69%|[33m������������������������������������������������          [0m| 689/1000 [01:01<00:26,11.64 samples/s][0m
Running calibration:  69%|[33m������������������������������������������������          [0m| 691/1000 [01:01<00:27,11.33 samples/s][0m
Running calibration:  69%|[33m������������������������������������������������          [0m| 693/1000 [01:01<00:27,11.34 samples/s][0m
Running calibration:  70%|[33m������������������������������������������������          [0m| 695/1000 [01:01<00:27,11.22 samples/s][0m
Running calibration:  70%|[33m������������������������������������������������          [0m| 697/1000 [01:01<00:27,11.04 samples/s][0m
Running calibration:  70%|[33m������������������������������������������������          [0m| 699/1000 [01:02<00:27,11.07 samples/s][0m
Running calibration:  70%|[33m������������������������������������������������          [0m| 701/1000 [01:02<00:26,11.27 samples/s][0m
Running calibration:  70%|[33m������������������������������������������������          [0m| 703/1000 [01:02<00:26,11.35 samples/s][0m
Running calibration:  70%|[33m������������������������������������������������          [0m| 705/1000 [01:02<00:25,11.47 samples/s][0m
Running calibration:  71%|[33m������������������������������������������������          [0m| 707/1000 [01:02<00:25,11.60 samples/s][0m
Running calibration:  71%|[33m������������������������������������������������          [0m| 709/1000 [01:02<00:25,11.48 samples/s][0m
Running calibration:  71%|[33m��������������������������������������������������         [0m| 711/1000 [01:03<00:25,11.45 samples/s][0m
Running calibration:  71%|[33m��������������������������������������������������         [0m| 713/1000 [01:03<00:25,11.29 samples/s][0m
Running calibration:  72%|[33m��������������������������������������������������         [0m| 715/1000 [01:03<00:25,11.18 samples/s][0m
Running calibration:  72%|[33m��������������������������������������������������         [0m| 717/1000 [01:03<00:24,11.35 samples/s][0m
Running calibration:  72%|[33m��������������������������������������������������         [0m| 719/1000 [01:03<00:24,11.45 samples/s][0m
Running calibration:  72%|[33m��������������������������������������������������         [0m| 721/1000 [01:03<00:24,11.29 samples/s][0m
Running calibration:  72%|[33m��������������������������������������������������         [0m| 723/1000 [01:04<00:24,11.15 samples/s][0m
Running calibration:  72%|[33m��������������������������������������������������         [0m| 725/1000 [01:04<00:24,11.19 samples/s][0m
Running calibration:  73%|[33m��������������������������������������������������         [0m| 727/1000 [01:04<00:24,11.36 samples/s][0m
Running calibration:  73%|[33m��������������������������������������������������         [0m| 729/1000 [01:04<00:24,11.29 samples/s][0m
Running calibration:  73%|[33m��������������������������������������������������         [0m| 731/1000 [01:04<00:23,11.43 samples/s][0m
Running calibration:  73%|[33m��������������������������������������������������         [0m| 733/1000 [01:05<00:23,11.43 samples/s][0m
Running calibration:  74%|[33m��������������������������������������������������         [0m| 735/1000 [01:05<00:23,11.42 samples/s][0m
Running calibration:  74%|[33m��������������������������������������������������         [0m| 737/1000 [01:05<00:22,11.49 samples/s][0m
Running calibration:  74%|[33m����������������������������������������������������        [0m| 739/1000 [01:05<00:22,11.56 samples/s][0m
Running calibration:  74%|[33m����������������������������������������������������        [0m| 741/1000 [01:05<00:22,11.29 samples/s][0m
Running calibration:  74%|[33m����������������������������������������������������        [0m| 743/1000 [01:05<00:22,11.46 samples/s][0m
Running calibration:  74%|[33m����������������������������������������������������        [0m| 745/1000 [01:06<00:22,11.36 samples/s][0m
Running calibration:  75%|[33m����������������������������������������������������        [0m| 747/1000 [01:06<00:22,11.47 samples/s][0m
Running calibration:  75%|[33m����������������������������������������������������        [0m| 749/1000 [01:06<00:22,11.32 samples/s][0m
Running calibration:  75%|[33m����������������������������������������������������        [0m| 751/1000 [01:06<00:21,11.38 samples/s][0m
Running calibration:  75%|[33m����������������������������������������������������        [0m| 753/1000 [01:06<00:21,11.36 samples/s][0m
Running calibration:  76%|[33m����������������������������������������������������        [0m| 755/1000 [01:06<00:21,11.28 samples/s][0m
Running calibration:  76%|[33m����������������������������������������������������        [0m| 757/1000 [01:07<00:21,11.33 samples/s][0m
Running calibration:  76%|[33m����������������������������������������������������        [0m| 759/1000 [01:07<00:21,11.14 samples/s][0m
Running calibration:  76%|[33m����������������������������������������������������        [0m| 761/1000 [01:07<00:21,11.22 samples/s][0m
Running calibration:  76%|[33m����������������������������������������������������        [0m| 763/1000 [01:07<00:22,10.77 samples/s][0m
Running calibration:  76%|[33m����������������������������������������������������        [0m| 765/1000 [01:07<00:22,10.58 samples/s][0m
Running calibration:  77%|[33m����������������������������������������������������        [0m| 767/1000 [01:08<00:22,10.59 samples/s][0m
Running calibration:  77%|[33m������������������������������������������������������       [0m| 769/1000 [01:08<00:21,10.63 samples/s][0m
Running calibration:  77%|[33m������������������������������������������������������       [0m| 771/1000 [01:08<00:20,10.92 samples/s][0m
Running calibration:  77%|[33m������������������������������������������������������       [0m| 773/1000 [01:08<00:20,10.94 samples/s][0m
Running calibration:  78%|[33m������������������������������������������������������       [0m| 775/1000 [01:08<00:20,11.04 samples/s][0m
Running calibration:  78%|[33m������������������������������������������������������       [0m| 777/1000 [01:08<00:20,11.11 samples/s][0m
Running calibration:  78%|[33m������������������������������������������������������       [0m| 779/1000 [01:09<00:19,11.17 samples/s][0m
Running calibration:  78%|[33m������������������������������������������������������       [0m| 781/1000 [01:09<00:19,11.27 samples/s][0m
Running calibration:  78%|[33m������������������������������������������������������       [0m| 783/1000 [01:09<00:19,11.35 samples/s][0m
Running calibration:  78%|[33m������������������������������������������������������       [0m| 785/1000 [01:09<00:18,11.51 samples/s][0m
Running calibration:  79%|[33m������������������������������������������������������       [0m| 787/1000 [01:09<00:18,11.50 samples/s][0m
Running calibration:  79%|[33m������������������������������������������������������       [0m| 789/1000 [01:10<00:18,11.29 samples/s][0m
Running calibration:  79%|[33m������������������������������������������������������       [0m| 791/1000 [01:10<00:18,11.37 samples/s][0m
Running calibration:  79%|[33m������������������������������������������������������       [0m| 793/1000 [01:10<00:18,11.38 samples/s][0m
Running calibration:  80%|[33m������������������������������������������������������       [0m| 795/1000 [01:10<00:17,11.50 samples/s][0m
Running calibration:  80%|[33m������������������������������������������������������       [0m| 797/1000 [01:10<00:17,11.59 samples/s][0m
Running calibration:  80%|[33m��������������������������������������������������������      [0m| 799/1000 [01:10<00:17,11.39 samples/s][0m
Running calibration:  80%|[33m��������������������������������������������������������      [0m| 801/1000 [01:11<00:17,11.37 samples/s][0m
Running calibration:  80%|[33m��������������������������������������������������������      [0m| 803/1000 [01:11<00:17,11.30 samples/s][0m
Running calibration:  80%|[33m��������������������������������������������������������      [0m| 805/1000 [01:11<00:17,11.37 samples/s][0m
Running calibration:  81%|[33m��������������������������������������������������������      [0m| 807/1000 [01:11<00:16,11.49 samples/s][0m
Running calibration:  81%|[33m��������������������������������������������������������      [0m| 809/1000 [01:11<00:16,11.48 samples/s][0m
Running calibration:  81%|[33m��������������������������������������������������������      [0m| 811/1000 [01:11<00:16,11.58 samples/s][0m
Running calibration:  81%|[33m��������������������������������������������������������      [0m| 813/1000 [01:12<00:16,11.61 samples/s][0m
Running calibration:  82%|[33m��������������������������������������������������������      [0m| 815/1000 [01:12<00:16,11.39 samples/s][0m
Running calibration:  82%|[33m��������������������������������������������������������      [0m| 817/1000 [01:12<00:16,11.34 samples/s][0m
Running calibration:  82%|[33m��������������������������������������������������������      [0m| 819/1000 [01:12<00:15,11.37 samples/s][0m
Running calibration:  82%|[33m��������������������������������������������������������      [0m| 821/1000 [01:12<00:15,11.24 samples/s][0m
Running calibration:  82%|[33m��������������������������������������������������������      [0m| 823/1000 [01:13<00:15,11.31 samples/s][0m
Running calibration:  82%|[33m��������������������������������������������������������      [0m| 825/1000 [01:13<00:15,11.26 samples/s][0m
Running calibration:  83%|[33m��������������������������������������������������������      [0m| 827/1000 [01:13<00:15,11.11 samples/s][0m
Running calibration:  83%|[33m����������������������������������������������������������     [0m| 829/1000 [01:13<00:15,11.29 samples/s][0m
Running calibration:  83%|[33m����������������������������������������������������������     [0m| 831/1000 [01:13<00:14,11.37 samples/s][0m
Running calibration:  83%|[33m����������������������������������������������������������     [0m| 833/1000 [01:13<00:14,11.51 samples/s][0m
Running calibration:  84%|[33m����������������������������������������������������������     [0m| 835/1000 [01:14<00:14,11.47 samples/s][0m
Running calibration:  84%|[33m����������������������������������������������������������     [0m| 837/1000 [01:14<00:14,11.41 samples/s][0m
Running calibration:  84%|[33m����������������������������������������������������������     [0m| 839/1000 [01:14<00:14,11.45 samples/s][0m
Running calibration:  84%|[33m����������������������������������������������������������     [0m| 841/1000 [01:14<00:13,11.48 samples/s][0m
Running calibration:  84%|[33m����������������������������������������������������������     [0m| 843/1000 [01:14<00:13,11.55 samples/s][0m
Running calibration:  84%|[33m����������������������������������������������������������     [0m| 845/1000 [01:14<00:13,11.67 samples/s][0m
Running calibration:  85%|[33m����������������������������������������������������������     [0m| 847/1000 [01:15<00:13,11.48 samples/s][0m
Running calibration:  85%|[33m����������������������������������������������������������     [0m| 849/1000 [01:15<00:13,11.30 samples/s][0m
Running calibration:  85%|[33m����������������������������������������������������������     [0m| 851/1000 [01:15<00:13,11.24 samples/s][0m
Running calibration:  85%|[33m����������������������������������������������������������     [0m| 853/1000 [01:15<00:12,11.42 samples/s][0m
Running calibration:  86%|[33m����������������������������������������������������������     [0m| 855/1000 [01:15<00:12,11.44 samples/s][0m
Running calibration:  86%|[33m������������������������������������������������������������    [0m| 857/1000 [01:15<00:12,11.54 samples/s][0m
Running calibration:  86%|[33m������������������������������������������������������������    [0m| 859/1000 [01:16<00:12,11.60 samples/s][0m
Running calibration:  86%|[33m������������������������������������������������������������    [0m| 861/1000 [01:16<00:12,11.32 samples/s][0m
Running calibration:  86%|[33m������������������������������������������������������������    [0m| 863/1000 [01:16<00:11,11.47 samples/s][0m
Running calibration:  86%|[33m������������������������������������������������������������    [0m| 865/1000 [01:16<00:11,11.44 samples/s][0m
Running calibration:  87%|[33m������������������������������������������������������������    [0m| 867/1000 [01:16<00:11,11.54 samples/s][0m
Running calibration:  87%|[33m������������������������������������������������������������    [0m| 869/1000 [01:17<00:11,11.66 samples/s][0m
Running calibration:  87%|[33m������������������������������������������������������������    [0m| 871/1000 [01:17<00:10,11.75 samples/s][0m
Running calibration:  87%|[33m������������������������������������������������������������    [0m| 873/1000 [01:17<00:10,11.58 samples/s][0m
Running calibration:  88%|[33m������������������������������������������������������������    [0m| 875/1000 [01:17<00:11,11.27 samples/s][0m
Running calibration:  88%|[33m������������������������������������������������������������    [0m| 877/1000 [01:17<00:11,11.03 samples/s][0m
Running calibration:  88%|[33m������������������������������������������������������������    [0m| 879/1000 [01:17<00:11,10.98 samples/s][0m
Running calibration:  88%|[33m������������������������������������������������������������    [0m| 881/1000 [01:18<00:10,11.23 samples/s][0m
Running calibration:  88%|[33m������������������������������������������������������������    [0m| 883/1000 [01:18<00:10,11.36 samples/s][0m
Running calibration:  88%|[33m������������������������������������������������������������    [0m| 885/1000 [01:18<00:10,11.27 samples/s][0m
Running calibration:  89%|[33m��������������������������������������������������������������   [0m| 887/1000 [01:18<00:09,11.40 samples/s][0m
Running calibration:  89%|[33m��������������������������������������������������������������   [0m| 889/1000 [01:18<00:09,11.53 samples/s][0m
Running calibration:  89%|[33m��������������������������������������������������������������   [0m| 891/1000 [01:18<00:09,11.57 samples/s][0m
Running calibration:  89%|[33m��������������������������������������������������������������   [0m| 893/1000 [01:19<00:09,11.49 samples/s][0m
Running calibration:  90%|[33m��������������������������������������������������������������   [0m| 895/1000 [01:19<00:09,11.38 samples/s][0m
Running calibration:  90%|[33m��������������������������������������������������������������   [0m| 897/1000 [01:19<00:08,11.49 samples/s][0m
Running calibration:  90%|[33m��������������������������������������������������������������   [0m| 899/1000 [01:19<00:08,11.42 samples/s][0m
Running calibration:  90%|[33m��������������������������������������������������������������   [0m| 901/1000 [01:19<00:08,11.25 samples/s][0m
Running calibration:  90%|[33m��������������������������������������������������������������   [0m| 903/1000 [01:20<00:08,11.33 samples/s][0m
Running calibration:  90%|[33m��������������������������������������������������������������   [0m| 905/1000 [01:20<00:08,11.23 samples/s][0m
Running calibration:  91%|[33m��������������������������������������������������������������   [0m| 907/1000 [01:20<00:08,11.25 samples/s][0m
Running calibration:  91%|[33m��������������������������������������������������������������   [0m| 909/1000 [01:20<00:07,11.40 samples/s][0m
Running calibration:  91%|[33m��������������������������������������������������������������   [0m| 911/1000 [01:20<00:07,11.52 samples/s][0m
Running calibration:  91%|[33m��������������������������������������������������������������   [0m| 913/1000 [01:20<00:07,11.48 samples/s][0m
Running calibration:  92%|[33m��������������������������������������������������������������   [0m| 915/1000 [01:21<00:07,11.60 samples/s][0m
Running calibration:  92%|[33m����������������������������������������������������������������  [0m| 917/1000 [01:21<00:07,11.66 samples/s][0m
Running calibration:  92%|[33m����������������������������������������������������������������  [0m| 919/1000 [01:21<00:07,11.33 samples/s][0m
Running calibration:  92%|[33m����������������������������������������������������������������  [0m| 921/1000 [01:21<00:06,11.42 samples/s][0m
Running calibration:  92%|[33m����������������������������������������������������������������  [0m| 923/1000 [01:21<00:06,11.54 samples/s][0m
Running calibration:  92%|[33m����������������������������������������������������������������  [0m| 925/1000 [01:21<00:06,11.36 samples/s][0m
Running calibration:  93%|[33m����������������������������������������������������������������  [0m| 927/1000 [01:22<00:06,11.23 samples/s][0m
Running calibration:  93%|[33m����������������������������������������������������������������  [0m| 929/1000 [01:22<00:06,11.41 samples/s][0m
Running calibration:  93%|[33m����������������������������������������������������������������  [0m| 931/1000 [01:22<00:06,11.28 samples/s][0m
Running calibration:  93%|[33m����������������������������������������������������������������  [0m| 933/1000 [01:22<00:05,11.24 samples/s][0m
Running calibration:  94%|[33m����������������������������������������������������������������  [0m| 935/1000 [01:22<00:05,11.29 samples/s][0m
Running calibration:  94%|[33m����������������������������������������������������������������  [0m| 937/1000 [01:23<00:05,11.26 samples/s][0m
Running calibration:  94%|[33m����������������������������������������������������������������  [0m| 939/1000 [01:23<00:05,11.46 samples/s][0m
Running calibration:  94%|[33m����������������������������������������������������������������  [0m| 941/1000 [01:23<00:05,11.53 samples/s][0m
Running calibration:  94%|[33m����������������������������������������������������������������  [0m| 943/1000 [01:23<00:05,11.17 samples/s][0m
Running calibration:  94%|[33m������������������������������������������������������������������ [0m| 945/1000 [01:23<00:05,10.91 samples/s][0m
Running calibration:  95%|[33m������������������������������������������������������������������ [0m| 947/1000 [01:23<00:04,10.71 samples/s][0m
Running calibration:  95%|[33m������������������������������������������������������������������ [0m| 949/1000 [01:24<00:04,10.97 samples/s][0m
Running calibration:  95%|[33m������������������������������������������������������������������ [0m| 951/1000 [01:24<00:04,10.89 samples/s][0m
Running calibration:  95%|[33m������������������������������������������������������������������ [0m| 953/1000 [01:24<00:04,11.10 samples/s][0m
Running calibration:  96%|[33m������������������������������������������������������������������ [0m| 955/1000 [01:24<00:03,11.25 samples/s][0m
Running calibration:  96%|[33m������������������������������������������������������������������ [0m| 957/1000 [01:24<00:03,11.44 samples/s][0m
Running calibration:  96%|[33m������������������������������������������������������������������ [0m| 959/1000 [01:24<00:03,11.57 samples/s][0m
Running calibration:  96%|[33m������������������������������������������������������������������ [0m| 961/1000 [01:25<00:03,11.43 samples/s][0m
Running calibration:  96%|[33m������������������������������������������������������������������ [0m| 963/1000 [01:25<00:03,11.41 samples/s][0m
Running calibration:  96%|[33m������������������������������������������������������������������ [0m| 965/1000 [01:25<00:03,11.49 samples/s][0m
Running calibration:  97%|[33m������������������������������������������������������������������ [0m| 967/1000 [01:25<00:02,11.48 samples/s][0m
Running calibration:  97%|[33m������������������������������������������������������������������ [0m| 969/1000 [01:25<00:02,11.59 samples/s][0m
Running calibration:  97%|[33m������������������������������������������������������������������ [0m| 971/1000 [01:26<00:02,11.60 samples/s][0m
Running calibration:  97%|[33m������������������������������������������������������������������ [0m| 973/1000 [01:26<00:02,11.57 samples/s][0m
Running calibration:  98%|[33m��������������������������������������������������������������������[0m| 975/1000 [01:26<00:02,11.47 samples/s][0m
Running calibration:  98%|[33m��������������������������������������������������������������������[0m| 977/1000 [01:26<00:02,11.29 samples/s][0m
Running calibration:  98%|[33m��������������������������������������������������������������������[0m| 979/1000 [01:26<00:01,11.23 samples/s][0m
Running calibration:  98%|[33m��������������������������������������������������������������������[0m| 981/1000 [01:26<00:01,11.07 samples/s][0m
Running calibration:  98%|[33m��������������������������������������������������������������������[0m| 983/1000 [01:27<00:01,10.94 samples/s][0m
Running calibration:  98%|[33m��������������������������������������������������������������������[0m| 985/1000 [01:27<00:01,10.89 samples/s][0m
Running calibration:  99%|[33m��������������������������������������������������������������������[0m| 987/1000 [01:27<00:01,10.75 samples/s][0m
Running calibration:  99%|[33m��������������������������������������������������������������������[0m| 989/1000 [01:27<00:00,11.04 samples/s][0m
Running calibration:  99%|[33m��������������������������������������������������������������������[0m| 991/1000 [01:27<00:00,10.97 samples/s][0m
Running calibration:  99%|[33m��������������������������������������������������������������������[0m| 993/1000 [01:28<00:00,11.13 samples/s][0m
Running calibration: 100%|[33m��������������������������������������������������������������������[0m| 995/1000 [01:28<00:00,11.31 samples/s][0m
Running calibration: 100%|[33m��������������������������������������������������������������������[0m| 997/1000 [01:28<00:00,11.29 samples/s][0m
Running calibration: 100%|[33m��������������������������������������������������������������������[0m| 999/1000 [01:28<00:00,11.29 samples/s][0m
Running calibration: 100%|[33m������������������������������������������������������������������[0m| 1000/1000 [01:28<00:00,11.28 samples/s][0m
[2026-07-11 19:48:40.408] [info]  + At Concat _backbone_stage2_stage2_0_Concat_output_0_70249, fused 2/2 input domains
[2026-07-11 19:48:40.408] [info]  + At Concat _backbone_stage2_stage2_1_Concat_output_0_70257, fused 2/2 input domains
[2026-07-11 19:48:40.408] [info]  + At Concat _backbone_stage2_stage2_2_Concat_output_0_70265, fused 2/2 input domains
[2026-07-11 19:48:40.408] [info]  + At Concat _backbone_stage2_stage2_3_Concat_output_0_70273, fused 2/2 input domains
[2026-07-11 19:48:40.408] [info]  + At Concat _backbone_stage3_stage3_0_Concat_output_0_70282, fused 2/2 input domains
[2026-07-11 19:48:40.408] [info]  + At Concat _backbone_stage3_stage3_1_Concat_output_0_70290, fused 2/2 input domains
[2026-07-11 19:48:40.408] [info]  + At Concat _backbone_stage3_stage3_2_Concat_output_0_70298, fused 2/2 input domains
[2026-07-11 19:48:40.408] [info]  + At Concat _backbone_stage3_stage3_3_Concat_output_0_70306, fused 2/2 input domains
[2026-07-11 19:48:40.408] [info]  + At Concat _backbone_stage3_stage3_4_Concat_output_0_70314, fused 2/2 input domains
[2026-07-11 19:48:40.409] [info]  + At Concat _backbone_stage3_stage3_5_Concat_output_0_70322, fused 2/2 input domains
[2026-07-11 19:48:40.409] [info]  + At Concat _backbone_stage3_stage3_6_Concat_output_0_70330, fused 2/2 input domains
[2026-07-11 19:48:40.409] [info]  + At Concat _backbone_stage3_stage3_7_Concat_output_0_70338, fused 2/2 input domains
[2026-07-11 19:48:40.409] [info]  + At Concat _backbone_stage4_stage4_0_Concat_output_0_70347, fused 2/2 input domains
[2026-07-11 19:48:40.409] [info]  + At Concat _backbone_stage4_stage4_1_Concat_output_0_70355, fused 2/2 input domains
[2026-07-11 19:48:40.409] [info]  + At Concat _backbone_stage4_stage4_2_Concat_output_0_70363, fused 2/2 input domains
[2026-07-11 19:48:40.409] [info]  + At Concat _backbone_stage4_stage4_3_Concat_output_0_70371, fused 2/2 input domains
[2026-07-11 19:48:40.409] [info]  + At Concat _fpn_Concat_output_0_70382, fused 2/2 input domains
[2026-07-11 19:48:40.808] [info] All recipes applied successfully
[2026-07-11 19:48:40.808] [info] All nodes checked and transformed
2026-07-11 19:48:40,940 [INFO] (quantize_model.py #495, main): SUCCESS, saved at D:\Lab\Lab_MCU\Renesas_RA\RenesasCup_EK_RA8P1\CameraTestProject\e2studio\conversion_results\quantized\model.mera
Model param post-quantization report:
  Original size:    937.7KB (234.4K params)
  Transformed size: 248.3KB (235.0K params)
  Not transformed size: 0.0B (0.0)
  Transform ratio: 3.78
╒═════════════════════════════╤═════════════╤═══════════════╕
│ Node Class                  │ # Float32   │ # Int8        │
╞═════════════════════════════╪═════════════╪═══════════════╡
│ TFLiteQConv2dBias           │ 0           │ 67 (246.1KB)  │
│ TFLiteTranspose             │ 0           │ 55 (880.0B)   │
│ TFLiteRelu                  │ 0           │ 42            │
│ TFLiteMaxPool               │ 0           │ 1             │
│ TFLiteConcatenate           │ 0           │ 17            │
│ TFLiteStridedSlice          │ 0           │ 26 (1.2KB)    │
│ TFLiteResizeNearestNeighbor │ 0           │ 1 (8.0B)      │
│ Var                         │ 1           │ 0             │
│ TOTAL                       │ 1 (0.0B)    │ 209 (248.3KB) │
╘═════════════════════════════╧═════════════╧═══════════════╛
[INFO] Success to execute the command
